Phase;Site id;Municipality;Site name;Collection;Main number;Subnumber;p;i;z;m1;m2;m3;n1;n2;n3;n4;p1;p2;r1;r2;Category;Type;Subtype;Subtype (Finnish);Integrity;Length (mm);Width (mm);Thickness (mm);Fragment length (mm);Fragment width (mm);Fragment thickness (mm);Mon1;Mon2;Mon3;Mon4;Mon5;Mon6;Other notes (Finnish)
BA;297010010;Kuopio;Kuusikkolahdenniemi;KHMESIE;6154;;6982320;3541460;85;FALSE;FALSE;FALSE;FALSE;FALSE;FALSE;FALSE;FALSE;TRUE;FALSE;FALSE;Bronze artefacts;Other bronze artefact;Melted bronze;Pala sulanutta pronssia;FALSE;18;5;5;;;;FALSE;FALSE;FALSE;FALSE;FALSE;FALSE;--pronssi--pituus: 18,0 mm, leveys: 5,0 mm
BA;297010010;Kuopio;Kuusikkolahdenniemi;KHMESIE;6154;;6982320;3541460;85;FALSE;FALSE;FALSE;FALSE;FALSE;FALSE;FALSE;FALSE;TRUE;FALSE;FALSE;Bronze artefacts;Bronze hygiene accessory;Bronze razor;Partaveitsi, karkeatekoinen;TRUE;81;21;1;0;0;0;FALSE;FALSE;FALSE;FALSE;FALSE;FALSE;Esine leikattu 1 mm paksuisesta pronssilevyst„. --pronssi--pituus: 89,0 mm, leveys, suurin: 21,0 mm, paksuus: 0,5 mm
BA;297010010;Kuopio;Kuusikkolahdenniemi;KHMESIE;6154;;6982320;3541460;85;FALSE;FALSE;FALSE;FALSE;FALSE;FALSE;FALSE;FALSE;TRUE;FALSE;FALSE;Bronze artefacts;Bronze button;Bronze double button;Kaksoisnappi;FALSE;0;0;0;17;17;9;FALSE;FALSE;FALSE;FALSE;FALSE;FALSE;--pronssi--
BA;1000005674;Helsinki;Tapaninkyl„;KM;72;1;6684987;3388664;;FALSE;FALSE;FALSE;FALSE;FALSE;FALSE;FALSE;TRUE;FALSE;FALSE;FALSE;Bronze artefacts;Bronze axe;Palstave;Olkakirves;TRUE;;52;23;;;;FALSE;TRUE;FALSE;FALSE;FALSE;FALSE;Kirveet l„hes identtiset
BA;1000005674;Helsinki;Tapaninkyl„;KM;72;1;6684987;3388664;;FALSE;FALSE;FALSE;FALSE;FALSE;FALSE;FALSE;TRUE;FALSE;FALSE;FALSE;Bronze artefacts;Bronze axe;Palstave;Olkakirves;TRUE;;49;25;;;;FALSE;TRUE;FALSE;FALSE;FALSE;FALSE;Kirveet l„hes identtiset
BA;257010026;Kirkkonummi;Kasaberget;KM;81;;6665758;3354429;45;FALSE;FALSE;FALSE;FALSE;FALSE;FALSE;FALSE;TRUE;FALSE;FALSE;FALSE;Bronze artefacts;Bronze sword;Scandinavian flange-hilted sword;Kieliruotomiekka, skandinaavinen;FALSE;;;;338;47;6;FALSE;FALSE;TRUE;FALSE;FALSE;FALSE;Katkennut kahvasta. Ter„n leveys 30 mm
BA;399010042;Laihia;Alatalo/J„tinhaudanmaa;KM;703;;6986858;3244395;35;FALSE;FALSE;FALSE;FALSE;FALSE;FALSE;FALSE;TRUE;FALSE;FALSE;FALSE;Bronze artefacts;Bronze hygiene accessory;Scandinavian bronze razor;Partaveitsi, skandinaavinen;FALSE;;;;;;;FALSE;TRUE;TRUE;FALSE;FALSE;FALSE;Hiidenkiuasl”yt”. Samasta r”ykki”st„ palanutta luuta.
BA;uusi 7077;Isokyr”;Laurola;KM;714;;6995094;3266066;;FALSE;FALSE;FALSE;FALSE;FALSE;FALSE;FALSE;TRUE;FALSE;FALSE;FALSE;Bronze artefacts;Bronze sword;Scandinavian flange-hilted sword;Kieliruotomiekka, skandinaavinen;TRUE;522;53;9;;;;FALSE;FALSE;TRUE;FALSE;FALSE;FALSE;Ter„n leveys 40 mm, paksuus 6 mm.
BA;uusi 7078;Kemi”nsaari;Kemi”;KM;800;;6680554;3263645;;FALSE;FALSE;FALSE;FALSE;FALSE;FALSE;FALSE;FALSE;TRUE;FALSE;FALSE;Bronze artefacts;Bronze axe;M„lar bronze age;M„larin kirves;TRUE;101;39;29;;;;FALSE;FALSE;FALSE;TRUE;TRUE;TRUE;Nelj„ koristeviivaa 20mm putken suusta.
BA;399010042;Laihia;Alatalo/J„tinhaudanmaa;KM;1108;1;6986858;3244395;35;FALSE;FALSE;FALSE;FALSE;FALSE;FALSE;FALSE;FALSE;TRUE;FALSE;FALSE;Bronze artefacts;Bronze hygiene accessory;Bronze razor;Partaveitsi, karkeatekoinen;FALSE;47;15;1;0;0;0;FALSE;FALSE;FALSE;FALSE;TRUE;FALSE;Leikattu pronssilevyst„, koristelematon. Hiidenkiuasl”yt”. Samasta r”ykki”st„ palanutta luuta.
BA;uusi 7079;Vihti;Haapkyl„;KM;1536;;6694859;3349633;;FALSE;FALSE;FALSE;FALSE;FALSE;FALSE;FALSE;FALSE;TRUE;FALSE;FALSE;Bronze artefacts;Bronze sword;Hallstatt sword;Hallstatt-miekka;TRUE;760;56;7;;;;FALSE;FALSE;FALSE;FALSE;TRUE;FALSE;Ter„n leveys 35 mm
BA;uusi 7080;Viipuri;Tiikanurmi;KM;1537;;6735312;3597926;;FALSE;FALSE;FALSE;FALSE;FALSE;FALSE;FALSE;FALSE;TRUE;FALSE;FALSE;Bronze artefacts;Bronze brooch;Spectacle-shaped brooch;Silm„lasisolki;TRUE;131;56;12;;;;FALSE;FALSE;FALSE;FALSE;TRUE;FALSE;Toinen kupura rikki, muuten hyv„ss„ kunnossa.
BA;40010001;Kemi”nsaari;Hammarsboda 1;KM;1910;;6669253;3244537;;FALSE;FALSE;FALSE;FALSE;FALSE;FALSE;FALSE;TRUE;FALSE;FALSE;FALSE;Bronze artefacts;Bronze axe;Palstave;Olkakirves;FALSE;145;41;26;;;;FALSE;TRUE;TRUE;FALSE;FALSE;FALSE;L”ydetty r”ykki”st„ palaneiden luiden kanssa
BA;586010021;Salo;Paarskyl„n kartano;KM;2025;10;6688054;3286627;20;FALSE;FALSE;FALSE;FALSE;FALSE;FALSE;FALSE;TRUE;FALSE;FALSE;FALSE;Bronze artefacts;Bronze axe;Palstave;Olkakirves;FALSE;145;43;28;;;;FALSE;TRUE;TRUE;FALSE;FALSE;FALSE;
BA;uusi 6124;Laukaa;Simuna Kapeekoski;KM;2058;1;6919744;3457496;;FALSE;FALSE;FALSE;FALSE;FALSE;FALSE;FALSE;TRUE;FALSE;FALSE;FALSE;Bronze artefacts;Bronze axe;Seima bronze axe;Seiman kirves;FALSE;105;56;29;;;;TRUE;FALSE;FALSE;FALSE;FALSE;FALSE;Kopio. Poikkiter„inen. Ajoitushaarukka n. 1900-1600 eaa.
BA;uusi 7081;Nakkila;Leistil„nj„rvi;KM;2151;572;6817218;3229524;;FALSE;FALSE;FALSE;FALSE;FALSE;FALSE;FALSE;FALSE;TRUE;FALSE;FALSE;Bronze artefacts;Bronze axe;Skandau bronze axe;Skandaun kirves;TRUE;80;41;23;;;;FALSE;FALSE;FALSE;FALSE;FALSE;TRUE;
BA;uusi 7082;Valkj„rvi;Karvsaari;KM;2298;193;6731617;3649081;;FALSE;FALSE;FALSE;FALSE;FALSE;FALSE;FALSE;FALSE;TRUE;FALSE;FALSE;Bronze artefacts;Bronze axe;Skandau bronze axe;Skandaun kirves;FALSE;0;0;0;63;39;25;FALSE;FALSE;FALSE;FALSE;FALSE;TRUE;
BA;734010028;Salo;Veitakkalan linnam„ki;KM;2435;12;6708172;3289126;;FALSE;FALSE;FALSE;FALSE;FALSE;FALSE;FALSE;TRUE;FALSE;FALSE;FALSE;Bronze artefacts;Bronze dagger;Scandinavian bronze dagger;Pronssitikari, skandinaavinen;FALSE;0;0;0;143;28;5;FALSE;TRUE;TRUE;FALSE;FALSE;FALSE;Kahva puuttuu.
BA;uusi 7083;Eura;Panelia;KM;2476;;6800896;3230378;;FALSE;FALSE;FALSE;FALSE;FALSE;FALSE;FALSE;FALSE;FALSE;TRUE;FALSE;Bronze artefacts;Bronze neck ring;Scandinavian spiral bronze neck ring;Kierteinen kaularengas, skandinaavinen;FALSE;;;;;;;FALSE;FALSE;FALSE;FALSE;FALSE;FALSE;Ajoittuvat esiroomalaiselle rautakaudellealaiselle rautakaudelle, eiv„t pronssikaudelle.
BA;uusi 7083;Eura;Panelia;KM;2476;;6800896;3230378;;FALSE;FALSE;FALSE;FALSE;FALSE;FALSE;FALSE;FALSE;FALSE;TRUE;FALSE;Bronze artefacts;Bronze neck ring;Scandinavian spiral bronze neck ring;Kierteinen kaularengas, skandinaavinen;FALSE;;;;;;;FALSE;FALSE;FALSE;FALSE;FALSE;FALSE;Ajoittuvat esiroomalaiselle rautakaudellealaiselle rautakaudelle, eiv„t pronssikaudelle.
BA;uusi 7083;Eura;Panelia;KM;2476;;6800896;3230378;;FALSE;FALSE;FALSE;FALSE;FALSE;FALSE;FALSE;FALSE;FALSE;TRUE;FALSE;Bronze artefacts;Bronze neck ring;Scandinavian spiral bronze neck ring;Kierteinen kaularengas, skandinaavinen;FALSE;;;;;;;FALSE;FALSE;FALSE;FALSE;FALSE;FALSE;Ajoittuvat esiroomalaiselle rautakaudellealaiselle rautakaudelle, eiv„t pronssikaudelle.
BA;40010012;Kemi”nsaari;L†ngn„sudden 1;KM;2503;1;6669522;3247878;21;FALSE;FALSE;FALSE;FALSE;FALSE;FALSE;FALSE;TRUE;FALSE;FALSE;FALSE;Bronze artefacts;Bronze dagger;Nordic full-hilted dagger;Umpikahvatikari, skandinaavinen;TRUE;258;34;30;0;0;0;FALSE;TRUE;FALSE;FALSE;FALSE;FALSE;Kahva valettu erikseen ja kiinnitetty nelj„ll„ niitill„. Ter„n paksuus 5 mm.
BA;uusi 7084;Kaukola;Rokosina;KM;2535;1;6772380;3653014;;FALSE;FALSE;FALSE;FALSE;FALSE;FALSE;FALSE;FALSE;TRUE;FALSE;FALSE;Bronze artefacts;Bronze axe;M„lar bronze age;M„larin kirves;FALSE;76;39;30;0;0;0;FALSE;FALSE;FALSE;TRUE;TRUE;TRUE;
BA;1000010309;Kokem„ki;Nappari;KM;2791;1;6802918;3253125;;FALSE;FALSE;FALSE;FALSE;FALSE;FALSE;FALSE;FALSE;TRUE;FALSE;FALSE;Bronze artefacts;Bronze sword;M”riger sword;M”riger-miekka;TRUE;715;0;0;0;0;0;FALSE;FALSE;FALSE;FALSE;TRUE;FALSE;
BA;1000010309;Kokem„ki;Nappari;KM;2791;2;6802918;3253125;;FALSE;FALSE;FALSE;FALSE;FALSE;FALSE;FALSE;FALSE;TRUE;FALSE;FALSE;Bronze artefacts;Bronze brooch;Spectacle-shaped brooch;Silm„lasisolki;FALSE;0;0;0;0;0;0;FALSE;FALSE;FALSE;FALSE;FALSE;TRUE;Eritt„in suuri. Sanka irronnut ja kupurat murtuneet, ts. esine kolmessa osassa. Kupuroiden l„pimitat 141 ja mm, sangan pituus 60 mm ja leveys 37 mm.
BA;406010018;Rauma;Huhdanniska (Vahala);KM;2800;;6787970;3222388;33;FALSE;FALSE;FALSE;FALSE;FALSE;FALSE;FALSE;TRUE;FALSE;FALSE;FALSE;Bronze artefacts;Bronze dagger;Central European dagger with triangular hilt-plate;Kolmioruototikari, keskieurooppalainen;FALSE;;;;156;34;4;FALSE;FALSE;TRUE;FALSE;FALSE;FALSE;
BA;uusi 7085;Iisalmi;Haapaj„rvi;KM;3017;2;7051683;3500014;;FALSE;FALSE;FALSE;FALSE;FALSE;FALSE;FALSE;FALSE;TRUE;FALSE;FALSE;Bronze artefacts;Bronze sword;Scandinavian tanged sword;Kaitaruotomiekka, skandinaavinen;TRUE;333;0;0;0;0;0;FALSE;FALSE;FALSE;TRUE;TRUE;FALSE;
BA;uusi 7086;Pori;Stenbacka;KM;3033;1;6845802;3225785;;FALSE;FALSE;FALSE;FALSE;FALSE;FALSE;FALSE;TRUE;FALSE;FALSE;FALSE;Bronze artefacts;Bronze axe;Seima bronze axe;Seiman kirves/Esimaaningan kirves;TRUE;91;45;33;0;0;0;TRUE;TRUE;FALSE;FALSE;FALSE;FALSE;Ilmeisesti paikallista tuotantoa, muotoilussa esimakua Maaningan kirveist„. Muistuttaa Paimion S„hk”yhti”ntien kirvest„ (KM 37946), joka C-14 ajoitettu puuvarresta n. 1620-1320 calBCE.
BA;uusi 7087;Eura;Ella;KM;3036;1;6789649;3228683;;FALSE;FALSE;FALSE;FALSE;FALSE;FALSE;FALSE;FALSE;TRUE;FALSE;FALSE;Bronze artefacts;Bronze spearhead;West Baltic bronze spearhead;L„nsibalttilainen keih„„nk„rki;FALSE;0;0;0;143;39;28;FALSE;FALSE;FALSE;FALSE;TRUE;FALSE;"""L”yt„j„t koetellakseen
esineen kovuutta, l”iv„t siit„ nirkon poikki."""
BA;1000009842;Salo;K„rennokan pelto;KM;3101;11;6692580;3309600;48;FALSE;FALSE;FALSE;FALSE;FALSE;FALSE;FALSE;TRUE;FALSE;FALSE;FALSE;Bronze artefacts;Bronze sword;Bronze sword/dagger;Pronssimiekka/tikari;FALSE;0;0;0;170;29;7;FALSE;FALSE;FALSE;FALSE;FALSE;FALSE;
BA;uusi 7088;Eura;M„kel„;KM;3361;1;6797902;3235279;;FALSE;FALSE;FALSE;FALSE;FALSE;FALSE;FALSE;FALSE;TRUE;FALSE;FALSE;Bronze artefacts;Bronze axe;Scandinavian socketed axe;Skandinaavinen putkikirves;TRUE;58;41;25;0;0;0;FALSE;FALSE;FALSE;FALSE;TRUE;TRUE;
BA;79010001;Harjavalta;Kaunism„ki A ja B;KM;3471;1;6809580;3233211;30;FALSE;FALSE;FALSE;FALSE;FALSE;FALSE;FALSE;FALSE;TRUE;FALSE;FALSE;Bronze artefacts;Bronze hygiene accessory;Scandinavian bronze razor;Partaveitsi, skandinaavinen;FALSE;0;0;0;0;0;0;FALSE;FALSE;FALSE;TRUE;TRUE;FALSE;Hiidenkiuasl”yt”. Samasta r”ykki”st„ palanutta ihmisluuta.
BA;uusi 7089;Porvoo;Finnby;KM;3502;;6701561;3424571;;FALSE;FALSE;FALSE;FALSE;FALSE;FALSE;FALSE;FALSE;TRUE;FALSE;FALSE;Bronze artefacts;Bronze axe;Maaninka bronze axe;Maaningan kirves;TRUE;62;46;27;0;0;0;FALSE;FALSE;FALSE;FALSE;TRUE;TRUE;P„„luettelossa saatettu sekoittaa tieto siit„ kumpi on alkuper„inen kirves ja kumpi messinkikopio toisesta kirveest„.
BA;uusi 7089;Porvoo;Finnby;KM;3502;;6701561;3424571;;FALSE;FALSE;FALSE;FALSE;FALSE;FALSE;FALSE;FALSE;TRUE;FALSE;FALSE;Bronze artefacts;Bronze axe;Ananjino bronze axe;Ananjinon kirves;TRUE;52;45;26;0;0;0;FALSE;FALSE;FALSE;FALSE;TRUE;TRUE;P„„luettelossa saatettu sekoittaa tieto siit„ kumpi on alkuper„inen kirves ja kumpi messinkikopio toisesta kirveest„.
BA;1000008996;Masku;Wallinin paja;KM;3699;2;6727790;3232480;20;FALSE;FALSE;FALSE;FALSE;FALSE;FALSE;FALSE;FALSE;TRUE;FALSE;FALSE;Bronze artefacts;Bronze axe;Scandinavian socketed axe;Skandinaavinen putkikirves;TRUE;65;33;25;;;;FALSE;FALSE;FALSE;FALSE;TRUE;TRUE;
BA;586010002;Salo;Tattaroistenm„ki;KM;4079;;6692784;3277778;20;FALSE;FALSE;FALSE;FALSE;FALSE;FALSE;FALSE;TRUE;FALSE;FALSE;FALSE;Bronze artefacts;Bronze knife;Scandinavian bronze knife;Pronssiveitsi, skandinaavinen;TRUE;81;12;6;;;;FALSE;FALSE;TRUE;FALSE;FALSE;FALSE;
BA;79010010;Harjavalta;Heinil„ W (Taalperi);KM;4123;;6809477;3235520;28;FALSE;FALSE;FALSE;FALSE;FALSE;FALSE;FALSE;FALSE;TRUE;FALSE;FALSE;Bronze artefacts;Bronze axe;Scandinavian socketed axe;Skandinaavinen putkikirves;TRUE;68;45;30;;;;FALSE;FALSE;FALSE;FALSE;TRUE;TRUE;"""L”ydetty pienest„ kivikasasta eli ""Hiittenkiukaan"" pohjasta,josta kivet joskus on viety pois, Harjavallan Torttilan kyl„n Tolvin talon maalta""."
BA;1000010307;Kokem„ki;Ojala;KM;4519;;6801600;3248440;;FALSE;FALSE;FALSE;FALSE;FALSE;FALSE;FALSE;FALSE;TRUE;FALSE;FALSE;Bronze artefacts;Bronze spearhead;West Baltic bronze spearhead;L„nsibalttilainen keih„„nk„rki;TRUE;302;41;23;;;;FALSE;FALSE;FALSE;FALSE;TRUE;FALSE;
BA;734010058;Salo;Palom„ki 2;KM;4567;;6705973;3288145;40;FALSE;FALSE;FALSE;FALSE;FALSE;FALSE;FALSE;TRUE;FALSE;FALSE;FALSE;Bronze artefacts;Bronze button;Bronze double button;Kaksoisnappi;TRUE;25;25;16;;;;FALSE;FALSE;TRUE;FALSE;FALSE;FALSE;
BA;1000000414;Sodankyl„;Vajukoski;KM;4740;1;7511900;3491960;196;FALSE;FALSE;FALSE;FALSE;FALSE;FALSE;FALSE;FALSE;TRUE;FALSE;FALSE;Bronze artefacts;Bronze sword;Scandinavian tanged sword;Kaitaruotomiekka, skandinaavinen;TRUE;700;;;;;;FALSE;FALSE;FALSE;FALSE;TRUE;FALSE;S„il„ koristeltu el„inornamentiikalla.
BA;1000000414;Sodankyl„;Vajukoski;KM;4740;2;7511900;3491960;196;FALSE;FALSE;FALSE;FALSE;FALSE;FALSE;FALSE;FALSE;TRUE;FALSE;FALSE;Bronze artefacts;Bronze sword;Scandinavian tanged sword;Kaitaruotomiekka, skandinaavinen;FALSE;730;;;;;;FALSE;FALSE;FALSE;FALSE;TRUE;FALSE;Kahvan p„„tehela tallella, mutta katkennut toiselta sivulta. Hienoja piirtoviivoja kummallakin lappeella esineen k„rkip„„ss„. S„il„n pituus 660 mm
BA;1000000414;Sodankyl„;Vajukoski;KM;4740;3;7511900;3491960;196;FALSE;FALSE;FALSE;FALSE;FALSE;FALSE;FALSE;FALSE;TRUE;FALSE;FALSE;Bronze artefacts;Bronze sword;Scandinavian tanged sword;Kaitaruotomiekka, skandinaavinen;FALSE;630;;;;;;FALSE;FALSE;FALSE;FALSE;TRUE;FALSE;
BA;1000000414;Sodankyl„;Vajukoski;KM;4740;4;7511900;3491960;196;FALSE;FALSE;FALSE;FALSE;FALSE;FALSE;FALSE;FALSE;TRUE;FALSE;FALSE;Bronze artefacts;Bronze sword;Scandinavian tanged sword;Kaitaruotomiekka, skandinaavinen;FALSE;;;;;;;FALSE;FALSE;FALSE;FALSE;TRUE;FALSE;S„il„ koristeltu kohoviivoin.
BA;uusi 7090;Inkoo;Kalkulla;KM;4806;1;6664076;3329762;;FALSE;FALSE;FALSE;FALSE;FALSE;FALSE;FALSE;TRUE;FALSE;FALSE;FALSE;Bronze artefacts;Bronze axe;Palstave;Olkakirves;TRUE;163;36;16;;;;FALSE;TRUE;TRUE;FALSE;FALSE;FALSE;
BA;uusi 7090;Inkoo;Kalkulla;KM;4806;2;6664076;3329762;;FALSE;FALSE;FALSE;FALSE;FALSE;FALSE;FALSE;TRUE;FALSE;FALSE;FALSE;Bronze artefacts;Bronze axe;Palstave;Olkakirves;FALSE;;;;130;30;21;FALSE;FALSE;FALSE;FALSE;FALSE;FALSE;Huonosti valettu.
BA;uusi 7091;Rauma;Vermuntila;KM;5235;;6778651;3203775;;FALSE;FALSE;FALSE;FALSE;FALSE;FALSE;FALSE;FALSE;TRUE;FALSE;FALSE;Bronze artefacts;Bronze axe;Scandinavian socketed axe;Skandinaavinen putkikirves;FALSE;;;;52;33;25;FALSE;FALSE;FALSE;FALSE;TRUE;TRUE;
BA;1000016751;Kuopio;H„meensuo;KM;5311;;7005100;3517420;85;FALSE;FALSE;FALSE;FALSE;FALSE;FALSE;FALSE;TRUE;TRUE;FALSE;FALSE;Bronze artefacts;Bronze axe;Maaninka bronze axe;Maaningan kirves;TRUE;102;44;31;;;;FALSE;FALSE;TRUE;TRUE;FALSE;FALSE;
BA;uusi 7092;Salo;Viurila;KM;5512;21;6702723;3282701;;FALSE;FALSE;FALSE;FALSE;FALSE;FALSE;FALSE;TRUE;FALSE;FALSE;FALSE;Bronze artefacts;Bronze axe;Palstave;Olkakirves;TRUE;157;39;27;0;0;0;FALSE;TRUE;TRUE;FALSE;FALSE;FALSE;
BA;531010010;Nakkila;Kyllijoki;KM;5922;;6811602;3230031;24;FALSE;FALSE;FALSE;FALSE;FALSE;FALSE;FALSE;TRUE;FALSE;FALSE;FALSE;Bronze artefacts;Bronze spearhead;Sm”rum”vre bronze spearhead;Sm”rum”vren keih„„nk„rki;FALSE;;;;125;33;23;TRUE;TRUE;FALSE;FALSE;FALSE;FALSE;
BA;262010040;Eura;Tyrisev„;KM;6690;;6806663;3230721;57;FALSE;FALSE;FALSE;FALSE;FALSE;FALSE;FALSE;FALSE;TRUE;FALSE;FALSE;Bronze artefacts;Bronze axe;M„lar bronze age;M„larin kirves;TRUE;72;40;26;;;;FALSE;FALSE;FALSE;TRUE;TRUE;TRUE;
BA;uusi 6772;Salo;;KM;6795;5;6689593;3287213;;FALSE;FALSE;FALSE;FALSE;FALSE;FALSE;FALSE;TRUE;FALSE;FALSE;FALSE;Bronze artefacts;Bronze dagger;Scandinavian bronze dagger;Pronssitikari, skandinaavinen;FALSE;;;;172;33;4;FALSE;TRUE;TRUE;FALSE;FALSE;FALSE;Toinen niitti tallella, toinen pudonnut.
BA;uusi 4653;Salo;Willil„;KM;7109;;6695757;3288641;;FALSE;FALSE;FALSE;FALSE;FALSE;FALSE;FALSE;FALSE;TRUE;FALSE;FALSE;Bronze artefacts;Bronze spearhead;Phalbau bronze spearhead;Phalbaun keih„„nk„rki;TRUE;275;40;28;;;;FALSE;FALSE;FALSE;FALSE;TRUE;TRUE;
BA;271010026;Kokem„ki;Myllym„ki (Pusso);KM;7980;;6803898;3251351;40;FALSE;FALSE;FALSE;FALSE;FALSE;FALSE;FALSE;FALSE;TRUE;FALSE;FALSE;Bronze artefacts;Bronze hygiene accessory;Bronze tweezers;Pinsetit;TRUE;61;17;7;;;;FALSE;FALSE;FALSE;TRUE;FALSE;FALSE;
BA;uusi 5375;Sauvo;Kallisuo;KM;8052;;6698217;3264823;;FALSE;FALSE;FALSE;FALSE;FALSE;FALSE;FALSE;FALSE;TRUE;FALSE;FALSE;Bronze artefacts;Bronze axe;Scandinavian socketed axe;Skandinaavinen putkikirves;TRUE;93;38;32;;;;FALSE;FALSE;FALSE;TRUE;FALSE;FALSE;Oletetun silmukan paikalla reik„. N„ytt„„ hallitusti tehdylt„..
BA;uusi 5445;Lohja;Peitsalo;KM;8330;;6682137;3330174;;FALSE;FALSE;FALSE;FALSE;FALSE;FALSE;FALSE;FALSE;TRUE;FALSE;FALSE;Bronze artefacts;Bronze axe;M„lar bronze age;M„larin kirves;TRUE;97;;;;;;FALSE;FALSE;FALSE;TRUE;TRUE;TRUE;
BA;148010049;Inari;Lusmasaari;KM;8724;1;7643760;3545670;118;FALSE;FALSE;FALSE;FALSE;FALSE;FALSE;FALSE;FALSE;TRUE;FALSE;FALSE;Bronze artefacts;Bronze axe;Pre-Ananjino bronze axe;Esiananjinon kirves;TRUE;88;42;22;;;;FALSE;FALSE;FALSE;FALSE;TRUE;FALSE;Kirves selke„sti it„ist„ muototraditiota seuraava, todenn„k”isesti paikallista (fennoskandista) tuotantoa oleva. Tarkempi typologisointi avoin tulkinnoille.
BA;148010049;Inari;Lusmasaari;KM;8724;2;7643760;3545670;118;FALSE;FALSE;FALSE;FALSE;FALSE;FALSE;FALSE;FALSE;TRUE;FALSE;FALSE;Bronze artefacts;Bronze hygiene accessory;Bronze razor;Partaveitsi, karkeatekoinen;TRUE;118;33;1;;;;FALSE;FALSE;FALSE;TRUE;TRUE;FALSE;Yksinkertainen, todenn„k”isesti paikallista tuotantoa
BA;148010049;Inari;Lusmasaari;KM;8724;3;7643760;3545670;118;FALSE;FALSE;FALSE;FALSE;FALSE;FALSE;FALSE;FALSE;TRUE;FALSE;FALSE;Bronze artefacts;Bronze neck ring;Scandinavian spiral bronze neck ring;Kierteinen kaularengas, skandinaavinen;TRUE;151;151;4;;;;FALSE;FALSE;FALSE;TRUE;TRUE;FALSE;
BA;148010049;Inari;Lusmasaari;KM;8724;4;7643760;3545670;118;FALSE;FALSE;FALSE;FALSE;FALSE;FALSE;FALSE;FALSE;TRUE;FALSE;FALSE;Bronze artefacts;Bronze neck ring;Scandinavian spiral bronze neck ring;Kierteinen kaularengas, skandinaavinen;TRUE;159;159;4;;;;FALSE;FALSE;FALSE;TRUE;TRUE;FALSE;
BA;148010049;Inari;Lusmasaari;KM;8724;5;7643760;3545670;118;FALSE;FALSE;FALSE;FALSE;FALSE;FALSE;FALSE;FALSE;TRUE;FALSE;FALSE;Bronze artefacts;Bronze neck ring;Scandinavian spiral bronze neck ring;Kierteinen kaularengas, skandinaavinen;TRUE;151;147;5;;;;FALSE;FALSE;FALSE;TRUE;TRUE;FALSE;
BA;148010049;Inari;Lusmasaari;KM;8724;6;7643760;3545670;118;FALSE;FALSE;FALSE;FALSE;FALSE;FALSE;FALSE;FALSE;TRUE;FALSE;FALSE;Bronze artefacts;Bronze neck ring;Scandinavian spiral bronze neck ring;Kierteinen kaularengas, skandinaavinen;TRUE;161;145;5;;;;FALSE;FALSE;FALSE;TRUE;TRUE;FALSE;
BA;148010049;Inari;Lusmasaari;KM;8724;7;7643760;3545670;118;FALSE;FALSE;FALSE;FALSE;FALSE;FALSE;FALSE;FALSE;TRUE;FALSE;FALSE;Bronze artefacts;Bronze bracelet;Scandinavian bronze bracelet;Rannerengas, skandinaavinen;TRUE;68;58;3;;;;FALSE;FALSE;FALSE;TRUE;TRUE;FALSE;Korkeus 7 mm.
BA;148010049;Inari;Lusmasaari;KM;8724;8;7643760;3545670;118;FALSE;FALSE;FALSE;FALSE;FALSE;FALSE;FALSE;FALSE;TRUE;FALSE;FALSE;Bronze artefacts;Bronze bracelet;Scandinavian bronze bracelet;Rannerengas, skandinaavinen;TRUE;61;53;3;;;;FALSE;FALSE;FALSE;TRUE;TRUE;FALSE;Korkeus 6 mm. P„„t ep„symmetriset
BA;148010049;Inari;Lusmasaari;KM;8724;9;7643760;3545670;118;FALSE;FALSE;FALSE;FALSE;FALSE;FALSE;FALSE;FALSE;TRUE;FALSE;FALSE;Bronze artefacts;Bronze bracelet;Simple bronze bracelet;Rannerengas, yksinkertainen;TRUE;55;48;3;;;;FALSE;FALSE;FALSE;TRUE;TRUE;FALSE;Korkeus 5 mm,
BA;uusi 4521;Salo;;KM;8837;124;6710249;3293171;;FALSE;FALSE;FALSE;FALSE;FALSE;FALSE;FALSE;TRUE;FALSE;FALSE;FALSE;Bronze artefacts;Bronze spearhead;Scandinavian bronze spearhead;Keih„„nk„rki, skandinaavinen;TRUE;196;37;20;;;;FALSE;FALSE;TRUE;FALSE;FALSE;FALSE;K„rki ei katkennut.
BA;586040028;Salo;Hakala;KM;9138;2;6684400;3294820;25;FALSE;FALSE;FALSE;FALSE;FALSE;FALSE;FALSE;TRUE;FALSE;FALSE;FALSE;Bronze artefacts;Bronze spearhead;Balanovo/Abashevo bronze spearhead;Balanovon/Abashevon keih„„nk„rki;TRUE;209;21;14;;;;TRUE;FALSE;FALSE;FALSE;FALSE;FALSE;
BA;uusi 4183;Salo;Rauvolank.;KM;9305;;6698152;3282494;;FALSE;FALSE;FALSE;FALSE;FALSE;FALSE;FALSE;TRUE;FALSE;FALSE;FALSE;Bronze artefacts;Bronze axe;Palstave;Olkakirves;FALSE;168;36;18;;;;FALSE;TRUE;TRUE;FALSE;FALSE;FALSE;Hieman sy”pynyt. Selv„ valinsauma.
BA;1000013176;Turku;Anttila;KM;9685;1;6719455;3245224;33;FALSE;FALSE;FALSE;FALSE;FALSE;FALSE;FALSE;FALSE;TRUE;FALSE;FALSE;Bronze artefacts;Bronze axe;Ananjino bronze axe;Ananjinon kirves;FALSE;50;50;;;;;FALSE;FALSE;FALSE;FALSE;TRUE;FALSE;Reunassa valettaessa tullut aukko.
BA;1000008834;Paimio;Saarikko;KM;9830;;6707569;3265563;;FALSE;FALSE;FALSE;FALSE;FALSE;FALSE;FALSE;TRUE;FALSE;FALSE;FALSE;Bronze artefacts;Bronze axe;Palstave;Olkakirves;TRUE;132;44;28;;;;FALSE;TRUE;TRUE;FALSE;FALSE;FALSE;
BA;1000005250;Sipoo;Nikkil„n sairaala 1;KM;10046;;6696701;3405135;;FALSE;FALSE;FALSE;FALSE;FALSE;FALSE;FALSE;TRUE;FALSE;FALSE;FALSE;Bronze artefacts;Bronze axe;Palstave;Olkakirves;TRUE;118;42;28;;;;FALSE;TRUE;TRUE;FALSE;FALSE;FALSE;
BA;1000016643;Vehmaa;Ylikyl„;KM;10232;;6745790;3207720;;FALSE;FALSE;FALSE;FALSE;FALSE;FALSE;FALSE;FALSE;TRUE;FALSE;FALSE;Bronze artefacts;Bronze brooch;Scandinavian dress pin;Vaateneula, skandinaavinen;TRUE;101;;;;;;FALSE;FALSE;FALSE;FALSE;TRUE;FALSE;
BA;1000008835;Paimio;Alhaisi;KM;10454;;6714244;3263482;;FALSE;FALSE;FALSE;FALSE;FALSE;FALSE;FALSE;TRUE;TRUE;FALSE;FALSE;Bronze artefacts;Bronze axe;Pre-Maaninka bronze axe;Esimaaningan kirves;TRUE;101;54;;;;;FALSE;FALSE;TRUE;TRUE;FALSE;FALSE;
BA;uusi 2386;Laukaa;;KM;10551;;6920331;3458058;;FALSE;FALSE;FALSE;FALSE;FALSE;FALSE;FALSE;TRUE;FALSE;FALSE;FALSE;Bronze artefacts;Bronze axe;Seima bronze axe;Seiman kirves;TRUE;105;56;31;;;;TRUE;FALSE;FALSE;FALSE;FALSE;FALSE;"""tikapuu-koristelu"" vy”hykkeen„ l„hell„ putken suuta"
BA;152010008;Isokyr”;Niemenmaanm„ki;KM;10679;1;6992878;3263191;25;FALSE;FALSE;FALSE;FALSE;FALSE;FALSE;FALSE;FALSE;TRUE;FALSE;FALSE;Bronze artefacts;Bronze hygiene accessory;Bronze razor;Partaveitsi, karkeatekoinen;TRUE;58;21;1;;;;FALSE;FALSE;FALSE;FALSE;FALSE;TRUE;Teroitettu pronssilevyn kappale. L”ydetty kivir”ykki”st„, jossa my”s palanutta luuta.
BA;1000010308;Kokem„ki;Rantala;KM;10732;1;6804098;3251003;42;FALSE;FALSE;FALSE;FALSE;FALSE;FALSE;FALSE;FALSE;TRUE;FALSE;FALSE;Bronze artefacts;Bronze brooch;Spectacle-shaped brooch;Silm„lasisolki;TRUE;254;140;;;;;FALSE;FALSE;FALSE;FALSE;FALSE;TRUE;Neula puuttuu, toinen levy halki.
BA;1000010308;Kokem„ki;Rantala;KM;10732;1;6804098;3251003;42;FALSE;FALSE;FALSE;FALSE;FALSE;FALSE;FALSE;FALSE;TRUE;FALSE;FALSE;Bronze artefacts;Other bronze artefact;Bronze container;Pronssiastia/rasia;TRUE;;;;110;8;2;FALSE;FALSE;FALSE;FALSE;FALSE;TRUE;
BA;1000010308;Kokem„ki;Rantala;KM;10732;2;6804098;3251003;42;FALSE;FALSE;FALSE;FALSE;FALSE;FALSE;FALSE;FALSE;TRUE;FALSE;FALSE;Bronze artefacts;Bronze brooch;Spectacle-shaped brooch;Silm„lasisolki;TRUE;174;89;;;;;FALSE;FALSE;FALSE;FALSE;FALSE;TRUE;Neula puuttuu. Katkennut kaaresta, mutta juotettu ehj„ksi
BA;1000010308;Kokem„ki;Rantala;KM;10732;3;6804098;3251003;42;FALSE;FALSE;FALSE;FALSE;FALSE;FALSE;FALSE;FALSE;TRUE;FALSE;FALSE;Bronze artefacts;Bronze brooch;Tutlus pin;Vaateneula, tutulusp„inen;FALSE;;;;179;34;36;FALSE;FALSE;FALSE;FALSE;FALSE;TRUE;Muoto poikkeuksellinen. Varren leveys 5 mm ja paksuus 4 mm.
BA;1000010308;Kokem„ki;Rantala;KM;10732;4;6804098;3251003;42;FALSE;FALSE;FALSE;FALSE;FALSE;FALSE;FALSE;FALSE;TRUE;FALSE;FALSE;Bronze artefacts;Other bronze artefact;Bronze container;Pronssiastia/rasia;TRUE;109;109;20;;;;FALSE;FALSE;FALSE;FALSE;FALSE;TRUE;Sis„puolella laitaa pitkin kulkeva syvennys, johon tulkinta astian kanneksi perustuu. Keskell„ olevan rei„n kohdallla ollut ehk„ kahva.
BA;1000010308;Kokem„ki;Rantala;KM;10732;5;6804098;3251003;42;FALSE;FALSE;FALSE;FALSE;FALSE;FALSE;FALSE;FALSE;TRUE;FALSE;FALSE;Bronze artefacts;Other bronze artefact;Bronze knob;Pronssikupura;TRUE;58;58;20;;;;FALSE;FALSE;FALSE;FALSE;FALSE;TRUE;Pieni vaurioreik„ keskell„
BA;1000010308;Kokem„ki;Rantala;KM;10732;6;6804098;3251003;42;FALSE;FALSE;FALSE;FALSE;FALSE;FALSE;FALSE;FALSE;TRUE;FALSE;FALSE;Bronze artefacts;Other bronze artefact;Bronze knob;Pronssikupura;TRUE;54;50;19;;;;FALSE;FALSE;FALSE;FALSE;FALSE;TRUE;Vaurioita reunoissa ja keskustassa
BA;1000010308;Kokem„ki;Rantala;KM;10732;7;6804098;3251003;42;FALSE;FALSE;FALSE;FALSE;FALSE;FALSE;FALSE;FALSE;TRUE;FALSE;FALSE;Bronze artefacts;Other bronze artefact;Bronze knob;Pronssikupura;TRUE;59;57;21;;;;FALSE;FALSE;FALSE;FALSE;FALSE;TRUE;Vauriorei„n lis„ksi repe„m„ keskustassa ja vaurioreik„ my”s reunassa
BA;1000010308;Kokem„ki;Rantala;KM;10732;8;6804098;3251003;42;FALSE;FALSE;FALSE;FALSE;FALSE;FALSE;FALSE;FALSE;TRUE;FALSE;FALSE;Bronze artefacts;Other bronze artefact;Bronze knob;Pronssikupura;TRUE;59;56;20;;;;FALSE;FALSE;FALSE;FALSE;FALSE;TRUE;Vaurioreik„ keskell„, pieni repe„m„ reunassa
BA;uusi 2505;Rauma;;KM;10750;;6787884;3219289;;FALSE;FALSE;FALSE;FALSE;FALSE;FALSE;FALSE;TRUE;FALSE;FALSE;FALSE;Bronze artefacts;Bronze axe;Palstave;Olkakirves;TRUE;137;27;21;;;;FALSE;TRUE;TRUE;FALSE;FALSE;FALSE;K”mpel”sti valettu. My”s muotoilu viittaa paikalliseen j„ljitelm„„n.
BA;uusi 2530;Raasepori;;KM;10783;;6658625;3313400;;FALSE;FALSE;FALSE;FALSE;FALSE;FALSE;FALSE;TRUE;FALSE;FALSE;FALSE;Bronze artefacts;Bronze axe;Pre-Maaninka bronze axe;Esimaaningan kirves;TRUE;106;44;36;;;;FALSE;TRUE;TRUE;FALSE;FALSE;FALSE;T„t„ muistuttavan Paimion S„hk”yhti”ntien kirveen (KM 37946) puuvarresta AMS-ajoitus n. 1620-1420 calBCE
BA;1000007106;Nokia;Vassinjoki;KM;10811;;6809110;3309510;77;FALSE;FALSE;FALSE;FALSE;FALSE;FALSE;FALSE;TRUE;TRUE;FALSE;FALSE;Bronze artefacts;Bronze axe;Maaninka bronze axe;Maaningan kirves;TRUE;95;48;33;;;;FALSE;FALSE;TRUE;TRUE;FALSE;FALSE;
BA;uusi 2550;Pielavesi;;KM;10815;;7004315;3485393;;FALSE;FALSE;FALSE;FALSE;FALSE;FALSE;FALSE;TRUE;FALSE;FALSE;FALSE;Bronze artefacts;Bronze axe;Seima bronze axe;Seiman kirves;FALSE;100;54;30;;;;TRUE;FALSE;FALSE;FALSE;FALSE;FALSE;Poikkiter„inen.  Vuonna 1993 porattu 2-3 mm ura materiaalianalyysi† varte
BA;uusi 2551;Kemi”nsaari;;KM;10816;;6680129;3263133;;FALSE;FALSE;FALSE;FALSE;FALSE;FALSE;FALSE;TRUE;TRUE;FALSE;FALSE;Bronze artefacts;Bronze axe;Socketed axe;Putkikirves;FALSE;;;;49;41;15;FALSE;FALSE;FALSE;FALSE;FALSE;FALSE;Voi olla it„ist„ tai l„ntist„ alkuper„„.
BA;uusi 2614;Salo;Ketunpy”li;KM;10920;;6686582;3289583;;FALSE;FALSE;FALSE;FALSE;FALSE;FALSE;FALSE;TRUE;FALSE;FALSE;FALSE;Bronze artefacts;Bronze axe;Palstave;Olkakirves;TRUE;119;30;23;;;;FALSE;TRUE;TRUE;FALSE;FALSE;FALSE;
BA;220010054;Raasepori;R†ckers;KM;10956;1;6666558;3315134;25;FALSE;FALSE;FALSE;FALSE;FALSE;FALSE;FALSE;TRUE;FALSE;FALSE;FALSE;Bronze artefacts;Bronze button;Bronze double button;Kaksoisnappi;FALSE;26;26;17;;;;FALSE;FALSE;TRUE;FALSE;FALSE;FALSE;
BA;220010054;Raasepori;R†ckers;KM;10956;2;6666558;3315134;25;FALSE;FALSE;FALSE;FALSE;FALSE;FALSE;FALSE;TRUE;FALSE;FALSE;FALSE;Bronze artefacts;Other bronze artefact;Bronze artefact;Pronssiesine;FALSE;;;;17;12;2;FALSE;FALSE;TRUE;FALSE;FALSE;FALSE;Esine josta fragmentti on per„isin on pieni, ohut ja valinsaumallinen
BA;1000004522;Lieksa;Viekij„rvi 2;KM;11313;;7036193;3635794;;FALSE;FALSE;FALSE;FALSE;FALSE;FALSE;FALSE;TRUE;TRUE;FALSE;FALSE;Bronze artefacts;Bronze axe;Maaninka bronze axe;Maaningan kirves;TRUE;119;43;35;;;;FALSE;FALSE;TRUE;TRUE;FALSE;FALSE;
BA;79010001;Harjavalta;Kaunism„ki A ja B;KM;11506;1;6809580;3233211;30;FALSE;FALSE;FALSE;FALSE;FALSE;FALSE;FALSE;FALSE;TRUE;FALSE;FALSE;Bronze artefacts;Other bronze artefact;Bronze artefact;Pronssiesine;FALSE;;;;48;10;1;FALSE;FALSE;FALSE;FALSE;TRUE;FALSE;Katkelma, mahdollisesti pinseteist„ tai veitsest„.
BA;uusi 3368;Kemi”nsaari;;KM;11588;;6670607;3257663;;FALSE;FALSE;FALSE;FALSE;FALSE;FALSE;FALSE;FALSE;TRUE;FALSE;FALSE;Bronze artefacts;Bronze axe;M„lar bronze age;M„larin kirves;FALSE;;;;87;39;26;FALSE;FALSE;FALSE;TRUE;TRUE;TRUE;Sy”pynyt. Putkensuu katkennut.
BA;uusi 3374;Raasepori;Heimos;KM;11644;;6661916;3313898;;FALSE;FALSE;FALSE;FALSE;FALSE;FALSE;FALSE;TRUE;FALSE;FALSE;FALSE;Bronze artefacts;Bronze axe;Pre-Maaninka bronze axe;Esimaaningan kirves;TRUE;113;42;31;;;;FALSE;TRUE;TRUE;FALSE;FALSE;FALSE;Valanta karkeaa.
BA;148010083;Inari;Nukkumajoki 5;KM;11666;2;7643870;3502610;139;FALSE;FALSE;FALSE;FALSE;FALSE;FALSE;FALSE;FALSE;FALSE;FALSE;FALSE;Bronze artefacts;Other bronze artefact;Fragment of bronze sheet;Pronssilevyn katkelma;FALSE;;;;54;33;1;FALSE;FALSE;FALSE;FALSE;FALSE;FALSE;Voi my”s olla kuparia.
BA;586040033;Salo;Kontola;KM;12022;;6684650;3293820;40;FALSE;FALSE;FALSE;FALSE;FALSE;FALSE;FALSE;TRUE;FALSE;FALSE;FALSE;Bronze artefacts;Bronze axe;Palstave;Olkakirves;TRUE;197;39;21;;;;FALSE;TRUE;FALSE;FALSE;FALSE;FALSE;Harvinaisen rikkaasti koristelty.
BA;586040029;Salo;Nakola;KM;12069;;6683600;3289060;20;FALSE;FALSE;FALSE;FALSE;FALSE;FALSE;FALSE;TRUE;FALSE;FALSE;FALSE;Bronze artefacts;Bronze axe;Scandinavian socketed axe;Skandinaavinen putkikirves;TRUE;118;38;33;;;;FALSE;TRUE;FALSE;FALSE;FALSE;FALSE;Ter„n leveys 32 mm.
BA;262010023;Eura;Loukom„ki;KM;12243;;6801652;3229697;38;FALSE;FALSE;FALSE;FALSE;FALSE;FALSE;FALSE;FALSE;TRUE;FALSE;FALSE;Bronze artefacts;Bronze sword;Scandinavian tanged sword;Kaitaruotomiekka, skandinaavinen;TRUE;425;48;;;;;FALSE;FALSE;FALSE;TRUE;FALSE;FALSE;
BA;262010023;Eura;Loukom„ki;KM;12858;;6801652;3229697;38;FALSE;FALSE;FALSE;FALSE;FALSE;FALSE;FALSE;FALSE;TRUE;FALSE;FALSE;Bronze artefacts;Bronze hygiene accessory;Bronze razor;Partaveitsi, karkeatekoinen;TRUE;63;10;1;;;;FALSE;FALSE;FALSE;TRUE;FALSE;FALSE;Teroitetu pronssilevyn kappale, todenn„k”isesti paikallista tuotantoa.
BA;577010015;Paimio;Lautela;KM;13313;2;6714398;3263044;20;FALSE;FALSE;FALSE;FALSE;FALSE;FALSE;FALSE;FALSE;TRUE;FALSE;FALSE;Bronze artefacts;Other bronze artefact;Bronze knob;Pronssikupura;FALSE;;;;52;50;;FALSE;FALSE;FALSE;FALSE;FALSE;FALSE;
BA;uusi 2250;Ilmajoki;Jouppila;KM;13680;;6961099;3265285;;FALSE;FALSE;FALSE;FALSE;FALSE;FALSE;FALSE;TRUE;FALSE;FALSE;FALSE;Bronze artefacts;Bronze knife;Andronovo bronze knife;Pronssiveitsi, Andronovon tyyppi„;FALSE;;;;90;21;5;FALSE;TRUE;TRUE;TRUE;FALSE;FALSE;Esine saatu Ilmajoen Koskenkorvan kansakoulun kokoelmista, l”yt”vuodeksi mainittiin 1945 ja l”yt”paikaksi pelto.
BA;613010003;Porvoo;V„stan† II;KM;13714;;6700619;3412013;15;FALSE;FALSE;FALSE;FALSE;FALSE;FALSE;FALSE;FALSE;TRUE;FALSE;FALSE;Bronze artefacts;Bronze axe;Scandinavian socketed axe;Skandinaavinen putkikirves;TRUE;65;41;19;;;;FALSE;FALSE;FALSE;FALSE;TRUE;TRUE;
BA;1000008836;Paimio;Kivil„n pelto;KM;13734;;6714127;3263426;;FALSE;FALSE;FALSE;FALSE;FALSE;FALSE;FALSE;FALSE;TRUE;FALSE;FALSE;Bronze artefacts;Bronze axe;M„lar bronze age;M„l„rin kirves;TRUE;107;39;31;;;;FALSE;FALSE;FALSE;TRUE;TRUE;TRUE;
BA;uusi 2281;Eura;;KM;13770;;6804060;3227925;;FALSE;FALSE;FALSE;FALSE;FALSE;FALSE;FALSE;TRUE;FALSE;FALSE;FALSE;Bronze artefacts;Bronze sword;Octagonal-hilted sword;S„rm„kahvamiekka, keskieurooppalainen;TRUE;610;58;44;;;;FALSE;TRUE;FALSE;FALSE;FALSE;FALSE;Ter„n leveys 30 mm, paksuus 6 mm. Ter„st„ irrallaan n. 50 mm pitk„ fragmentti
BA;220040000;Raasepori;Landsbrostr”m;KM;14532;;6667410;3315333;;FALSE;FALSE;FALSE;FALSE;FALSE;FALSE;FALSE;TRUE;FALSE;FALSE;FALSE;Bronze artefacts;Bronze axe;Palstave;Olkakirves;TRUE;148;37;23;;;;FALSE;TRUE;TRUE;FALSE;FALSE;FALSE;Valanta karkeaa, todenn„k”isesti paikallista tuotantoa.
BA;699010201;Rovaniemi;Niskala;KM;14699;3187;7373070;3439030;75;FALSE;FALSE;FALSE;FALSE;FALSE;FALSE;FALSE;TRUE;FALSE;FALSE;FALSE;Bronze artefacts;Bronze axe;Seima bronze axe;Seiman kirves;FALSE;;;;63;26;10;TRUE;FALSE;FALSE;FALSE;FALSE;FALSE;Esine toinen kahdesta saman putkikirveen kappaleesta, joista toinen hukkunut. Ilman toista kappaletta esineen typologinen m„„rittely on osin kirjallisuuden varassa.
BA;105010007;Hyrynsalmi;Ahonranta;KM;15073;;7176089;3572654;157;FALSE;FALSE;FALSE;FALSE;FALSE;FALSE;FALSE;TRUE;TRUE;FALSE;FALSE;Bronze artefacts;Bronze arrowhead;Bronze arrowhead;Pronssinuolenk„rki;TRUE;54;12;3;;;;FALSE;FALSE;FALSE;FALSE;FALSE;FALSE;
BA;x646;Tuntematon;;KM;15232;;;;;FALSE;FALSE;FALSE;FALSE;FALSE;FALSE;FALSE;TRUE;FALSE;FALSE;FALSE;Bronze artefacts;Bronze axe;Palstave;Olkakirves;TRUE;176;26;28;;;;FALSE;TRUE;TRUE;FALSE;FALSE;FALSE;L”yt”paikka tuntematon.
BA;423010011;Lieto;Kotokallio;KM;16731;1;6716270;3245661;45;FALSE;FALSE;FALSE;FALSE;FALSE;FALSE;FALSE;TRUE;FALSE;FALSE;FALSE;Bronze artefacts;Bronze brooch;S”gel-Wohlde culture dress pin;Vaateneula, S”gel-Wohlde -kulttuuripiiri;FALSE;57;16;11;;;;FALSE;TRUE;FALSE;FALSE;FALSE;FALSE;Neulaosan leveys 4 mm. Samasta r”ykki”st„ my”hemp„„ palanutta ihmisluuta.
BA;423010011;Lieto;Kotokallio;KM;16731;2;6716270;3245661;45;FALSE;FALSE;FALSE;FALSE;FALSE;FALSE;FALSE;TRUE;FALSE;FALSE;FALSE;Bronze artefacts;Bronze dagger;S”gel-Wohlde bronze dagger;S”gel-Wohlde -tikari;FALSE;175;33;7;;;;FALSE;TRUE;FALSE;FALSE;FALSE;FALSE;Kahva puuttuu. Toinen niitti murtunut irti, mutta tallella. Teriss„ vaurioita. Samasta r”ykki”st„ my”hemp„„ palanutta ihmisluuta.
BA;421010001;Lestij„rvi;Yli-Lesti/Anttila;KM;17032;;7043512;3389273;142;FALSE;FALSE;FALSE;FALSE;FALSE;FALSE;FALSE;FALSE;TRUE;FALSE;FALSE;Bronze artefacts;Bronze spearhead;Scandinavian bronze spearhead;Keih„„nk„rki, skandinaavinen;FALSE;;;;86;23;20;FALSE;FALSE;FALSE;TRUE;FALSE;FALSE;
BA;402010001;Lapinlahti;Jokiniemi;KM;18351;;7011820;3518330;88;FALSE;FALSE;FALSE;FALSE;FALSE;FALSE;FALSE;TRUE;TRUE;FALSE;FALSE;Bronze artefacts;Bronze axe;Maaninka bronze axe;Maaningan kirves;TRUE;70;38;25;;;;FALSE;FALSE;TRUE;TRUE;FALSE;FALSE;
BA;uusi 7093;Uusikaupunki;Santtio Taipale;KM;19273;;6748474;3201033;;FALSE;FALSE;FALSE;FALSE;FALSE;FALSE;FALSE;TRUE;FALSE;FALSE;FALSE;Bronze artefacts;Bronze spearhead;Sm”rum”vre bronze spearhead;Sm”rum”vren keih„„nk„rki;TRUE;151;35;24;;;;FALSE;TRUE;FALSE;FALSE;FALSE;FALSE;L”ydetty kannosta, ilmeisen sekund„„risest„ kontekstista. Poikittaisia koristeviivoja kannassa.
BA;uusi 7094;Eura;Mets„-Vahala;KM;19438;;6806420;3230980;;FALSE;FALSE;FALSE;FALSE;FALSE;FALSE;FALSE;FALSE;TRUE;FALSE;FALSE;Bronze artefacts;Bronze axe;Scandinavian socketed axe;Skandinaavinen putkikirves;TRUE;58;36;23;;;;FALSE;FALSE;FALSE;FALSE;TRUE;TRUE;
BA;uusi 7095;Myn„m„ki;Rauvola;KM;19990;;6734955;3224934;;FALSE;FALSE;FALSE;FALSE;FALSE;FALSE;FALSE;TRUE;FALSE;FALSE;FALSE;Bronze artefacts;Bronze axe;Palstave;Olkakirves;TRUE;116;45;26;;;;FALSE;TRUE;TRUE;FALSE;FALSE;FALSE;Lyhyt ja paksu.
BA;uusi 7096;Raasepori;M†derviken;KM;20226;;6661385;3283087;;FALSE;FALSE;FALSE;FALSE;FALSE;FALSE;FALSE;TRUE;FALSE;FALSE;FALSE;Bronze artefacts;Bronze sword;Central European flange-hilted sword;Kieliruotomiekka, keskieurooppalainen;FALSE;;;;37;21;16;TRUE;TRUE;FALSE;FALSE;FALSE;FALSE;
BA;50010032;Eura;Luistari;KM;20552;8;6787882;3238661;38;FALSE;FALSE;FALSE;FALSE;FALSE;FALSE;FALSE;FALSE;TRUE;FALSE;FALSE;Bronze artefacts;Bronze hygiene accessory;Bronze razor;Partaveitsi, karkeatekoinen;FALSE;41;15;1;;;;FALSE;FALSE;FALSE;TRUE;TRUE;TRUE;R”ykki”l”yt”. Esine pronssilevyst„ leikattu, koristelematon. Samasta r”ykki”st„ pronssikautinen kaksoisnappi, palanutta ihmisluuta ja varhaisrautakautisia esineit„.
BA;50010032;Eura;Luistari;KM;20552;12;6787882;3238661;38;FALSE;FALSE;FALSE;FALSE;FALSE;FALSE;FALSE;FALSE;TRUE;FALSE;FALSE;Bronze artefacts;Bronze button;Bronze double button;Kaksoisnappi;FALSE;17;16;11;;;;FALSE;FALSE;FALSE;TRUE;TRUE;TRUE;R”ykki”l”yt”. Samasta r”ykki”st„ palanutta ihmisluuta,  partaveitseksi tulkittu pronssilevyn kappale ja varhaisrautakautisia esineit„.
BA;uusi 7097;Uusikaarlepyy;Jungar Backj„lon;KM;20650;;7038557;3285471;;FALSE;FALSE;FALSE;FALSE;FALSE;FALSE;FALSE;FALSE;TRUE;FALSE;FALSE;Bronze artefacts;Bronze axe;M„lar bronze age;M„larin kirves;TRUE;105;45;25;;;;FALSE;FALSE;FALSE;TRUE;TRUE;TRUE;Silmukka avoin, saattanut ep„onnistua valuvaiheessa.
BA;777010114;Suomussalmi;Kukkosaari;KM;20850;;7201478;3592642;199;FALSE;FALSE;FALSE;FALSE;FALSE;FALSE;TRUE;TRUE;FALSE;FALSE;FALSE;Bronze artefacts;Copper adze;Copper adze;Kuparinen kourutaltta;TRUE;82;45;18;;;;FALSE;FALSE;FALSE;FALSE;FALSE;FALSE;
BA;1000002725;P„lk„ne;Evinsalo;KM;21491;;6804763;3378138;90;FALSE;FALSE;FALSE;FALSE;FALSE;FALSE;FALSE;TRUE;FALSE;FALSE;FALSE;Bronze artefacts;Bronze dagger;Nordic full-hilted dagger;Umpikahvatikari, skandinaavinen;FALSE;;;;106;32;17;TRUE;FALSE;FALSE;FALSE;FALSE;FALSE;Ter„n paksuus 3 mm ja leveys 23 mm. Valeniittej„, ter„ ja kahva yht„ valua.
BA;77010003;Hankasalmi;Luojinniemi;KM;21963;;6934180;3460060;93;FALSE;FALSE;FALSE;FALSE;FALSE;FALSE;FALSE;TRUE;TRUE;FALSE;FALSE;Bronze artefacts;Other bronze artefact;Fragment of bronze sheet;Pronssilevyn katkelma;FALSE;;;;26;15;1;FALSE;FALSE;FALSE;FALSE;FALSE;FALSE;Lapinrauniol”yt”, Janne Ik„heimon (2014) pxrf-tutkimuksen mukaan tinarikasta pronssia. Leikattu samankaltaisesta pronssilevyst„ kuin karkeatekoisiksi partaveitsiksi tulkitut r”ykki”l”yd”t Suomessa. Jos esine on ollut nykyisen muotoinen r”ykki””n laitettae
BA;50010032;Eura;Luistari;KM;22346;25;6787882;3238661;38;FALSE;FALSE;FALSE;FALSE;FALSE;FALSE;FALSE;FALSE;TRUE;FALSE;FALSE;Bronze artefacts;Bronze hygiene accessory;Bronze razor;Partaveitsi, karkeatekoinen;FALSE;;;;41;17;2;FALSE;FALSE;FALSE;TRUE;TRUE;TRUE;"Esine leikattu pronssilevyst„, koristelematon. Selke„ ter„puoli ja tyls„ksi hiottu puoli. L”ydetty ""sekaisesta maakerroksesta"" l”yd”tt”m„n kuoppahaudan (no 428) pinnasta."
BA;220010002;Raasepori;Domarg†rd I;KM;22442;;6663430;3312339;25;FALSE;FALSE;FALSE;FALSE;FALSE;FALSE;FALSE;TRUE;FALSE;FALSE;FALSE;Bronze artefacts;Bronze knife;Scandinavian bronze knife;Pronssiveitsi, skandinaavinen;FALSE;;;;79;18;5;FALSE;TRUE;TRUE;FALSE;FALSE;FALSE;Ter„ ja kahva yht„ valantaa. L”ydetty rautakautiselelta asuinpaikalta,jossa viitteit„ sep„n pajasta.
BA;990010026;Peders”re;Esse-Linj„rvbacken  NW;KM;22813;;7059402;3305001;35;FALSE;FALSE;FALSE;FALSE;FALSE;FALSE;FALSE;FALSE;TRUE;FALSE;FALSE;Bronze artefacts;Bronze brooch;Bronze brooch;Pronssisolki;TRUE;55;24;;;;;FALSE;FALSE;FALSE;TRUE;FALSE;FALSE;
BA;50010032;Eura;Luistari;KM;24388;48;6787882;3238661;38;FALSE;FALSE;FALSE;FALSE;FALSE;FALSE;FALSE;FALSE;TRUE;FALSE;FALSE;Bronze artefacts;Other bronze artefact;Bronze spiral bar;Pronssivarras, kierteinen;FALSE;;;;18;3;3;FALSE;FALSE;FALSE;FALSE;FALSE;FALSE;R”ykki”l”yt”. Samasta r”ykki”st„, pronssik„rjen katkelma, pakanutta ihmisluuta ja rautakautisia esineit„.
BA;50010032;Eura;Luistari;KM;24388;49;6787882;3238661;38;FALSE;FALSE;FALSE;FALSE;FALSE;FALSE;FALSE;TRUE;TRUE;FALSE;FALSE;Bronze artefacts;Bronze spearhead;Bronze spearhead;Pronssikeih„„nk„rki;FALSE;;;;21;20;3;FALSE;FALSE;FALSE;FALSE;FALSE;FALSE;R”ykki”l”yt”. Samasta r”ykki”st„, pronssivartaan katkelma, pakanutta ihmisluuta ja rautakautisia esineit„.
BA;166010001;Uusikaarlepyy;Jepua-Kn„backen/Asplandet;KM;26618;1;7035402;3282279;35;FALSE;FALSE;FALSE;FALSE;FALSE;FALSE;FALSE;FALSE;TRUE;FALSE;FALSE;Bronze artefacts;Bronze axe;Maaninka bronze axe;Maaningan kirves;TRUE;57;44;20;;;;FALSE;FALSE;FALSE;TRUE;TRUE;FALSE;Hiidenkiuasl”yt”
BA;577010024;Paimio;Toispuolojannummi;KM;27182;83;6716468;3263603;41;FALSE;FALSE;FALSE;FALSE;FALSE;FALSE;FALSE;TRUE;FALSE;FALSE;FALSE;Bronze artefacts;Bronze brooch;Violin-bow fibula;Viulunjousisolki;TRUE;73;20;5;;;;FALSE;FALSE;TRUE;FALSE;FALSE;FALSE;
BA;285010005;Kotka;Salovaara;KM;27680;;6711580;3499520;11;FALSE;FALSE;FALSE;FALSE;FALSE;FALSE;FALSE;FALSE;TRUE;FALSE;FALSE;Bronze artefacts;Bronze button;Bronze double button;Kaksoisnappi;TRUE;36;17;5;;;;FALSE;FALSE;FALSE;TRUE;FALSE;FALSE;Hiidenkiuasl”yt”. Samasta r”ykki”st„ palanutta ihnisluuta.
BA;164040050;Kurikka;Majam„ki/Sikaniemi 3;KM;29466;;6946445;3279910;84;FALSE;FALSE;FALSE;FALSE;FALSE;FALSE;FALSE;TRUE;FALSE;FALSE;FALSE;Bronze artefacts;Bronze spearhead;Kirke S†by bronze spearhead;Kirke S†byn keih„„nk„rki;TRUE;256;37;18;;;;FALSE;TRUE;FALSE;FALSE;FALSE;FALSE;
BA;290010179;Kuhmo;Halonen E;KM;30131;;7116451;3609920;159;FALSE;FALSE;FALSE;FALSE;FALSE;FALSE;FALSE;FALSE;TRUE;FALSE;FALSE;Bronze artefacts;Bronze brooch;Ananjino bronze brooch;Ananjinon solki;FALSE;;;;68;59;1;FALSE;FALSE;FALSE;FALSE;TRUE;TRUE;Solki py”re„, reunat koristeltu pienin kupuroin, keskell„ isompi koristekupua
BA;1000005565;Laitila;Jokilaakso;KM;30867;;6771678;3216663;23;FALSE;FALSE;FALSE;FALSE;FALSE;FALSE;FALSE;TRUE;FALSE;FALSE;FALSE;Bronze artefacts;Bronze axe;Palstave;Olkakirves;TRUE;155;38;28;;;;FALSE;TRUE;TRUE;FALSE;FALSE;FALSE;
BA;564010051;Oulu;Hangaskangas;KM;31379;35;7200515;3442572;39;FALSE;FALSE;FALSE;FALSE;FALSE;FALSE;FALSE;TRUE;FALSE;FALSE;FALSE;Bronze artefacts;Bronze dagger;Seima bronze dagger;Seiman tikari;FALSE;;;;107;27;3;TRUE;FALSE;FALSE;FALSE;FALSE;FALSE;Hautal”yt”. Samasta yhteydest„ mm. palanutta ihmisluuta, joka AMS-ajoitettu Hela-498: 3510+/-75 BP
BA;601010053;Pihtipudas;Vaaksianniemi;KM;33719;;7027220;3432120;115;FALSE;FALSE;FALSE;FALSE;FALSE;FALSE;FALSE;TRUE;TRUE;FALSE;FALSE;Bronze artefacts;Other bronze artefact;Fragment of bronze sheet;Pronssilevyn katkelma;FALSE;;;;55;38;1;FALSE;FALSE;FALSE;FALSE;FALSE;FALSE;L”ydetty kahden osittain tuhoutuneen lapinraunion ulkopuolelta. Esine Janen Ik„heimon pxrf-tutkimuksen mukaan tinarikasta pronssia.
BA;6010009;Loimaa;Isovarenm„ki;KM;34594;1;6769672;3273308;100;FALSE;FALSE;FALSE;FALSE;FALSE;FALSE;FALSE;TRUE;TRUE;FALSE;FALSE;Bronze artefacts;Bronze knife;Bronze knife;Pronssiveitsi;FALSE;;;;24;10;2;FALSE;FALSE;TRUE;TRUE;FALSE;FALSE;Hiidenkiausl”yt”, r”ykki”st„ l”ytyneest„ palaneest luusta AMS-ajoitus Hela-896: 2835+/-45
BA;6010009;Loimaa;Isovarenm„ki;KM;34594;2;6769672;3273308;100;FALSE;FALSE;FALSE;FALSE;FALSE;FALSE;FALSE;TRUE;TRUE;FALSE;FALSE;Bronze artefacts;Bronze hygiene accessory;Bronze razor;Partaveitsi, karkeatekoinen;FALSE;;;;38;10;1;FALSE;FALSE;TRUE;TRUE;FALSE;FALSE;Hiidenkiausl”yt”, r”ykki”st„ l”ytyneest„ palaneest luusta AMS-ajoitus Hela-896: 2835+/-45
BA;uusi 7098;Hollola;Kiviniemi;KM;34939;;6772760;3424280;;FALSE;FALSE;FALSE;FALSE;FALSE;FALSE;FALSE;TRUE;TRUE;FALSE;FALSE;Bronze artefacts;Bronze axe;Maaninka bronze axe;Maaningan kirves;TRUE;80;50;31;;;;FALSE;FALSE;TRUE;TRUE;FALSE;FALSE;
BA;uusi 1880;Paimio;S„hk”yhti”ntie 4;KM;37946;;6713714;3262699;15;FALSE;FALSE;FALSE;FALSE;FALSE;FALSE;FALSE;TRUE;FALSE;FALSE;FALSE;Bronze artefacts;Bronze axe;Pre-Maaninka bronze axe;Esimaaningan kirves;TRUE;93;51;34;;;;TRUE;TRUE;FALSE;FALSE;FALSE;FALSE;
BA;1000038127;Nakkila;J„rvim„ki;KM;39485;1;6815485;3230113;;FALSE;FALSE;FALSE;FALSE;FALSE;FALSE;FALSE;FALSE;TRUE;FALSE;FALSE;Bronze artefacts;Bronze axe;Scandinavian socketed axe;Skandinaavinen putkikirves;FALSE;61;35;;;0;21;FALSE;FALSE;FALSE;FALSE;TRUE;TRUE;"J„ljell„ oleva osa putkea t„ynn„ j„hmettynytt„ metallia. Ep„onnistunut kappale tai ""symbolinen putkikirves""?"
BA;1000036011;Lieksa;Liklamo;KM;42134;1;7019362;3641684;;FALSE;FALSE;FALSE;FALSE;FALSE;FALSE;FALSE;FALSE;TRUE;FALSE;FALSE;Bronze artefacts;Bronze knife;Bronze knife;Pronssiveitsi;FALSE;0;0;0;52;24;2;FALSE;FALSE;FALSE;FALSE;FALSE;FALSE;Kaksiter„inen, muodoltaan hieman kaareva.
BA;1000036011;Lieksa;Liklamo;KM;42134;2;7019362;3641684;;FALSE;FALSE;FALSE;FALSE;FALSE;FALSE;FALSE;TRUE;TRUE;FALSE;FALSE;Bronze artefacts;Bronze brooch;Bronze brooch;Pronssisolki;FALSE;0;0;0;48;27;6;FALSE;FALSE;FALSE;FALSE;FALSE;FALSE;Jyrkk„kaarinen. Ei selke„„ koristelua.
BA;1000036514;Porvoo;Bysmeds;KM;42164;;6702078;3422275;;FALSE;FALSE;FALSE;FALSE;FALSE;FALSE;FALSE;TRUE;FALSE;FALSE;FALSE;Bronze artefacts;Bronze axe;Palstave;Olkakirves;FALSE;0;0;0;81;38;25;FALSE;TRUE;TRUE;FALSE;FALSE;FALSE;
BA;1000036527;Porvoo;Pr„st„ngen;KM;42166;;6698570;3420664;;FALSE;FALSE;FALSE;FALSE;FALSE;FALSE;FALSE;FALSE;TRUE;FALSE;FALSE;Bronze artefacts;Bronze spearhead;Scandinavian bronze spearhead;Keih„„nk„rki, skandinaavinen;FALSE;100;28;22;0;0;0;FALSE;FALSE;FALSE;TRUE;FALSE;FALSE;
BA;1000024355;Kemi”nsaari                                                                                         ;Keskitalo                                                                                           ;KM        ;39711;;6687797;3271904;;FALSE;FALSE;FALSE;FALSE;FALSE;FALSE;FALSE;TRUE;FALSE;FALSE;FALSE;Bronze artefacts;Bronze axe;Flanged axe;Reunakirves;FALSE;154;26;24;;;;FALSE;TRUE;FALSE;FALSE;FALSE;FALSE;
BA;886010016;Ulvila;Pirunkynsi I ja II;KM        ;39764;;6827855;3230115;30;FALSE;FALSE;FALSE;FALSE;FALSE;FALSE;FALSE;FALSE;TRUE;FALSE;FALSE;Bronze artefacts;Bronze bracelet;Simple bronze bracelet;Rannerengas, yksinkertainen;TRUE;65;75;3;;;;FALSE;FALSE;FALSE;FALSE;TRUE;TRUE;Hiidenkiuasl”yt”. Taivutettu py”re„st„ pronssivartaasta. Ei selke„„ koristelua.
BA;1000024359;Kemi”nsaari                                                                                         ;Gammelby                                                                                            ;KM        ;40195;1;6680730;3267859;;FALSE;FALSE;FALSE;FALSE;FALSE;FALSE;FALSE;TRUE;TRUE;FALSE;FALSE;Bronze artefacts;Bronze axe;Socketed axe;Putkikirves;FALSE;;;;53;32;22;FALSE;FALSE;FALSE;FALSE;FALSE;FALSE;K”mpel”sti valettu, todenn„k”isesti paikallista tuotantoa.
BA;755010017;Siuntio;Dalamalm;KM        ;40557;1;6675449;3343367;;FALSE;FALSE;FALSE;FALSE;FALSE;FALSE;FALSE;TRUE;FALSE;FALSE;FALSE;Bronze artefacts;Bronze axe;Palstave;Olkakirves;FALSE;;;;73;26;25;FALSE;TRUE;TRUE;FALSE;FALSE;FALSE;
BA;1000030264;Utaj„rvi                                                                                            ;Ik„l„                                                                                               ;KM        ;40989;;7186813;3472070;;FALSE;FALSE;FALSE;FALSE;FALSE;FALSE;FALSE;TRUE;TRUE;FALSE;FALSE;Bronze artefacts;Bronze sword;Bronze sword/dagger;Pronssimiekka/tikari;FALSE;;;;95;28;7;FALSE;FALSE;FALSE;FALSE;FALSE;FALSE;
BA;1000028895;Kaarina                                                                                             ;Kurpanpelto                                                                                         ;KM        ;41071;;6710613;3250711;;FALSE;FALSE;FALSE;FALSE;FALSE;FALSE;FALSE;TRUE;TRUE;FALSE;FALSE;Bronze artefacts;Bronze axe;Socketed axe;Putkikirves;FALSE;;;;;70;34;FALSE;FALSE;FALSE;FALSE;FALSE;FALSE;
BA;1000034173;Kuhmo                                                                                               ;Pajakka                                                                                             ;KM        ;41730;;7116752;3622219;;FALSE;FALSE;FALSE;FALSE;FALSE;FALSE;FALSE;TRUE;TRUE;FALSE;FALSE;Bronze artefacts;Bronze spearhead;Scandinavian bronze spearhead;Keih„„nk„rki, skandinaavinen;FALSE;;;;;;;FALSE;FALSE;FALSE;FALSE;FALSE;FALSE;Metallinilmaisinl”yt” suuren kiven juurelta, noin 40 cm syvyydest„.
BA;1000005672;Laitila;Suontaka Uotila;SatM;3351;1;6771296;3218345;25;FALSE;FALSE;FALSE;FALSE;FALSE;FALSE;FALSE;TRUE;FALSE;FALSE;FALSE;Bronze artefacts;Bronze axe;Palstave;Olkakirves;FALSE;176;41;26;0;0;0;FALSE;TRUE;TRUE;FALSE;FALSE;FALSE;
BA;531010035;Nakkila;Rieskaronm„ki;SatM;16454;1;6822255;3235817;30;FALSE;FALSE;FALSE;FALSE;FALSE;FALSE;FALSE;FALSE;TRUE;FALSE;FALSE;Bronze artefacts;Bronze bracelet;Simple bronze bracelet;Rannerengas, yksinkertainen;TRUE;49;41;3;0;0;0;FALSE;FALSE;FALSE;TRUE;TRUE;FALSE;Sopisi vain hyvin pienikokoiseen ranteeeseen.
BA;531010035;Nakkila;Rieskaronm„ki;SatM;16454;125;6822255;3235817;30;FALSE;FALSE;FALSE;FALSE;FALSE;FALSE;FALSE;FALSE;TRUE;FALSE;FALSE;Bronze artefacts;Bronze neck ring;Central European bronze neck ring;Kaularengas, keskieurooppalainen;TRUE;135;130;3;0;0;0;FALSE;FALSE;FALSE;FALSE;TRUE;FALSE;
BA;531010035;Nakkila;Rieskaronm„ki;SatM;16454;126;6822255;3235817;30;FALSE;FALSE;FALSE;FALSE;FALSE;FALSE;FALSE;FALSE;TRUE;FALSE;FALSE;Bronze artefacts;Bronze button;Bronze button;Nappi;FALSE;53;51;8;0;0;0;FALSE;FALSE;FALSE;FALSE;TRUE;FALSE;Toisella lappeella kahva, toisella ympyr„koristelua ja py”re„ keskipistekohouma.
BA;531010015;Nakkila;Kaasanm„ki (Soinila);SatM;16545;1;6811777;3233585;25;FALSE;FALSE;FALSE;FALSE;FALSE;FALSE;FALSE;TRUE;FALSE;FALSE;FALSE;Bronze artefacts;Bronze axe;Seima bronze axe;Seiman kirves;TRUE;84;49;;0;0;29;TRUE;FALSE;FALSE;FALSE;FALSE;FALSE;Valanta karkeaa, ilmeisesti paikallista tuotantoa.
BA;531010035;Nakkila;Rieskaronm„ki;SatM;17102;2;6822255;3235817;30;FALSE;FALSE;FALSE;FALSE;FALSE;FALSE;FALSE;FALSE;TRUE;FALSE;FALSE;Bronze artefacts;Bronze hygiene accessory;Bronze tweezers;Pinsetit;TRUE;77;36;13;0;0;0;FALSE;FALSE;FALSE;FALSE;TRUE;FALSE;Koristeltu kuhmuin ja kampakuvioisin reunaviivoin, Yhdess„ kuhmussa porattu reik„.
BA;531010035;Nakkila;Rieskaronm„ki;SatM;17102;4;6822255;3235817;30;FALSE;FALSE;FALSE;FALSE;FALSE;FALSE;FALSE;FALSE;TRUE;FALSE;FALSE;Bronze artefacts;Bronze hygiene accessory;Bronze comb;Pronssikampa;TRUE;43;46;1;0;0;0;FALSE;FALSE;FALSE;FALSE;TRUE;FALSE;Piikkien asema ja muoito ep„symmetrisi„. Useimmat valettu yhteen viereisten kanssa jostakin kohdaasta.
BA;531010035;Nakkila;Rieskaronm„ki;SatM;17102;7;6822255;3235817;30;FALSE;FALSE;FALSE;FALSE;FALSE;FALSE;FALSE;FALSE;TRUE;FALSE;FALSE;Bronze artefacts;Bronze hygiene accessory;Bronze tweezers;Pinsetit;FALSE;80;38;9;0;0;0;FALSE;FALSE;FALSE;FALSE;TRUE;FALSE;Koristeltu kuhmuin,
BA;531010035;Nakkila;Rieskaronm„ki;SatM;17102;10;6822255;3235817;30;FALSE;FALSE;FALSE;FALSE;FALSE;FALSE;FALSE;FALSE;TRUE;FALSE;FALSE;Bronze artefacts;Bronze hygiene accessory;Bronze razor;Partaveitsi, karkeatekoinen;FALSE;;;;68;27;1;FALSE;FALSE;FALSE;FALSE;TRUE;FALSE;Esine py”re„n pronssilevyn kappale, joka ilmeisesti sedundaariseti teroitettu partaveitseksi.
BA;531010037;Nakkila;Uotinper„  II;SatM;17459;38;6822434;3235944;30;FALSE;FALSE;FALSE;FALSE;FALSE;FALSE;FALSE;FALSE;TRUE;FALSE;FALSE;Bronze artefacts;Bronze hygiene accessory;Bronze tweezers;Pinsetit;TRUE;56;23;7;0;0;0;FALSE;FALSE;FALSE;TRUE;FALSE;FALSE;Koristeltu kuhmuin
BA;531010037;Nakkila;Uotinper„  II;SatM;17459;55;6822434;3235944;30;FALSE;FALSE;FALSE;FALSE;FALSE;FALSE;FALSE;FALSE;TRUE;FALSE;FALSE;Bronze artefacts;Bronze knife;Bronze knife;Pronssiveitsi;FALSE;0;0;0;40;14;1;FALSE;FALSE;FALSE;TRUE;FALSE;FALSE;Esine teroitettu pronssipellin kappale.
BA;271010015;Kokem„ki;Per„vainionm„ki;SatM;17824;17;6804468;3251730;40;FALSE;FALSE;FALSE;FALSE;FALSE;FALSE;FALSE;FALSE;TRUE;FALSE;FALSE;Bronze artefacts;Bronze button;Bronze double button;Kaksoisnappi;TRUE;18;17;16;0;0;0;FALSE;FALSE;FALSE;TRUE;FALSE;FALSE;
BA;uusi 7099;Sund;Sundby;SHH;9724;;6701054;3118007;;FALSE;FALSE;FALSE;FALSE;FALSE;FALSE;FALSE;TRUE;FALSE;FALSE;FALSE;Bronze artefacts;Bronze sword;Nordic full-hilted sword;Umpikahvamiekka, skandinaavinen;TRUE;430;53;44;0;0;0;FALSE;TRUE;TRUE;FALSE;FALSE;FALSE;Kopio, Stockholms historiska museumin kokoelmista (osa KM esihistorian 1995 perusn„yttely„). Ter„n leveys 39 mm, paksuus 9 mm. Hiidenkiuasl”yt”.
BA;uusi 7100;Kaarina;Littoisten tehdas;TMM;;;6713158;3247308;;FALSE;FALSE;FALSE;FALSE;FALSE;FALSE;FALSE;TRUE;FALSE;FALSE;FALSE;Bronze artefacts;Bronze axe;Scandinavian socketed axe;Skandinaavinen putkikirves;TRUE;115;42;38;0;0;0;FALSE;FALSE;TRUE;FALSE;FALSE;FALSE;Alun perin bo klassiska lyceumin kokoelmassa (No 8). L”ydetty ennen 1875, mahdollisesti Littoisetn tehtaan alueelta. Alun perin. Kansallismuseon kokoelmissa kopio numerolla KM 10876. My”s Turun museokeskuksen Varaston„yttelyss„ kopio esineest„.
BA;uusi 7101;Turku;Pahaniemi;TMM;14075;1;6714581;3236341;;FALSE;FALSE;FALSE;FALSE;FALSE;FALSE;FALSE;TRUE;FALSE;FALSE;FALSE;Bronze artefacts;Bronze axe;Palstave;Olkakirves;FALSE;175;38;24;0;0;0;FALSE;TRUE;TRUE;FALSE;FALSE;FALSE;Valanta karkeaa, todenn„k”isesti paikallista tuotantoa. OK 2019. N„yttely
