Phase;Site id;Municipality;Site name;Collection;Main number;Subnumber;p;i;z;m1;m2;m3;n1;n2;n3;n4;p1;p2;r1;r2;Ajoitusperuste;Category;Type;Subtype;Subtype 2;Subtype (Finnish);Certainty;Subtype 2 (Finnish);Integrity;Main temper (Finnish);Length (mm);Width (mm);Thickness (mm);Fragment length (mm);Fragment width (mm);Fragment thickness (mm);Other notes (Finnish);;;;;;;Photoal ID 
BA;uusi 8382;tuntematon;;KHMESIE;2612;;;;;FALSE;FALSE;FALSE;FALSE;FALSE;FALSE;FALSE;TRUE;TRUE;FALSE;FALSE;;Stone artefacts;Stone shaft-hole axe;Rhombus shaft-hole axe;Rhombus shaft-hole axe;Rombikirves;3;;FALSE;oliviinidiabaasi;;;;58;63;47;Voi myös olla yksinkertainen reikäkirves.;;;;;;;KHMESIE 2612
BA;kuopio124;Kuopio;Riistavesi;KHMESIE;3478;;6977200;3556000;;FALSE;FALSE;FALSE;FALSE;FALSE;FALSE;FALSE;TRUE;TRUE;FALSE;FALSE;;Stone artefacts;Stone shaft-hole axe;Rhombus shaft-hole axe;Rhombus shaft-hole axe with sharp edges;Rombikirves, teräväsärmäinen;1;;TRUE;diabaasi;116;48;13;;;;;;;;;;;KHMESIE 3478
BA;kuopio150;Kuopio;Lohilahti;KHMESIE;4391;;6984340;3550780;;FALSE;FALSE;FALSE;FALSE;FALSE;FALSE;FALSE;FALSE;TRUE;FALSE;FALSE;;Stone artefacts;Stone shaft-hole axe;Rhombus shaft-hole axe;Rhombus shaft-hole axe, pentagonal;Rombikirves, viisisärmäinen;1;;FALSE;diabaasi;91;48;29;;;;;;;;;;;KHMESIE 4391
BA;1000016756;Kuopio;Vanhapiha;KHMESIE;5844;;7022110;3510110;90;FALSE;FALSE;FALSE;FALSE;FALSE;FALSE;TRUE;TRUE;TRUE;FALSE;FALSE;;Stone artefacts;Stone arrowhead;Even-based arrowhead;Even-based quartz arrowhead;Kvartsinuolenkärki, tasakantainen;1;;TRUE;kvartsi;48;20;8;;;;;;;;;;;KHMESIE 5844
BA;204010001;Kaavi;Tyynelä;KHMESIE;6165;;6970343;3595986;102;FALSE;FALSE;FALSE;FALSE;FALSE;FALSE;TRUE;TRUE;TRUE;FALSE;FALSE;;Stone artefacts;Stone arrowhead;Even-based arrowhead;Even-based flint arrowhead;Piinuolenkärki, tasakantainen;1;;FALSE;pii;;;;36;14;4;;;;;;;;KHMESIE 6165
BA;749010006;Siilinjärvi;Saunalahti;KHMESIE;6251;1;6988620;3523680;98;FALSE;FALSE;FALSE;FALSE;FALSE;FALSE;TRUE;TRUE;TRUE;FALSE;FALSE;;Stone artefacts;Stone arrowhead;Even-based arrowhead;Even-based flint arrowhead;Piinuolenkärki, tasakantainen;1;;FALSE;pii;;;;38;12;7;Lapinrauniolöytö.;;;;;;;KHMESIE 6251_1
BA;kuopio197;Kuopio;Vaajasalo;KHMESIE;6509;;6978863;3541171;;FALSE;FALSE;FALSE;FALSE;FALSE;FALSE;FALSE;TRUE;TRUE;FALSE;FALSE;;Stone artefacts;Stone shaft-hole axe;Rhombus shaft-hole axe;Rhombus shaft-hole axe with sharp edges;Rombikirves, teräväsärmäinen;2;;FALSE;harmaa kivi;168;80;40;;;;Tyylillisesti teräväsärmäisen ja A-tyypin rombikirveen välimuoto. Todennäköisesti paikallista tuotantoa. Löydetty rantahiekasta, tarkempi löytöpaikka ei selvillä.;;;;;;;KHMESIE 6509
BA;a483;Harjavalta;Harjavalta;KM;78;;6810267;3240036;;FALSE;FALSE;FALSE;FALSE;FALSE;FALSE;FALSE;FALSE;TRUE;FALSE;FALSE;;Stone artefacts;Stone shaft-hole axe;Rhombus shaft-hole axe;Rhombus shaft-hole axe, pentagonal;Rombikirves, viisisärmäinen;1;;TRUE;porfyyri;109;56;37;;;;;;;;;;;KM 78
BA;a742;Hattula;Anomaa;KM;1693;;6783540;3359530;;FALSE;FALSE;FALSE;FALSE;FALSE;FALSE;FALSE;TRUE;TRUE;FALSE;FALSE;;Stone artefacts;Stone shaft-hole axe;Rhombus shaft-hole axe;Rhombus shaft-hole axe with sharp edges;Rombikirves, teräväsärmäinen;2;;FALSE;porfyyri;;;;90;43;31;;;;;;;;KM 1693
BA;uusi 7034;Pori;;KM;1907;10;6842519;3227971;;FALSE;FALSE;FALSE;FALSE;FALSE;FALSE;FALSE;TRUE;TRUE;FALSE;FALSE;;Stone artefacts;Stone shaft-hole axe;Rhombus shaft-hole axe;Rhombus shaft-hole axe with sharp edges;Rombikirves, teräväsärmäinen;2;;FALSE;diabaasi;;;;97;44;35;Kärki tylppä ja hionta keskeneräisen oloista.;;;;;;;KM 1907_10
BA;uusi 5738;Inari;Patjoki;KM;2012;5;7647100;3557147;;FALSE;FALSE;FALSE;FALSE;FALSE;FALSE;TRUE;TRUE;TRUE;FALSE;FALSE;;Stone artefacts;Stone arrowhead;Even-based arrowhead;Even-based quartzite arrowhead;Kvartsiittinuolenkärki, tasakantainen;1;;TRUE;kvartsiitti;62;18;6;;;;;;;;;;;KM 2012_5
BA;1000016758;Kuopio;Korppiniemi;KM;2023;104;7014360;3512000;85;FALSE;FALSE;FALSE;FALSE;FALSE;FALSE;TRUE;TRUE;TRUE;FALSE;FALSE;;Stone artefacts;Stone arrowhead;Even-based arrowhead;Even-based quartz arrowhead;Kvartsinuolenkärki, tasakantainen;1;;FALSE;kvartsi;;;;42;15;7;"""Alkujaan oli se n. 6 tuumaa pitkä, kuin se useita kymmeniä vuosia sitten löy-dettiin pellosta Korppiniemeltä Viannon kylästä Maaningan pitäjää.""";;;;;;;KM 2023_104
BA;601010019;Pihtipudas;Majaniemi;KM;2029;102;7037925;3419187;115;FALSE;FALSE;FALSE;FALSE;FALSE;FALSE;FALSE;TRUE;TRUE;FALSE;FALSE;;Stone artefacts;Stone shaft-hole axe;Rhombus shaft-hole axe;Rhombus shaft-hole axe with sharp edges;Rombikirves, teräväsärmäinen;1;;FALSE;vihreäliuske;105;35;34;;;;Esine kahdessa yhteenliimatussa osassa.;;;;;;;KM 2029_102
BA;uusi 6058;Ikaalinen;;KM;2041;3;6858473;3300007;;FALSE;FALSE;FALSE;FALSE;FALSE;FALSE;FALSE;FALSE;TRUE;FALSE;FALSE;;Stone artefacts;Stone shaft-hole axe;Rhombus shaft-hole axe;Rhombus shaft-hole axe with curved back;Rombikirves, käyräselkäinen;1;;TRUE;porfyriitti;140;56;52;;;;Hyvin karkeatekoinen tyyppinsä edustajaksi, selvästi paikallista tuotantoa. Reikä porattu kahdelta puolelta.;;;;;;;KM 2041_3
BA;uusi 6210;Sastamala;;KM;2084;278;6804662;3269133;;FALSE;FALSE;FALSE;FALSE;FALSE;FALSE;FALSE;FALSE;TRUE;FALSE;FALSE;;Stone artefacts;Stone shaft-hole axe;Rhombus shaft-hole axe;Rhombus shaft-hole axe, square in section;Rombikirves, poikkileikkaukseltaan suorakulmainen;2;;FALSE;porfyriitti;;;;92;59;36;;;;;;;;KM 2084_278
BA;turku273;Huittinen;;KM;2252;29;6793020;3268892;;FALSE;FALSE;FALSE;FALSE;FALSE;FALSE;FALSE;TRUE;TRUE;FALSE;FALSE;;Stone artefacts;Stone shaft-hole axe;Rhombus shaft-hole axe;Rhombus shaft-hole axe;Rombikirves;1;;TRUE;porfyyri;97;55;37;;;;;;;;;;;KM 2252_29
BA;262010002;Eura;Heikkilä;KM;2994;7;6797473;3230980;31;FALSE;FALSE;FALSE;FALSE;FALSE;FALSE;FALSE;FALSE;TRUE;FALSE;FALSE;tyyppi;Stone artefacts;Stone shaft-hole axe;Rhombus shaft-hole axe;Rhombus shaft-hole axe, A-type;Rombikirves, A-tyyppi;1;;FALSE;diabaasi;;;;77;66;37;Löytäjän mukaan löydetty kiviröykkiöstä, yhdessä toisen pronssikautisen kivikirveen katkelman kanssa.;;;;;;;KM 2994_7
BA;262010002;Eura;Heikkilä;KM;2994;8;6797473;3230980;31;FALSE;FALSE;FALSE;FALSE;FALSE;FALSE;FALSE;TRUE;TRUE;FALSE;FALSE;tyyppi;Stone artefacts;Stone shaft-hole axe;Rhombus shaft-hole axe;Rhombus shaft-hole axe with sharp edges;Rombikirves, teräväsärmäinen;1;;FALSE;musta liuske;;;;81;28;30;Löytäjän mukaan löytynyt kiviröykkiöstä, yhdessä toisen pronssikautisen kivikiveen fragmentin kanssa.;;;;;;;KM 2994_8
BA;uusi 8472;Lemi;Hietamies;KM;3078;8;6768904;3538933;;FALSE;FALSE;FALSE;FALSE;FALSE;FALSE;FALSE;FALSE;TRUE;FALSE;FALSE;;Stone artefacts;Stone shaft-hole axe;Rhombus shaft-hole axe;Rhombus shaft-hole axe, A-type;Rombikirves, A-tyyppi;1;;TRUE;diabaasi;75;58;42;0;0;0;Lapinrauniolöytö.;;;;;;;KM 3078_8
BA;uusi 8472;Virrat;;KM;3078;8;6907821;3332493;;FALSE;FALSE;FALSE;FALSE;FALSE;FALSE;FALSE;FALSE;TRUE;FALSE;FALSE;;Stone artefacts;Stone shaft-hole axe;Rhombus shaft-hole axe;Rhombus shaft-hole axe, A-type;Rombikirves, A-tyyppi;1;;TRUE;diabaasi;75;58;42;0;0;0;Lapinrauniolöytö.;;;;;;;KM 3078_8
BA;785010008;Vaala;Nimisjärvi Sillankorva;KM;3147;19;7157900;3490030;123;FALSE;FALSE;FALSE;FALSE;FALSE;FALSE;FALSE;FALSE;TRUE;FALSE;FALSE;;Stone artefacts;Stone cast;Ananjino axe cast;;Valinmuotti, Ananjinon kirves;2;;FALSE;vuolukivi;0;0;0;52;49;13;;;;;;;;KM 3147_19
BA;785010008;Vaala;Nimisjärvi Sillankorva;KM;3147;20;7157900;3490030;123;FALSE;FALSE;FALSE;FALSE;FALSE;FALSE;FALSE;FALSE;TRUE;FALSE;FALSE;;Stone artefacts;Stone cast;Ananjino axe cast;;Valinmuotti, Ananjinon kirves;2;;FALSE;vuolukivi;0;0;0;38;18;17;;;;;;;;KM 3147_20
BA;785010008;Vaala;Nimisjärvi Sillankorva;KM;3147;21;7157900;3490030;123;FALSE;FALSE;FALSE;FALSE;FALSE;FALSE;FALSE;FALSE;TRUE;FALSE;FALSE;;Stone artefacts;Stone cast;Ananjino axe cast;;Valinmuotti, Ananjinon kirves;2;;FALSE;vuolukivi;0;0;0;38;21;7;;;;;;;;KM 3147_21
BA;uusi 8473;Salo;Ervelä;KM;3469;;6684981;3288685;;FALSE;FALSE;FALSE;FALSE;FALSE;FALSE;FALSE;TRUE;TRUE;FALSE;FALSE;;Stone artefacts;Stone shaft-hole axe;Rhombus shaft-hole axe;Rhombus shaft-hole axe;Rombikirves;2;;FALSE;porfyyri;;;;88;56;41;;;;;;;;KM 3469
BA;151010005;Isojoki;Peltosaari;KM;5630;;6898303;3224744;60;FALSE;FALSE;FALSE;FALSE;FALSE;FALSE;FALSE;TRUE;TRUE;FALSE;FALSE;tyyppi;Stone artefacts;Stone shaft-hole axe;Rhombus shaft-hole axe;Rhombus shaft-hole axe with sharp edges;Rombikirves, teräväsärmäinen;2;;TRUE;musta kivilaji;134;51;35;;;;Löydetty joesta.;;;;;;;KM 5630
BA;501010028;Salo;Jokiranta;KM;6548;1;6698980;3295140;25;FALSE;FALSE;FALSE;FALSE;FALSE;FALSE;TRUE;TRUE;TRUE;FALSE;FALSE;;Stone artefacts;Stone arrowhead;Even-based arrowhead;Even-based flint arrowhead;Piinuolenkärki, tasakantainen;1;;TRUE;pii;33;15;5;;;;;;;;;;;KM 6548_1
BA;uusi 6709;Akaa;Lapio;KM;6678;;6790190;3323467;;FALSE;FALSE;FALSE;FALSE;FALSE;FALSE;FALSE;FALSE;TRUE;FALSE;FALSE;;Stone artefacts;Stone shaft-hole axe;Rhombus shaft-hole axe;Rhombus shaft-hole axe, A-type;Rombikirves, A-tyyppi;1;;TRUE;porfyyri;120;47;35;;;;;;;;;;;KM 6678
BA;Kaukola 18;Kaukola;Kyöstälänharju;KM;6940;45;6779166;3648664;;FALSE;FALSE;FALSE;FALSE;FALSE;FALSE;FALSE;TRUE;TRUE;FALSE;FALSE;;Stone artefacts;Stone shaft-hole axe;Rhombus shaft-hole axe;Rhombus shaft-hole axe;Rombikirves;1;;FALSE;porfyyri;;;;51;56;35;;;;;;;;KM 6940_45
BA;uusi 4669;Salla;Rohmuoisten tunturi;KM;7162;3;7416620;3573513;;FALSE;FALSE;FALSE;FALSE;FALSE;FALSE;FALSE;FALSE;TRUE;FALSE;FALSE;;Stone artefacts;Stone cast;Stone cast;;Putkikirveen valinmuotti;1;;TRUE;;102;52;26;;;;;;;;;;;KM 7162_3
BA;409010028;Kristiinankaupunki;Lappfjärd-Langäng;KM;7959;3;6910898;3222697;38;FALSE;FALSE;FALSE;FALSE;FALSE;FALSE;TRUE;TRUE;TRUE;FALSE;FALSE;;Stone artefacts;Stone arrowhead;Even-based arrowhead;Even-based quartz arrowhead;Kvartsinuolenkärki, tasakantainen;1;;TRUE;kvartsi;53;16;7;;;;;;;;;;;KM 7959_3
BA;uusi 4364;Salo;Hossamaa;KM;8579;2;6697991;3287358;;FALSE;FALSE;FALSE;FALSE;FALSE;FALSE;FALSE;TRUE;TRUE;FALSE;FALSE;;Stone artefacts;Stone shaft-hole axe;Rhombus shaft-hole axe;Rhombus shaft-hole axe;Rombikirves;1;;FALSE;vihreä kivilaji;;;;82;61;46;;;;;;;;KM 8579_2
BA;uusi 4468;Enontekiö;Posionniemi;KM;8762;;7622939;3323842;;FALSE;FALSE;FALSE;FALSE;FALSE;FALSE;FALSE;FALSE;TRUE;FALSE;FALSE;;Stone artefacts;Stone shaft-hole axe;Rhombus shaft-hole axe;Rhombus shaft-hole axe, hexagonal;Rombikirves, kuusikulmainen;1;;TRUE;porfyyri;86;50;37;;;;;;;;;;;KM 8762
BA;1000009914;Ylitornio;Vuennonkoski;KM;8807;3;7345656;3357539;50;FALSE;FALSE;FALSE;FALSE;FALSE;FALSE;FALSE;TRUE;TRUE;FALSE;FALSE;;Stone artefacts;Stone shaft-hole axe;Rhombus shaft-hole axe;Rhombus shaft-hole axe;Rombikirves;1;;FALSE;porfyyri;;;;52;44;29;;;;;;;;KM 8807_3
BA;250010005;Kihniö;Ruohonen;KM;8847;;6898877;3299376;145;FALSE;FALSE;FALSE;FALSE;FALSE;FALSE;TRUE;TRUE;TRUE;FALSE;FALSE;;Stone artefacts;Stone arrowhead;Even-based arrowhead;Even-based flint arrowhead;Piinuolenkärki, tasakantainen;1;;TRUE;pii;78;17;6;;;;;;;;;;;KM 8847
BA;uusi 4526;Laitila;Saha;KM;8849;;6781567;3212193;;FALSE;FALSE;FALSE;FALSE;FALSE;FALSE;FALSE;FALSE;TRUE;FALSE;FALSE;;Stone artefacts;Stone shaft-hole axe;Rhombus shaft-hole axe;Rhombus shaft-hole axe, provincial;Rombikirves, provinsiaalinen;1;;TRUE;kiillegneissi;95;61;35;;;;Meinander: Bronzezeit s. 74;;;;;;;KM 8849
BA;uusi 4066;Räisälä;Tiuri;KM;9074;;6751961;3653191;;FALSE;FALSE;FALSE;FALSE;FALSE;FALSE;FALSE;FALSE;TRUE;FALSE;FALSE;;Stone artefacts;Stone shaft-hole axe;Rhombus shaft-hole axe;Rhombus shaft-hole axe with curved back;Rombikirves, käyräselkäinen;1;;TRUE;porfyyri;92;55;40;;;;vai vasarakirves?;;;;;;;KM 9074
BA;148010025;Inari;Toivoniemi koillinen;KM;9125;12;7665300;3504800;147;FALSE;FALSE;FALSE;FALSE;FALSE;FALSE;TRUE;TRUE;TRUE;FALSE;FALSE;;Stone artefacts;Stone arrowhead;Even-based arrowhead;Even-based quartz arrowhead;Kvartsinuolenkärki, tasakantainen;1;;TRUE;kvartsi;47;18;6;;;;;;;;;;;KM 9125_12
BA;uusi 4132;Suistamo;Tuomela;KM;9201;;6879260;3722588;;FALSE;FALSE;FALSE;FALSE;FALSE;FALSE;FALSE;TRUE;TRUE;FALSE;FALSE;typologia;Stone artefacts;Stone shaft-hole axe;Rhombus shaft-hole axe;Rhombus shaft-hole axe with sharp edges;Rombikirves, teräväsärmäinen;1;;TRUE;vihreäliuske;180;56;36;;;;;;;;;;;KM 9201
BA;1000004093;Lohja;Luokola;KM;9453;;6695304;3325091;65;FALSE;FALSE;FALSE;FALSE;FALSE;FALSE;FALSE;FALSE;TRUE;FALSE;FALSE;;Stone artefacts;Stone shaft-hole axe;Rhombus shaft-hole axe;Rhombus shaft-hole axe, hexagonal;Rombikirves, kuusikulmainen;1;;TRUE;porfyyri;95;55;47;;;;;;;;;;;KM 9453
BA;uusi 4271;Äänekoski;;KM;9468;;6948383;3423059;;FALSE;FALSE;FALSE;FALSE;FALSE;FALSE;FALSE;FALSE;TRUE;FALSE;FALSE;;Stone artefacts;Stone shaft-hole axe;Rhombus shaft-hole axe;Rhombus shaft-hole axe, right-angled;Rombikirves, suorakulmainen;1;;TRUE;porfyyri;94;64;34;;;;iskunjälkiä;;;;;;;KM 9468
BA;uusi 3769;Uusikaarlepyy;Konttila;KM;9559;;7035450;3286037;;FALSE;FALSE;FALSE;FALSE;FALSE;FALSE;FALSE;FALSE;TRUE;FALSE;FALSE;;Stone artefacts;Stone shaft-hole axe;Rhombus shaft-hole axe;Rhombus shaft-hole axe with curved back;Rombikirves, käyräselkäinen;1;;TRUE;harmaa kivilaji;110;49;52;;;;;;;;;;;KM 9559
BA;9040015;Alavieska;Lammasniemi 1;KM;9730;;7123866;3370714;47;FALSE;FALSE;FALSE;FALSE;FALSE;FALSE;TRUE;TRUE;TRUE;FALSE;FALSE;;Stone artefacts;Stone arrowhead;Even-based arrowhead;Even-based quartz arrowhead;Kvartsinuolenkärki, tasakantainen;1;;FALSE;kvartsi;44;21;7;;;;;;;;;;;KM 9730
BA;uusi 3901;Sysmä;Valittula;KM;9802;1;6825468;3438458;;FALSE;FALSE;FALSE;FALSE;FALSE;FALSE;TRUE;TRUE;TRUE;FALSE;FALSE;;Stone artefacts;Stone arrowhead;Even-based arrowhead;Even-based quartz arrowhead;Kvartsinuolenkärki, tasakantainen;1;;TRUE;kvartsi;45;19;8;;;;;;;;;;;KM 9802_1
BA;uusi 3922;Kouvola;Ummeljoki;KM;9843;1;6739357;3487223;;FALSE;FALSE;FALSE;FALSE;FALSE;FALSE;FALSE;FALSE;TRUE;FALSE;FALSE;;Stone artefacts;Stone shaft-hole axe;Rhombus shaft-hole axe;Rhombus shaft-hole axe, hexagonal;Rombikirves, kuusikulmainen;1;;TRUE;porfyyri;130;44;38;;;;;;;;;;;KM 9843_1
BA;uusi 3964;Kruunupyy;Poras;KM;9922;;7074751;3306421;;FALSE;FALSE;FALSE;FALSE;FALSE;FALSE;TRUE;TRUE;TRUE;FALSE;FALSE;;Stone artefacts;Stone arrowhead;Even-based arrowhead;Even-based quartz arrowhead;Kvartsinuolenkärki, tasakantainen;1;;TRUE;kvartsi;46;18;7;;;;;;;;;;;KM 9922
BA;1000015709;Pyhäjärvi;Pyhäjoen niska;KM;10002;4;7069940;3449300;140;FALSE;FALSE;FALSE;FALSE;FALSE;FALSE;TRUE;TRUE;TRUE;FALSE;FALSE;;Stone artefacts;Stone arrowhead;Even-based arrowhead;Even-based quartz arrowhead;Kvartsinuolenkärki, tasakantainen;1;;TRUE;kvartsi;73;17;8;;;;;;;;;;;KM 10002_4
BA;uusi 2720;Seinäjoki;;KM;10097;;6942186;3299852;;FALSE;FALSE;FALSE;FALSE;FALSE;FALSE;FALSE;FALSE;TRUE;FALSE;FALSE;;Stone artefacts;Stone shaft-hole axe;Rhombus shaft-hole axe;Rhombus shaft-hole axe, A-type;Rombikirves, A-tyyppi;2;;TRUE;diabaasi;116;57;39;;;;;;;;;;;KM 10097
BA;912010022;Sastamala;Haapakallio;KM;10401;1;6811222;3282245;59;FALSE;FALSE;FALSE;FALSE;FALSE;FALSE;TRUE;TRUE;TRUE;FALSE;FALSE;;Stone artefacts;Stone arrowhead;Even-based arrowhead;Even-based flint arrowhead;Piinuolenkärki, tasakantainen;1;;FALSE;pii;;;;14;18;4;;;;;;;;KM 10401_1
BA;912010022;Sastamala;Haapakallio;KM;10657;10;6811222;3282245;59;FALSE;FALSE;FALSE;FALSE;FALSE;FALSE;TRUE;TRUE;TRUE;FALSE;FALSE;;Stone artefacts;Stone arrowhead;Even-based arrowhead;Even-based quartz arrowhead;Kvartsinuolenkärki, tasakantainen;1;;FALSE;kvartsi;;;;25;15;6;;;;;;;;KM 10657_10
BA;912010022;Sastamala;Haapakallio;KM;10657;88;6811222;3282245;59;FALSE;FALSE;FALSE;FALSE;FALSE;FALSE;TRUE;TRUE;TRUE;FALSE;FALSE;;Stone artefacts;Stone arrowhead;Even-based arrowhead;Even-based quartz arrowhead;Kvartsinuolenkärki, tasakantainen;2;;FALSE;kvartsi;;;;21;19;6;;;;;;;;KM 10657_88
BA;uusi 2586;Kalajoki;;KM;10859;;7125376;3362162;;FALSE;FALSE;FALSE;FALSE;FALSE;FALSE;TRUE;TRUE;TRUE;FALSE;FALSE;;Stone artefacts;Stone arrowhead;Even-based arrowhead;Even-based chert arrowhead;Serttinuolenkärki, tasakantainen;1;;TRUE;sertti;84;22;8;;;;mahdollisesti lidiittiä?;;;;;;;KM 10859
BA;uusi 3146;Ilomantsi;Tykkyläinen;KM;11140;3;6970791;3699851;;FALSE;FALSE;FALSE;FALSE;FALSE;FALSE;FALSE;FALSE;TRUE;FALSE;FALSE;pronssiteknologian kehitys alueella;Stone artefacts;Stone cast;Stone cast;;Valinmuotti;1;;TRUE;vuolukivi;176;44;22;;;;"""Tasaista lapetta käytetty löytymisen jälkeen hiomiseen""";;;;;;;KM 11140_3
BA;uusi 3346;Laihia;Kylänpää;KM;11499;1;6986931;3249659;;FALSE;FALSE;FALSE;FALSE;FALSE;FALSE;FALSE;FALSE;TRUE;FALSE;FALSE;;Stone artefacts;Stone shaft-hole axe;Rhombus shaft-hole axe;Rhombus shaft-hole axe, hexagonal;Rombikirves, kuusikulmainen;2;;FALSE;diabaasi;;;;54;59;34;;;;;;;;KM 11499_1
BA;x757;Kiuruvesi;Luvelahti;KM;11708;;7054444;3486441;;FALSE;FALSE;FALSE;FALSE;FALSE;FALSE;FALSE;FALSE;TRUE;FALSE;FALSE;;Stone artefacts;Stone shaft-hole axe;Rhombus shaft-hole axe;Rhombus shaft-hole axe, human figure;Rombikirves, ihmispäinen;1;;TRUE;porfyyri;158;66;41;;;;ihmispääkirves (kipsikopio nähty);;;;;;;KM 11708
BA;1000000291;Kauhava;Sittalan mäki;KM;12061;2;7012513;3291528;;FALSE;FALSE;FALSE;FALSE;FALSE;FALSE;FALSE;FALSE;TRUE;FALSE;FALSE;;Stone artefacts;Stone shaft-hole axe;Rhombus shaft-hole axe;Rhombus shaft-hole axe, A-type;Rombikirves, A-tyyppi;2;;TRUE;porfyyri;121;59;44;;;;keskeneräinen reikä, paikallinen muunnos?;;;;;;;KM 12061_2
BA;uusi 3485;Hamina;Summa;KM;12448;;6716320;3505295;;FALSE;FALSE;FALSE;FALSE;FALSE;FALSE;FALSE;FALSE;TRUE;FALSE;FALSE;;Stone artefacts;Stone shaft-hole axe;Rhombus shaft-hole axe;Rhombus shaft-hole axe, A-type;Rombikirves, A-tyyppi;1;;TRUE;diabaasi;103;48;31;;;;;;;;;;;KM 12448
BA;1000016622;Pirkkala;Virosmäki;KM;12530;;6821868;3317508;82;FALSE;FALSE;FALSE;FALSE;FALSE;FALSE;FALSE;FALSE;TRUE;FALSE;FALSE;;Stone artefacts;Stone cast;Stone cast;;Valinmuotti;1;;TRUE;kiilleliuske;0;0;0;0;0;0;;;;;;;;KM 12530
BA;605010001;Närpiö;Pörtom-Raineåsen;KM;12545;119;6971720;3221046;38;FALSE;FALSE;FALSE;FALSE;FALSE;FALSE;TRUE;TRUE;TRUE;FALSE;FALSE;;Stone artefacts;Stone arrowhead;Even-based arrowhead;Even-based quartzite arrowhead;Kvartsiittinuolenkärki, tasakantainen;2;;FALSE;kvartsiitti;;;;19;20;4;;;;;;;;KM 12545_119
BA;uusi 3527;Närpiö;Pirttikylä;KM;12546;;6967982;3224811;;FALSE;FALSE;FALSE;FALSE;FALSE;FALSE;FALSE;TRUE;TRUE;FALSE;FALSE;;Stone artefacts;Stone shaft-hole axe;Rhombus shaft-hole axe;Rhombus shaft-hole axe with sharp edges;Rombikirves, teräväsärmäinen;2;;FALSE;harmaa kivilaji;;;;80;48;13;;;;;;;;KM 12546
BA;uusi 2074;Viitasaari;Rajaniemi;KM;13010;;6983614;3464815;;FALSE;FALSE;FALSE;FALSE;FALSE;FALSE;TRUE;TRUE;TRUE;FALSE;FALSE;;Stone artefacts;Stone arrowhead;Even-based arrowhead;Even-based flint arrowhead;Piinuolenkärki, tasakantainen;1;;TRUE;pii;59;14;6;;;;lovikantainen;;;;;;;KM 13010
BA;uusi 2115;Espoo;Morby;KM;13224;;6680197;3369394;;FALSE;FALSE;FALSE;FALSE;FALSE;FALSE;FALSE;FALSE;TRUE;FALSE;FALSE;;Stone artefacts;Stone shaft-hole axe;Rhombus shaft-hole axe;Rhombus shaft-hole axe, hexagonal;Rombikirves, kuusikulmainen;1;;FALSE;porfyyri;;;;69;62;52;;;;;;;;KM 13224
BA;699010235;Rovaniemi;Hakaluoma;KM;13545;3;7349564;3425886;45;FALSE;FALSE;FALSE;FALSE;FALSE;FALSE;TRUE;TRUE;TRUE;FALSE;FALSE;;Stone artefacts;Stone arrowhead;Even-based arrowhead;Even-based quartz arrowhead;Kvartsinuolenkärki, tasakantainen;1;;TRUE;kvartsi;27;16;4;;;;;;;;;;;KM 13545_3
BA;1000003863;Porvoo;Rånas;KM;13916;;6692340;3439050;3;FALSE;FALSE;FALSE;FALSE;FALSE;FALSE;FALSE;FALSE;TRUE;FALSE;FALSE;;Stone artefacts;Stone shaft-hole axe;Rhombus shaft-hole axe;Rhombus shaft-hole axe, A-type;Rombikirves, A-tyyppi;1;;TRUE;porfyyri;147;77;42;;;;;;;;;;;KM 13916
BA;699010288;Rovaniemi;Luusuanvaara;KM;14087;1;7421760;3444700;150;FALSE;FALSE;FALSE;FALSE;FALSE;FALSE;FALSE;FALSE;TRUE;FALSE;FALSE;;Stone artefacts;Stone cast;Mälar axe cast;;Valinmuotti, Mälarin kirves;;;TRUE;;122;62;21;;;;;;;;;;;KM 14087_1
BA;699010288;Rovaniemi;Luusuanvaara;KM;14087;3;7421760;3444700;150;FALSE;FALSE;FALSE;FALSE;FALSE;FALSE;TRUE;TRUE;TRUE;FALSE;FALSE;;Stone artefacts;Stone arrowhead;Even-based arrowhead;Even-based quartz arrowhead;Kvartsinuolenkärki, tasakantainen;1;;FALSE;kvartsi;;;;28;15;6;;;;;;;;KM 14087_3
BA;691010033;Reisjärvi;Luomala;KM;14271;1;7058537;3400230;120;FALSE;FALSE;FALSE;FALSE;FALSE;FALSE;FALSE;FALSE;TRUE;FALSE;FALSE;;Stone artefacts;Stone shaft-hole axe;Rhombus shaft-hole axe;Rhombus shaft-hole axe, A-type;Rombikirves, A-tyyppi;1;;TRUE;musta kivilaji;105;62;40;;;;;;;;;;;KM 14271_1
BA;uusi 3705;Asikkala;Rutalahti;KM;14277;;6791750;3440413;;FALSE;FALSE;FALSE;FALSE;FALSE;FALSE;FALSE;TRUE;TRUE;FALSE;FALSE;;Stone artefacts;Stone shaft-hole axe;Rhombus shaft-hole axe;Rhombus shaft-hole axe;Rombikirves;2;;TRUE;diabaasi;126;55;44;;;;paikallinen muunnos;;;;;;;KM 14277
BA;777010025;Suomussalmi;Kalmosärkkä;KM;14504;350;7237045;3614621;199;FALSE;FALSE;FALSE;FALSE;FALSE;FALSE;TRUE;TRUE;TRUE;FALSE;FALSE;;Stone artefacts;Stone arrowhead;Even-based arrowhead;Even-based flint arrowhead;Piinuolenkärki, tasakantainen;2;;FALSE;pii;;;;22;16;5;;;;;;;;KM 14504_350
BA;777010025;Suomussalmi;Kalmosärkkä;KM;14504;526;7237045;3614621;199;FALSE;FALSE;FALSE;FALSE;FALSE;FALSE;TRUE;TRUE;TRUE;FALSE;FALSE;;Stone artefacts;Stone arrowhead;Even-based arrowhead;Even-based flint arrowhead;Piinuolenkärki, tasakantainen;1;;FALSE;pii;;;;17;13;3;;;;;;;;KM 14504_526
BA;x485;Rauma;Kaukola;KM;14603;;6784493;3225812;;FALSE;FALSE;FALSE;FALSE;FALSE;FALSE;FALSE;TRUE;TRUE;FALSE;FALSE;;Stone artefacts;Stone shaft-hole axe;Rhombus shaft-hole axe;Rhombus shaft-hole axe;Rombikirves;1;;TRUE;diabaasi;205;90;36;;;;;;;;;;;KM 14603
BA;301010001;Kurikka;Kaistila  ja Keski-Jyrä;KM;14713;;6953174;3263059;70;FALSE;FALSE;FALSE;FALSE;FALSE;FALSE;TRUE;TRUE;TRUE;FALSE;FALSE;;Stone artefacts;Stone arrowhead;Even-based arrowhead;Even-based quartz arrowhead;Kvartsinuolenkärki, tasakantainen;2;;TRUE;kvartsi;35;13;6;;;;;;;;;;;KM 14713
BA;777010025;Suomussalmi;Kalmosärkkä;KM;14829;274;7237045;3614621;199;FALSE;FALSE;FALSE;FALSE;FALSE;FALSE;TRUE;TRUE;TRUE;FALSE;FALSE;;Stone artefacts;Stone arrowhead;Even-based arrowhead;Even-based flint arrowhead;Piinuolenkärki, tasakantainen;1;;TRUE;pii;55;14;4;;;;;;;;;;;KM 14829_274
BA;777010025;Suomussalmi;Kalmosärkkä;KM;14830;1270;7237045;3614621;199;FALSE;FALSE;FALSE;FALSE;FALSE;FALSE;TRUE;TRUE;TRUE;FALSE;FALSE;;Stone artefacts;Stone spearhead;Even-based spearhead;Even-based flint spearhead;Piikeihäänkärki, tasakantainen;1;;TRUE;pii;147;33;8;;;;;;;;;;;KM 14830_1270
BA;777010025;Suomussalmi;Kalmosärkkä;KM;14830;1502;7237045;3614621;199;FALSE;FALSE;FALSE;FALSE;FALSE;FALSE;TRUE;TRUE;TRUE;FALSE;FALSE;;Stone artefacts;Stone arrowhead;Even-based arrowhead;Even-based quartz arrowhead;Kvartsinuolenkärki, tasakantainen;1;;FALSE;kvartsi;;;;17;15;6;koverakantainen;;;;;;;KM 14830_1502
BA;777010025;Suomussalmi;Kalmosärkkä;KM;14830;1577;7237045;3614621;199;FALSE;FALSE;FALSE;FALSE;FALSE;FALSE;TRUE;TRUE;TRUE;FALSE;FALSE;;Stone artefacts;Stone arrowhead;Even-based arrowhead;Even-based quartz arrowhead;Kvartsinuolenkärki, tasakantainen;1;;FALSE;kvartsi;;;;19;9;5;koverakantainen;;;;;;;KM 14830_1577
BA;777010027;Suomussalmi;Kellolaisten Tuli;KM;14831;1491;7237822;3614945;199;FALSE;FALSE;FALSE;FALSE;FALSE;FALSE;TRUE;TRUE;TRUE;FALSE;FALSE;;Stone artefacts;Stone spearhead;Even-based spearhead;Even-based flint spearhead;Piikeihäänkärki, tasakantainen;1;;FALSE;pii;;;;40;34;5;;;;;;;;KM 14831_1491
BA;148010040;Inari;Lahdenmäki;KM;14878;1;7641050;3553630;125;FALSE;FALSE;FALSE;FALSE;FALSE;FALSE;TRUE;TRUE;TRUE;FALSE;FALSE;;Stone artefacts;Stone arrowhead;Even-based arrowhead;Even-based quartzite arrowhead;Kvartsiittinuolenkärki, tasakantainen;1;;TRUE;;74;19;7;;;;;;;;;;;KM 14878_1
BA;148010040;Inari;Lahdenmäki;KM;14878;2;7641050;3553630;125;FALSE;FALSE;FALSE;FALSE;FALSE;FALSE;TRUE;TRUE;TRUE;FALSE;FALSE;;Stone artefacts;Stone spearhead;Even-based spearhead;Even-based quartzite spearhead;Kvartsiittikeihäänkärki, tasakantainen;1;;TRUE;kvartsiitti;63;42;10;;;;;;;;;;;KM 14878_2
BA;148010040;Inari;Lahdenmäki;KM;14897;1;7641050;3553630;125;FALSE;FALSE;FALSE;FALSE;FALSE;FALSE;TRUE;TRUE;TRUE;FALSE;FALSE;;Stone artefacts;Stone arrowhead;Even-based arrowhead;Even-based quartzite arrowhead;Kvartsiittinuolenkärki, tasakantainen;1;;TRUE;kvartsiitti;60;19;7;;;;;;;;;;;KM 14897_1
BA;148010040;Inari;Lahdenmäki;KM;14897;2;7641050;3553630;125;FALSE;FALSE;FALSE;FALSE;FALSE;FALSE;TRUE;TRUE;TRUE;FALSE;FALSE;;Stone artefacts;Stone arrowhead;Even-based arrowhead;Even-based quartzite arrowhead;Kvartsiittinuolenkärki, tasakantainen;1;;TRUE;kvartsiitti;63;19;7;;;;;;;;;;;KM 14897_2
BA;148010040;Inari;Lahdenmäki;KM;14897;3;7641050;3553630;125;FALSE;FALSE;FALSE;FALSE;FALSE;FALSE;TRUE;TRUE;TRUE;FALSE;FALSE;;Stone artefacts;Stone arrowhead;Even-based arrowhead;Even-based quartzite arrowhead;Kvartsiittinuolenkärki, tasakantainen;1;;TRUE;kvartsiitti;63;21;7;;;;;;;;;;;KM 14897_3
BA;148010040;Inari;Lahdenmäki;KM;14897;4;7641050;3553630;125;FALSE;FALSE;FALSE;FALSE;FALSE;FALSE;TRUE;TRUE;TRUE;FALSE;FALSE;;Stone artefacts;Stone arrowhead;Even-based arrowhead;Even-based quartzite arrowhead;Kvartsiittinuolenkärki, tasakantainen;1;;TRUE;kvartsiitti;61;22;7;;;;;;;;;;;KM 14897_4
BA;148010040;Inari;Lahdenmäki;KM;14897;5;7641050;3553630;125;FALSE;FALSE;FALSE;FALSE;FALSE;FALSE;TRUE;TRUE;TRUE;FALSE;FALSE;;Stone artefacts;Stone arrowhead;Even-based arrowhead;Even-based quartzite arrowhead;Kvartsiittinuolenkärki, tasakantainen;1;;TRUE;kvartsiitti;58;18;5;;;;;;;;;;;KM 14897_5
BA;148010040;Inari;Lahdenmäki;KM;14897;6;7641050;3553630;125;FALSE;FALSE;FALSE;FALSE;FALSE;FALSE;TRUE;TRUE;TRUE;FALSE;FALSE;;Stone artefacts;Stone arrowhead;Even-based arrowhead;Even-based quartzite arrowhead;Kvartsiittinuolenkärki, tasakantainen;1;;TRUE;kvartsiitti;55;17;2;;;;;;;;;;;KM 14897_6
BA;148010040;Inari;Lahdenmäki;KM;14897;7;7641050;3553630;125;FALSE;FALSE;FALSE;FALSE;FALSE;FALSE;TRUE;TRUE;TRUE;FALSE;FALSE;;Stone artefacts;Stone arrowhead;Even-based arrowhead;Even-based quartzite arrowhead;Kvartsiittinuolenkärki, tasakantainen;1;;TRUE;kvartsiitti;52;19;5;;;;;;;;;;;KM 14897_7
BA;148010040;Inari;Lahdenmäki;KM;14897;8;7641050;3553630;125;FALSE;FALSE;FALSE;FALSE;FALSE;FALSE;TRUE;TRUE;TRUE;FALSE;FALSE;;Stone artefacts;Stone arrowhead;Even-based arrowhead;Even-based quartzite arrowhead;Kvartsiittinuolenkärki, tasakantainen;1;;TRUE;kvartsiitti;52;20;6;;;;;;;;;;;KM 14897_8
BA;148010040;Inari;Lahdenmäki;KM;14897;9;7641050;3553630;125;FALSE;FALSE;FALSE;FALSE;FALSE;FALSE;TRUE;TRUE;TRUE;FALSE;FALSE;;Stone artefacts;Stone arrowhead;Even-based arrowhead;Even-based quartzite arrowhead;Kvartsiittinuolenkärki, tasakantainen;1;;TRUE;kvartsiitti;48;20;6;;;;;;;;;;;KM 14897_9
BA;148010040;Inari;Lahdenmäki;KM;14897;10;7641050;3553630;125;FALSE;FALSE;FALSE;FALSE;FALSE;FALSE;TRUE;TRUE;TRUE;FALSE;FALSE;;Stone artefacts;Stone arrowhead;Even-based arrowhead;Even-based quartzite arrowhead;Kvartsiittinuolenkärki, tasakantainen;1;;TRUE;kvartsiitti;46;20;7;;;;;;;;;;;KM 14897_10
BA;148010040;Inari;Lahdenmäki;KM;14897;11;7641050;3553630;125;FALSE;FALSE;FALSE;FALSE;FALSE;FALSE;TRUE;TRUE;TRUE;FALSE;FALSE;;Stone artefacts;Stone arrowhead;Even-based arrowhead;Even-based quartzite arrowhead;Kvartsiittinuolenkärki, tasakantainen;1;;FALSE;kvartsiitti;;;;40;21;7;kärki poikki;;;;;;;KM 14897_11
BA;148010040;Inari;Lahdenmäki;KM;14897;12;7641050;3553630;125;FALSE;FALSE;FALSE;FALSE;FALSE;FALSE;TRUE;TRUE;TRUE;FALSE;FALSE;;Stone artefacts;Stone arrowhead;Even-based arrowhead;Even-based quartzite arrowhead;Kvartsiittinuolenkärki, tasakantainen;1;;TRUE;kvartsiitti;46;17;7;;;;;;;;;;;KM 14897_12
BA;148010040;Inari;Lahdenmäki;KM;14897;14;7641050;3553630;125;FALSE;FALSE;FALSE;FALSE;FALSE;FALSE;TRUE;TRUE;TRUE;FALSE;FALSE;;Stone artefacts;Stone arrowhead;Even-based arrowhead;Even-based quartzite arrowhead;Kvartsiittinuolenkärki, tasakantainen;1;;FALSE;kvartsiitti;;;;42;16;6;kärki poikki;;;;;;;KM 14897_14
BA;148010040;Inari;Lahdenmäki;KM;14897;15;7641050;3553630;125;FALSE;FALSE;FALSE;FALSE;FALSE;FALSE;TRUE;TRUE;TRUE;FALSE;FALSE;;Stone artefacts;Stone arrowhead;Even-based arrowhead;Even-based flint arrowhead;Piinuolenkärki, tasakantainen;1;;TRUE;pii;52;16;5;;;;;;;;;;;KM 14897_15
BA;148010040;Inari;Lahdenmäki;KM;14999;1;7641050;3553630;125;FALSE;FALSE;FALSE;FALSE;FALSE;FALSE;TRUE;TRUE;TRUE;FALSE;FALSE;;Stone artefacts;Stone arrowhead;Even-based arrowhead;Even-based quartzite arrowhead;Kvartsiittinuolenkärki, tasakantainen;1;;TRUE;kvartsiitti;66;16;6;;;;;;;;;;;KM 14999_1
BA;148010040;Inari;Lahdenmäki;KM;14999;2;7641050;3553630;125;FALSE;FALSE;FALSE;FALSE;FALSE;FALSE;TRUE;TRUE;TRUE;FALSE;FALSE;;Stone artefacts;Stone arrowhead;Even-based arrowhead;Even-based quartzite arrowhead;Kvartsiittinuolenkärki, tasakantainen;1;;TRUE;kvartsiitti;61;18;5;;;;;;;;;;;KM 14999_2
BA;x621;Kemijärvi;Luusua Haveri;KM;15043;252;7370439;3515203;;FALSE;FALSE;FALSE;FALSE;FALSE;FALSE;TRUE;TRUE;TRUE;FALSE;FALSE;;Stone artefacts;Stone arrowhead;Even-based arrowhead;Even-based quartz arrowhead;Kvartsinuolenkärki, tasakantainen;1;;TRUE;kvartsi;31;16;6;;;;;;;;;;;KM 15043_252
BA;777010048;Suomussalmi;Salmenniemi;KM;15053;1;7237497;3615481;199;FALSE;FALSE;FALSE;FALSE;FALSE;FALSE;TRUE;TRUE;TRUE;TRUE;FALSE;;Stone artefacts;Stone arrowhead;Even-based arrowhead;Even-based slate arrowhead;Liuskenuolenkärki, tasakantainen;1;;TRUE;harmaa kivilaji;118;23;11;;;;reunoissa heikko hammastus;;;;;;;KM 15053_1
BA;91010003;Helsinki;Shemeikankuja 3;KM;15147;1;6684107;3382620;20;FALSE;FALSE;FALSE;FALSE;FALSE;FALSE;TRUE;TRUE;TRUE;FALSE;FALSE;;Stone artefacts;Stone arrowhead;Even-based arrowhead;Even-based flint arrowhead;Piinuolenkärki, tasakantainen;1;;TRUE;pii;24;15;6;;;;;;;;;;;KM 15147_1
BA;uusi 2053;Turku;Tupamäki;KM;15300;;6720414;3244628;;FALSE;FALSE;FALSE;FALSE;FALSE;FALSE;FALSE;TRUE;TRUE;FALSE;FALSE;;Stone artefacts;Stone shaft-hole axe;Rhombus shaft-hole axe;Rhombus shaft-hole axe with sharp edges;Rombikirves, teräväsärmäinen;1;;FALSE;harmaa liuske;162;46;22;;;;;;;;;;;KM 15300
BA;uusi 2056;Rovaniemi;Kiviniemi;KM;15307;;7375720;3457129;;FALSE;FALSE;FALSE;FALSE;FALSE;FALSE;TRUE;TRUE;TRUE;FALSE;FALSE;;Stone artefacts;Stone arrowhead;Even-based arrowhead;Even-based quartzite arrowhead;Kvartsiittinuolenkärki, tasakantainen;1;;FALSE;kvartsiitti;;;;68;22;6;kantakatkelma;;;;;;;KM 15307
BA;105010018;Hyrynsalmi;Vonkka 2;KM;15393;7;7177900;3571460;156;FALSE;FALSE;FALSE;FALSE;FALSE;FALSE;TRUE;TRUE;TRUE;FALSE;FALSE;;Stone artefacts;Stone arrowhead;Even-based arrowhead;Even-based flint arrowhead;Piinuolenkärki, tasakantainen;1;;FALSE;pii;;;;21;19;5;kantakatkelma, palanut;;;;;;;KM 15393_7
BA;105010018;Hyrynsalmi;Vonkka 2;KM;15393;611;7177900;3571460;156;FALSE;FALSE;FALSE;FALSE;FALSE;FALSE;FALSE;FALSE;TRUE;FALSE;FALSE;;Stone artefacts;Stone cast;Ananjino axe cast;;Valinmuotti, Ananjinon kirves;1;;FALSE;vuolukivi;;;;78;22;18;Kaksi yhteenliimattua palaa.;;;;;;;KM 15393_611
BA;1000007659;Vihti;Ruskeala;KM;15429;;6697588;3368733;;FALSE;FALSE;FALSE;FALSE;FALSE;FALSE;FALSE;TRUE;TRUE;FALSE;FALSE;;Stone artefacts;Stone shaft-hole axe;Rhombus shaft-hole axe;Rhombus shaft-hole axe;Rombikirves;3;;FALSE;uraliittiporfyriitti?;97;50;38;;;;Joko rombikirves tai yksinkertainen reikäkirves, se vähä mikä alkuperäisestä pinnasta jäljellä viittaa ensinmainittuun.;;;;;;;KM 15429
BA;x416;Posio;Kynsiperä Valkeinen;KM;15447;;7320167;3560390;;FALSE;FALSE;FALSE;FALSE;FALSE;FALSE;TRUE;TRUE;TRUE;FALSE;FALSE;;Stone artefacts;Stone arrowhead;Even-based arrowhead;Even-based quartz arrowhead;Kvartsinuolenkärki, tasakantainen;1;;FALSE;kvartsi;44;17;7;;;;;;;;;;;KM 15447
BA;320010133;Kemijärvi;Hietalahti 3;KM;15667;349;7380680;3513980;149;FALSE;FALSE;FALSE;FALSE;FALSE;FALSE;TRUE;TRUE;TRUE;FALSE;FALSE;;Stone artefacts;Stone arrowhead;Even-based arrowhead;Even-based flint arrowhead;Piinuolenkärki, tasakantainen;1;;FALSE;pii;24;16;5;;;;kantakatkelma;;;;;;;KM 15667_349
BA;320010104;Kemijärvi;Neitilä 4;KM;15671;1305;7373790;3516815;146;FALSE;FALSE;FALSE;FALSE;FALSE;FALSE;TRUE;TRUE;TRUE;FALSE;FALSE;;Stone artefacts;Stone arrowhead;Even-based arrowhead;Even-based flint arrowhead;Piinuolenkärki, tasakantainen;2;;FALSE;pii;71;23;9;;;;"tyvessä pienet ""korvat""";;;;;;;KM 15671_1305
BA;1000006907;Tammela;Rantaniitty;KM;15902;;6752200;3329740;107;FALSE;FALSE;FALSE;FALSE;FALSE;FALSE;TRUE;TRUE;TRUE;FALSE;FALSE;;Stone artefacts;Stone arrowhead;Even-based arrowhead;Even-based quartzite arrowhead;Kvartsiittinuolenkärki, tasakantainen;2;;FALSE;;63;15;8;;;;;;;;;;;KM 15902
BA;uusi 1987;Rovaniemi;Nuorajärvi;KM;16092;;7397634;3420467;;FALSE;FALSE;FALSE;FALSE;FALSE;FALSE;TRUE;TRUE;TRUE;FALSE;FALSE;;Stone artefacts;Stone arrowhead;Even-based arrowhead;Even-based quartzite arrowhead;Kvartsiittinuolenkärki, tasakantainen;1;;FALSE;kvartsiitti;51;17;7;;;;;;;;;;;KM 16092
BA;uusi 1993;Kemijärvi;Koivusaari;KM;16107;189;7400197;3521856;;FALSE;FALSE;FALSE;FALSE;FALSE;FALSE;TRUE;TRUE;TRUE;FALSE;FALSE;;Stone artefacts;Stone arrowhead;Even-based arrowhead;Even-based quartz arrowhead;Kvartsinuolenkärki, tasakantainen;2;;FALSE;kvartsi;;;;20;16;4;kantakatkelma;;;;;;;KM 16107_189
BA;1000001135;Kalajoki;Koskela;KM;16112;;7125945;3357040;20;FALSE;FALSE;FALSE;FALSE;FALSE;FALSE;FALSE;FALSE;TRUE;FALSE;FALSE;;Stone artefacts;Stone shaft-hole axe;Rhombus shaft-hole axe;Rhombus shaft-hole axe with curved butt;Rombikirves, käyrähamarainen;1;;TRUE;porfyyrinen diabaasi;;132;55;56;;;Kaarrekantainen kirves vastaa käyräniskaisa typologisena luokituksena;;;;;;;KM 16112
BA;uusi 2000;Pihtipudas;Pääkkölä;KM;16218;;7031203;3428293;;FALSE;FALSE;FALSE;FALSE;FALSE;FALSE;FALSE;FALSE;TRUE;FALSE;FALSE;;Stone artefacts;Stone shaft-hole axe;Rhombus shaft-hole axe;Rhombus shaft-hole axe, A-type;Rombikirves, A-tyyppi;1;;FALSE;diabaasi;;;;;;;;;;;;;;KM 16218
BA;1000006913;Tammela;Perttula;KM;16310;;6755460;3328689;105;FALSE;FALSE;FALSE;FALSE;FALSE;FALSE;FALSE;FALSE;TRUE;FALSE;FALSE;;Stone artefacts;Stone shaft-hole axe;Rhombus shaft-hole axe;Rhombus shaft-hole axe, A-type;Rombikirves, A-tyyppi;1;;FALSE;diabaasi;117;57;41;;;;;;;;;;;KM 16310
BA;601010012;Pihtipudas;Madeneva;KM;16422;169;7031680;3427980;115;FALSE;FALSE;FALSE;FALSE;FALSE;FALSE;TRUE;TRUE;TRUE;FALSE;FALSE;tyyppi;Stone artefacts;Stone arrowhead;Even-based arrowhead;Even-based quartz arrowhead;Kvartsinuolenkärki, tasakantainen;1;;FALSE;kvartsi;52;25;4;;;;ruodollinen, väkäsellinen;;;;;;;KM 16422_169
BA;320010101;Kemijärvi;Neitilä 1 a/b;KM;16489;5;7374230;3516830;146;FALSE;FALSE;FALSE;FALSE;FALSE;FALSE;TRUE;TRUE;TRUE;FALSE;FALSE;;Stone artefacts;Stone arrowhead;Even-based arrowhead;Even-based flint arrowhead;Piinuolenkärki, tasakantainen;1;;FALSE;pii;;;;12;18;5;kantakatkelma;;;;;;;KM 16489_5
BA;320010101;Kemijärvi;Neitilä 1 a/b;KM;16489;63;7374230;3516830;146;FALSE;FALSE;FALSE;FALSE;FALSE;FALSE;TRUE;TRUE;TRUE;FALSE;FALSE;;Stone artefacts;Stone arrowhead;Even-based arrowhead;Even-based quartzite arrowhead;Kvartsiittinuolenkärki, tasakantainen;1;;FALSE;kvartsiitti;;;;26;18;5;kantakatkelma;;;;;;;KM 16489_63
BA;1000003878;Porvoo;Forsbacka;KM;16865;;6698160;3420240;10;FALSE;FALSE;FALSE;FALSE;FALSE;FALSE;FALSE;TRUE;TRUE;FALSE;FALSE;;Stone artefacts;Stone shaft-hole axe;Rhombus shaft-hole axe;Rhombus shaft-hole axe with sharp edges;Rombikirves, teräväsärmäinen;2;;FALSE;harmaa liuske;126;49;32;;;;keskikatkelma;;;;;;;KM 16865
BA;1000007661;Vihti;Murto;KM;17122;;6702923;3363730;80;FALSE;FALSE;FALSE;FALSE;FALSE;FALSE;FALSE;FALSE;TRUE;FALSE;FALSE;;Stone artefacts;Stone shaft-hole axe;Rhombus shaft-hole axe;Rhombus shaft-hole axe with curved butt;Rombikirves, käyrähamarainen;1;;TRUE;diabaasi;140;57;55;;;;;;;;;;;KM 17122
BA;140010001;Iisalmi;Jysmä;KM;17296;;7055050;3495500;100;FALSE;FALSE;FALSE;FALSE;FALSE;FALSE;FALSE;FALSE;TRUE;FALSE;FALSE;;Stone artefacts;Stone cast;Ananjino axe cast;;Valinmuotti, Ananjinon kirves;1;;TRUE;vuolukivi;63;51;9;;;;;;;;;;;KM 17296
BA;211010004;Kangasala;Pohtiolampi ja Tiilitehdas;KM;17340;188;6819197;3346749;88;FALSE;FALSE;FALSE;FALSE;FALSE;FALSE;TRUE;TRUE;TRUE;FALSE;FALSE;;Stone artefacts;Stone arrowhead;Even-based arrowhead;Even-based quartz arrowhead;Kvartsinuolenkärki, tasakantainen;2;;FALSE;kvartsi;27;18;7;;;;;;;;;;;KM 17340_188
BA;696010003;Mikkeli;Astuvansalmi;KM;17636;2;6815240;3529200;80;FALSE;FALSE;FALSE;FALSE;FALSE;FALSE;TRUE;TRUE;TRUE;FALSE;FALSE;;Stone artefacts;Stone arrowhead;Even-based arrowhead;Even-based quartz arrowhead;Kvartsinuolenkärki, tasakantainen;1;;FALSE;kvartsi;;;;27;17;6;kantakatkelma;;;;;;;KM 17636_2
BA;494010040;Muhos;Halosentörmä;KM;17646;95;7200150;3442850;33;FALSE;FALSE;FALSE;FALSE;FALSE;FALSE;TRUE;TRUE;TRUE;FALSE;FALSE;;Stone artefacts;Stone arrowhead;Even-based arrowhead;Even-based slate arrowhead;Liuskenuolenkärki, tasakantainen;2;;FALSE;;;;;40;18;7;kantakatkelma;;;;;;;KM 17646_95
BA;494010040;Muhos;Halosentörmä;KM;17646;166;7200150;3442850;33;FALSE;FALSE;FALSE;FALSE;FALSE;FALSE;TRUE;TRUE;TRUE;FALSE;FALSE;;Stone artefacts;Stone arrowhead;Even-based arrowhead;Even-based quartz arrowhead;Kvartsinuolenkärki, tasakantainen;2;;FALSE;kvartsi;;;;;;;kantakatkelma;;;;;;;KM 17646_166
BA;uusi 8399;Pälkäne;Mallasvesi;KM;17853;;6804468;3353161;;FALSE;FALSE;FALSE;FALSE;FALSE;FALSE;FALSE;TRUE;TRUE;FALSE;FALSE;;Stone artefacts;Stone shaft-hole axe;Rhombus shaft-hole axe;Rhombus shaft-hole axe;Rombikirves;2;;FALSE;;;;;;;;;;;;;;;KM 17853
BA;146010017;Ilomantsi;Syväys I;KM;18200;192;6985369;3694859;144;FALSE;FALSE;FALSE;FALSE;FALSE;FALSE;TRUE;TRUE;TRUE;FALSE;FALSE;;Stone artefacts;Stone arrowhead;Even-based arrowhead;Even-based quartz arrowhead;Kvartsinuolenkärki, tasakantainen;2;;FALSE;kvartsi;;;;;;;ei mittoja;;;;;;;KM 18200_192
BA;777010053;Suomussalmi;Tormuan särkkä;KM;18322;14;7245553;3615819;201;FALSE;FALSE;FALSE;FALSE;FALSE;FALSE;TRUE;TRUE;TRUE;FALSE;FALSE;;Stone artefacts;Stone arrowhead;Even-based arrowhead;Even-based quartz arrowhead;Kvartsinuolenkärki, tasakantainen;2;;FALSE;kvartsi;;;;21;18;7;kantakatkelma;;;;;;;KM 18322_14
BA;777010053;Suomussalmi;Tormuan särkkä;KM;18322;656;7245553;3615819;201;FALSE;FALSE;FALSE;FALSE;FALSE;FALSE;TRUE;TRUE;TRUE;FALSE;FALSE;;Stone artefacts;Stone arrowhead;Even-based arrowhead;Even-based quartz arrowhead;Kvartsinuolenkärki, tasakantainen;1;;FALSE;kvartsi;;;;19;20;7;kantakatkelma;;;;;;;KM 18322_656
BA;777010053;Suomussalmi;Tormuan särkkä;KM;18322;762;7245553;3615819;201;FALSE;FALSE;FALSE;FALSE;FALSE;FALSE;TRUE;TRUE;TRUE;FALSE;FALSE;;Stone artefacts;Stone arrowhead;Even-based arrowhead;Even-based quartz arrowhead;Kvartsinuolenkärki, tasakantainen;1;;FALSE;kvartsi;;;;13;13;5;koverokantainen, kantakatkelma;;;;;;;KM 18322_762
BA;777010053;Suomussalmi;Tormuan särkkä;KM;18322;840;7245553;3615819;201;FALSE;FALSE;FALSE;FALSE;FALSE;FALSE;TRUE;TRUE;TRUE;FALSE;FALSE;;Stone artefacts;Stone arrowhead;Even-based arrowhead;Even-based quartz arrowhead;Kvartsinuolenkärki, tasakantainen;1;;FALSE;kvartsi;;;;10;16;6;kantakatkelma;;;;;;;KM 18322_840
BA;90010014;Heinävesi;Jalaskangas;KM;18828;;6920680;3592850;85;FALSE;FALSE;FALSE;FALSE;FALSE;FALSE;FALSE;FALSE;TRUE;FALSE;FALSE;tyyppi;Stone artefacts;Stone shaft-hole axe;Rhombus shaft-hole axe;Rhombus shaft-hole axe, pentagonal;Rombikirves, viisisärmäinen;2;;TRUE;diabaasi;80;47;31;;;;;;;;;;;KM 18828
BA;890010001;Utsjoki;Ala-Jalve;KM;18899;13;7777280;3527000;45;FALSE;FALSE;FALSE;FALSE;FALSE;FALSE;TRUE;TRUE;TRUE;FALSE;FALSE;;Stone artefacts;Stone arrowhead;Even-based arrowhead;Even-based quartzite arrowhead;Kvartsiittinuolenkärki, tasakantainen;1;;FALSE;kvartsiitti;36;20;6;;;;kantakatkelma;;;;;;;KM 18899_13
BA;895010071;Uusikaupunki;Vähä-Kuuanvuori;KM;18913;;6753059;3205007;20;FALSE;FALSE;FALSE;FALSE;FALSE;FALSE;FALSE;FALSE;TRUE;FALSE;FALSE;;Stone artefacts;Stone shaft-hole axe;Rhombus shaft-hole axe;Rhombus shaft-hole axe, hexagonal;Rombikirves, kuusikulmainen;1;;FALSE;porfyyri;;;;101;60;62;teräkatkelma;;;;;;;KM 18913
BA;18010044;Askola;Järvensuo;KM;18947;9;6718000;3422300;40;FALSE;FALSE;FALSE;FALSE;FALSE;FALSE;TRUE;TRUE;TRUE;FALSE;FALSE;;Stone artefacts;Stone arrowhead;Even-based arrowhead;Even-based quartz arrowhead;Kvartsinuolenkärki, tasakantainen;1;;FALSE;kvartsi;;;;43;17;7;kantakatkelma;;;;;;;KM 18947_9
BA;890010041;Utsjoki;Kenestupa;KM;18974;27;7733580;3503360;95;FALSE;FALSE;FALSE;FALSE;FALSE;FALSE;TRUE;TRUE;TRUE;FALSE;FALSE;;Stone artefacts;Stone arrowhead;Even-based arrowhead;Even-based quartzite arrowhead;Kvartsiittinuolenkärki, tasakantainen;1;;FALSE;kvartsiitti;32;17;6;;;;kärkikatkelma;;;;;;;KM 18974_27
BA;680010008;Raisio;Tuomala;KM;19000;5514;6718440;3235246;17;FALSE;FALSE;FALSE;FALSE;FALSE;FALSE;FALSE;FALSE;TRUE;FALSE;FALSE;tyyppi;Stone artefacts;Stone shaft-hole axe;Rhombus shaft-hole axe;Rhombus shaft-hole axe with curved butt;Rombikirves, käyrähamarainen;2;;FALSE;porfyyrinen diabaasi;;;;79;37;56;Löytynyt rautakautisen kalmiston alueelta. Samasta kohteesta myös kivikautisia kiviesineitä.;;;;;;;KM 19000_5514
BA;uusi 1442;Hämeenlinna;Lampaansalmi;KM;19387;;6794721;3372514;;FALSE;FALSE;FALSE;FALSE;FALSE;FALSE;TRUE;TRUE;TRUE;FALSE;FALSE;;Stone artefacts;Stone arrowhead;Even-based arrowhead;Even-based quartz arrowhead;Kvartsinuolenkärki, tasakantainen;2;;FALSE;kvartsi;30;18;6;;;;;;;;;;;KM 19387
BA;148010037;Inari;Paatsjoen Luusua;KM;19428;121;7646500;3555240;120;FALSE;FALSE;FALSE;FALSE;FALSE;FALSE;TRUE;TRUE;TRUE;FALSE;FALSE;;Stone artefacts;Stone arrowhead;Even-based arrowhead;Even-based quartzite arrowhead;Kvartsiittinuolenkärki, tasakantainen;1;;FALSE;kvartsiitti;;;;;;;;;;;;;;KM 19428_121
BA;148010037;Inari;Paatsjoen Luusua;KM;19428;165;7646500;3555240;120;FALSE;FALSE;FALSE;FALSE;FALSE;FALSE;TRUE;TRUE;TRUE;FALSE;FALSE;;Stone artefacts;Stone arrowhead;Even-based arrowhead;Even-based quartzite arrowhead;Kvartsiittinuolenkärki, tasakantainen;1;;FALSE;kvartsiitti;;;;;;;kantakatkelma;;;;;;;KM 19428_165
BA;uusi 1460;Lapinlahti;Vanhapiha;KM;19580;;7039253;3513565;;FALSE;FALSE;FALSE;FALSE;FALSE;FALSE;TRUE;TRUE;TRUE;FALSE;FALSE;;Stone artefacts;Stone arrowhead;Even-based arrowhead;Even-based quartz arrowhead;Kvartsinuolenkärki, tasakantainen;2;;FALSE;;48;20;8;;;;;;;;;;;KM 19580
BA;uusi 1530;Virolahti;Sepänpelto;KM;19896;;6712880;3539000;10;FALSE;FALSE;FALSE;FALSE;FALSE;FALSE;FALSE;FALSE;TRUE;FALSE;FALSE;;Stone artefacts;Stone shaft-hole axe;Rhombus shaft-hole axe;Rhombus shaft-hole axe, pentagonal;Rombikirves, viisisärmäinen;2;;FALSE;;161;50;42;;;;;;;;;;;KM 19896
BA;92010051;Vantaa;Maarinkunnas;KM;19992;457;6688640;3393238;20;FALSE;FALSE;FALSE;FALSE;FALSE;FALSE;TRUE;TRUE;TRUE;FALSE;FALSE;;Stone artefacts;Stone arrowhead;Even-based arrowhead;Even-based quartz arrowhead;Kvartsinuolenkärki, tasakantainen;1;;FALSE;kvartsi;27;16;6;;;;;;;;;;;KM 19992_457
BA;1000015758;Reisjärvi;Tiala;KM;20065;;7068768;3389034;;FALSE;FALSE;FALSE;FALSE;FALSE;FALSE;TRUE;TRUE;TRUE;FALSE;FALSE;;Stone artefacts;Stone arrowhead;Even-based arrowhead;Even-based quartz arrowhead;Kvartsinuolenkärki, tasakantainen;1;;FALSE;kvartsi;57;21;8;;;;;;;;;;;KM 20065
BA;1000002888;Enontekiö;Pöyrisjärvi länsi;KM;20131;;7630052;3369319;430;FALSE;FALSE;FALSE;FALSE;FALSE;FALSE;TRUE;TRUE;TRUE;FALSE;FALSE;;Stone artefacts;Stone arrowhead;Even-based arrowhead;Even-based quartzite arrowhead;Kvartsiittinuolenkärki, tasakantainen;1;;FALSE;kvartsiitti;49;21;8;;;;;;;;;;;KM 20131
BA;777010116;Suomussalmi;Putikka;KM;20374;2;7216165;3597431;199;FALSE;FALSE;FALSE;FALSE;FALSE;FALSE;FALSE;FALSE;TRUE;FALSE;FALSE;;Stone artefacts;Stone cast;Stone cast;;Valinmuotti;1;;FALSE;vuolukivi;;;;95;35;17;Veistä tai muuta pitkulaista terävää esinettä varten.;;;;;;;KM 20374_2
BA;777010117;Suomussalmi;Joenniemi;KM;20375;1;7216972;3597610;199;FALSE;FALSE;FALSE;FALSE;FALSE;FALSE;FALSE;FALSE;TRUE;FALSE;FALSE;;Stone artefacts;Stone cast;Ananjino axe cast;;Valinmuotti, Ananjinon kirves;1;;FALSE;;;;;101;67;17;;;;;;;;KM 20375_1
BA;777010089;Suomussalmi;Salonsaari;KM;20376;2;7219890;3602427;199;FALSE;FALSE;FALSE;FALSE;FALSE;FALSE;TRUE;TRUE;TRUE;FALSE;FALSE;;Stone artefacts;Stone arrowhead;Even-based arrowhead;Even-based flint arrowhead;Piinuolenkärki, tasakantainen;2;;FALSE;pii;;;;87;17;8;;;;;;;;KM 20376_2
BA;777010109;Suomussalmi;Vanha Kirkkosaari;KM;20394;3;7199467;3592457;199;FALSE;FALSE;FALSE;FALSE;FALSE;FALSE;TRUE;TRUE;TRUE;FALSE;FALSE;;Stone artefacts;Stone arrowhead;Even-based arrowhead;Even-based flint arrowhead;Piinuolenkärki, tasakantainen;2;;FALSE;pii;90;28;9;;;;sidelovet kannassa;;;;;;;KM 20394_3
BA;777010114;Suomussalmi;Kukkosaari;KM;20400;24;7201478;3592642;199;FALSE;FALSE;FALSE;FALSE;FALSE;FALSE;FALSE;FALSE;TRUE;FALSE;FALSE;;Stone artefacts;Stone cast;Stone cast;;Valinmuotti;1;;TRUE;vuolukivi;100;64;15;;;;;;;;;;;KM 20400_24
BA;777010103;Suomussalmi;TB:n ranta;KM;20417;1;7199396;3592010;199;FALSE;FALSE;FALSE;FALSE;FALSE;FALSE;FALSE;FALSE;TRUE;FALSE;FALSE;;Stone artefacts;Stone cast;Ananjino axe cast;;Valinmuotti, Ananjinon kirves;1;;TRUE;;72;63;6;;;;;;;;;;;KM 20417_1
BA;777010103;Suomussalmi;TB:n ranta;KM;20417;3;7199396;3592010;199;FALSE;FALSE;FALSE;FALSE;FALSE;FALSE;FALSE;FALSE;TRUE;FALSE;FALSE;;Stone artefacts;Stone cast;Stone cast;;Valinmuotti;1;;FALSE;;63;49;7;;;;;;;;;;;KM 20417_3
BA;777010049;Suomussalmi;Maikonsärkkä;KM;20442;1;7236703;3615912;199;FALSE;FALSE;FALSE;FALSE;FALSE;FALSE;FALSE;FALSE;TRUE;FALSE;FALSE;;Stone artefacts;Stone cast;Ananjino axe cast;;Valinmuotti, Ananjinon kirves;1;;TRUE;vuolukivi;105;82;62;20;;;Sidontauurteita kyljiässä ja kirveen kärkipäässä;;;;;;;KM 20442_1
BA;47010057;Enontekiö;Mustalompolo koillinen;KM;20469;1;7633240;3371040;420;FALSE;FALSE;FALSE;FALSE;FALSE;FALSE;TRUE;TRUE;TRUE;FALSE;FALSE;;Stone artefacts;Stone arrowhead;Even-based arrowhead;Even-based flint arrowhead;Piinuolenkärki, tasakantainen;1;;FALSE;pii;;;;28;13;4;kantakatkelma;;;;;;;KM 20469_1
BA;uusi 1627;Kajaani;Likolahti;KM;20478;;7133540;3547740;121;FALSE;FALSE;FALSE;FALSE;FALSE;FALSE;TRUE;TRUE;TRUE;FALSE;FALSE;;Stone artefacts;Stone arrowhead;Even-based arrowhead;Even-based flint arrowhead;Piinuolenkärki, tasakantainen;2;;FALSE;pii;41;17;4;;;;kantakatkelma;;;;;;;KM 20478
BA;50010032;Eura;Luistari;KM;20552;10;6787882;3238661;38;FALSE;FALSE;FALSE;FALSE;FALSE;FALSE;FALSE;TRUE;TRUE;FALSE;FALSE;tyyppi;Stone artefacts;Stone shaft-hole axe;Rhombus shaft-hole axe;Rhombus shaft-hole axe;Rombikirves;2;;FALSE;diabaasi;;;;67;57;38;Löydetty rautakautista ja pronssikautista materiaalia sisältävän hautaröykkiön reunakehää vasten asetettujen laakakivien alta, kehän ulkopuolelta.;;;;;;;KM 20552_10
BA;734010025;Salo;Ketohaka;KM;20562;353;6705524;3287453;;FALSE;FALSE;FALSE;FALSE;FALSE;FALSE;TRUE;TRUE;TRUE;FALSE;FALSE;;Stone artefacts;Stone arrowhead;Even-based arrowhead;Even-based flint arrowhead;Piinuolenkärki, tasakantainen;2;;FALSE;pii;34;12;7;;;;;;;;;;;KM 20562_353
BA;777010114;Suomussalmi;Kukkosaari;KM;20806;1;7201478;3592642;199;FALSE;FALSE;FALSE;FALSE;FALSE;FALSE;TRUE;TRUE;TRUE;FALSE;FALSE;;Stone artefacts;Stone arrowhead;Even-based arrowhead;Even-based flint arrowhead;Piinuolenkärki, tasakantainen;2;;FALSE;pii;99;22;7;;;;ruodollinen;;;;;;;KM 20806_1
BA;1000002807;Inari;Tuuruharju;KM;20864;;7673000;3508400;155;FALSE;FALSE;FALSE;FALSE;FALSE;FALSE;TRUE;TRUE;TRUE;FALSE;FALSE;;Stone artefacts;Stone arrowhead;Even-based arrowhead;Even-based quartzite arrowhead;Kvartsiittinuolenkärki, tasakantainen;1;;FALSE;kvartsiitti;55;22;8;;;;;;;;;;;KM 20864_
BA;777010056;Suomussalmi;Mikonsärkkä;KM;21018;18;7236404;3614044;199;FALSE;FALSE;FALSE;FALSE;FALSE;FALSE;TRUE;TRUE;TRUE;FALSE;FALSE;;Stone artefacts;Stone arrowhead;Even-based arrowhead;Even-based flint arrowhead;Piinuolenkärki, tasakantainen;1;;FALSE;pii;;;;60;14;6;hieman katkennut kärjestä;;;;;;;KM 21018_18
BA;777010085;Suomussalmi;Jalonniemi;KM;21034;1;7200199;3591001;199;FALSE;FALSE;FALSE;FALSE;FALSE;FALSE;FALSE;FALSE;TRUE;FALSE;FALSE;;Stone artefacts;Stone cast;Stone cast;;Valinmuotti;1;;FALSE;vuolukivi;117;52;21;;;;;;;;;;;KM 21034_1
BA;uusi 8395;Suomi;;KM;21436;53;;;;FALSE;FALSE;FALSE;FALSE;FALSE;FALSE;FALSE;TRUE;TRUE;FALSE;FALSE;;Stone artefacts;Stone shaft-hole axe;Rhombus shaft-hole axe;Rhombus shaft-hole axe with sharp edges;Rombikirves, teräväsärmäinen;1;;FALSE;musta liuske;145;51;33;;;;;;;;;;;KM 21436_53
BA;290040007;Kuhmo;Papinniemi;KM;21518;;7129529;3598792;;FALSE;FALSE;FALSE;FALSE;FALSE;FALSE;TRUE;TRUE;TRUE;FALSE;FALSE;;Stone artefacts;Stone arrowhead;Even-based arrowhead;Even-based flint arrowhead;Piinuolenkärki, tasakantainen;1;;FALSE;pii;87;13;6;;;;;;;;;;;KM 21518
BA;421040024;Lestijärvi;Sammalisniemi 1;KM;21539;2;7048427;3385018;140;FALSE;FALSE;FALSE;FALSE;FALSE;FALSE;TRUE;TRUE;TRUE;FALSE;FALSE;;Stone artefacts;Stone arrowhead;Even-based arrowhead;Even-based flint arrowhead;Piinuolenkärki, tasakantainen;1;;FALSE;pii;85;25;7;;;;;;;;;;;KM 21539_2
BA;uusi 783;Virolahti;Metsäkuokka;KM;21625;;6721770;3543570;10;FALSE;FALSE;FALSE;FALSE;FALSE;FALSE;TRUE;TRUE;TRUE;FALSE;FALSE;;Stone artefacts;Stone arrowhead;Even-based arrowhead;Even-based quartz arrowhead;Kvartsinuolenkärki, tasakantainen;1;;FALSE;kvartsi;50;18;8;;;;;;;;;;;KM 21625
BA;890010001;Utsjoki;Ala-Jalve;KM;21749;6;7777280;3527000;45;FALSE;FALSE;FALSE;FALSE;FALSE;FALSE;TRUE;TRUE;TRUE;FALSE;FALSE;;Stone artefacts;Stone arrowhead;Even-based arrowhead;Even-based quartzite arrowhead;Kvartsiittinuolenkärki, tasakantainen;1;;FALSE;kvartsiitti;;;;50;23;8;;;;;;;;KM 21749_6
BA;890010001;Utsjoki;Ala-Jalve;KM;21749;7;7777280;3527000;45;FALSE;FALSE;FALSE;FALSE;FALSE;FALSE;TRUE;TRUE;TRUE;FALSE;FALSE;;Stone artefacts;Stone arrowhead;Even-based arrowhead;Even-based quartzite arrowhead;Kvartsiittinuolenkärki, tasakantainen;1;;FALSE;kvartsiitti;;;;48;29;9;kärkikatkelma;;;;;;;KM 21749_7
BA;410010004;Laukaa;Saraakallio I ja II;KM;21774;;6924000;3448340;89;FALSE;FALSE;FALSE;FALSE;FALSE;FALSE;TRUE;TRUE;TRUE;FALSE;FALSE;;Stone artefacts;Stone arrowhead;Even-based arrowhead;Even-based slate arrowhead;Liuskenuolenkärki, tasakantainen;1;;FALSE;sädekiviliuske;;;;17;15;5;keskikatkelma;;;;;;;KM 21774
BA;uusi 817;Utsjoki;Patoniva;KM;21835;1;7744645;3501043;;FALSE;FALSE;FALSE;FALSE;FALSE;FALSE;TRUE;TRUE;TRUE;FALSE;FALSE;;Stone artefacts;Stone arrowhead;Even-based arrowhead;Even-based quartzite arrowhead;Kvartsiittinuolenkärki, tasakantainen;1;;FALSE;kvartsiitti;;;;20;15;4;kantakatkelma;;;;;;;KM 21835_1
BA;909040018;Kouvola;Tytärniemi;KM;21962;;6761570;3512560;68;FALSE;FALSE;FALSE;FALSE;FALSE;FALSE;TRUE;TRUE;TRUE;FALSE;FALSE;;Stone artefacts;Stone arrowhead;Even-based arrowhead;Even-based flint arrowhead;Piinuolenkärki, tasakantainen;1;;FALSE;pii;41;17;5;;;;;;;;;;;KM 21962
BA;777010117;Suomussalmi;Joenniemi;KM;22003;;7216972;3597610;199;FALSE;FALSE;FALSE;FALSE;FALSE;FALSE;FALSE;FALSE;TRUE;FALSE;FALSE;;Stone artefacts;Stone cast;Stone cast;;Valinmuotti;1;;FALSE;vuolukivi;93;28;13;;;;Tehty ohutta, pitkulaista, kaksihaaraista esinettä varten (?);;;;;;;KM 22003
BA;426040042;Liperi;Koivukumpu;KM;22035;;6939736;3612519;80;FALSE;FALSE;FALSE;FALSE;FALSE;FALSE;TRUE;TRUE;TRUE;FALSE;FALSE;;Stone artefacts;Stone arrowhead;Even-based arrowhead;Even-based slate arrowhead;Liuskenuolenkärki, tasakantainen;1;;FALSE;musta liuske;47;16;7;;;;;;;;;;;KM 22035
BA;777010056;Suomussalmi;Mikonsärkkä;KM;22065;9;7236404;3614044;199;FALSE;FALSE;FALSE;FALSE;FALSE;FALSE;FALSE;FALSE;TRUE;FALSE;FALSE;;Stone artefacts;Stone cast;Stone cast;;Valinmuotti;1;;FALSE;vuolukivi;83;44;18;;;;;;;;;;;KM 22065_9
BA;Karjala 63;Sortavala;Helylä;KM;22245;2;6854619;3693827;;FALSE;FALSE;FALSE;FALSE;FALSE;FALSE;FALSE;FALSE;TRUE;FALSE;FALSE;;Stone artefacts;Stone shaft-hole axe;Rhombus shaft-hole axe;Rhombus shaft-hole axe, pentagonal;Rombikirves, viisisärmäinen;1;;FALSE;;113;45;35;;;;;;;;;;;KM 22245_2
BA;148010013;Inari;Saamen museo / Vuopaja;KM;22443;72;7647620;3500800;121;FALSE;FALSE;FALSE;FALSE;FALSE;FALSE;TRUE;TRUE;TRUE;FALSE;FALSE;;Stone artefacts;Stone arrowhead;Even-based arrowhead;Even-based flint arrowhead;Piinuolenkärki, tasakantainen;2;;FALSE;pii;;;;36;13;4;;;;;;;;KM 22443_72
BA;890010001;Utsjoki;Ala-Jalve;KM;22488;164;7777280;3527000;45;FALSE;FALSE;FALSE;FALSE;FALSE;FALSE;TRUE;TRUE;TRUE;FALSE;FALSE;;Stone artefacts;Stone spearhead;Even-based spearhead;Even-based quartzite spearhead;Kvartsiittikeihäänkärki, tasakantainen;1;;FALSE;kvartsiitti;;;;50;41;8;Kantakatkelma;;;;;;;KM 22488_164
BA;890010001;Utsjoki;Ala-Jalve;KM;22488;235;7777280;3527000;45;FALSE;FALSE;FALSE;FALSE;FALSE;FALSE;TRUE;TRUE;TRUE;FALSE;FALSE;;Stone artefacts;Stone arrowhead;Even-based arrowhead;Even-based quartzite arrowhead;Kvartsiittinuolenkärki, tasakantainen;1;;FALSE;kvartsiitti;;;;34;33;8;Sidelovet, kantakatkelma;;;;;;;KM 22488_235
BA;890010001;Utsjoki;Ala-Jalve;KM;22488;645;7777280;3527000;45;FALSE;FALSE;FALSE;FALSE;FALSE;FALSE;TRUE;TRUE;TRUE;FALSE;FALSE;;Stone artefacts;Stone arrowhead;Even-based arrowhead;Even-based quartzite arrowhead;Kvartsiittinuolenkärki, tasakantainen;1;;FALSE;kvartsiitti;;;;14;12;4;Kantakatkelma;;;;;;;KM 22488_645
BA;890010001;Utsjoki;Ala-Jalve;KM;22488;660;7777280;3527000;45;FALSE;FALSE;FALSE;FALSE;FALSE;FALSE;TRUE;TRUE;TRUE;FALSE;FALSE;;Stone artefacts;Stone arrowhead;Even-based arrowhead;Even-based quartzite arrowhead;Kvartsiittinuolenkärki, tasakantainen;1;;FALSE;kvartsiitti;33;15;8;;;;;;;;;;;KM 22488_660
BA;890010001;Utsjoki;Ala-Jalve;KM;22488;899;7777280;3527000;45;FALSE;FALSE;FALSE;FALSE;FALSE;FALSE;TRUE;TRUE;TRUE;FALSE;FALSE;;Stone artefacts;Stone arrowhead;Even-based arrowhead;Even-based quartzite arrowhead;Kvartsiittinuolenkärki, tasakantainen;1;;FALSE;kvartsiitti;;;;16;14;4;Kantakatkelma;;;;;;;KM 22488_899
BA;890010001;Utsjoki;Ala-Jalve;KM;22488;900;7777280;3527000;45;FALSE;FALSE;FALSE;FALSE;FALSE;FALSE;TRUE;TRUE;TRUE;FALSE;FALSE;;Stone artefacts;Stone arrowhead;Even-based arrowhead;Even-based quartzite arrowhead;Kvartsiittinuolenkärki, tasakantainen;1;;FALSE;kvartsiitti;;;;29;24;7;Kantakatkelma;;;;;;;KM 22488_900
BA;890010001;Utsjoki;Ala-Jalve;KM;22488;901;7777280;3527000;45;FALSE;FALSE;FALSE;FALSE;FALSE;FALSE;TRUE;TRUE;TRUE;FALSE;FALSE;;Stone artefacts;Stone arrowhead;Even-based arrowhead;Even-based quartzite arrowhead;Kvartsiittinuolenkärki, tasakantainen;1;;FALSE;kvartsiitti;;;;31;27;6;Kantakatkelma;;;;;;;KM 22488_901
BA;890010001;Utsjoki;Ala-Jalve;KM;22488;1158;7777280;3527000;45;FALSE;FALSE;FALSE;FALSE;FALSE;FALSE;TRUE;TRUE;TRUE;FALSE;FALSE;;Stone artefacts;Stone arrowhead;Even-based arrowhead;Even-based quartzite arrowhead;Kvartsiittinuolenkärki, tasakantainen;1;;FALSE;kvartsiitti;;;;27;15;6;Kantakatkelma;;;;;;;KM 22488_1158
BA;890010001;Utsjoki;Ala-Jalve;KM;22488;1511;7777280;3527000;45;FALSE;FALSE;FALSE;FALSE;FALSE;FALSE;TRUE;TRUE;TRUE;FALSE;FALSE;;Stone artefacts;Stone arrowhead;Even-based arrowhead;Even-based flint arrowhead;Piinuolenkärki, tasakantainen;1;;FALSE;pii;;;;26;21;7;Sidelovellinen, kantakatkelma;;;;;;;KM 22488_1511
BA;890010001;Utsjoki;Ala-Jalve;KM;22488;1512;7777280;3527000;45;FALSE;FALSE;FALSE;FALSE;FALSE;FALSE;TRUE;TRUE;TRUE;FALSE;FALSE;;Stone artefacts;Stone arrowhead;Even-based arrowhead;Even-based quartzite arrowhead;Kvartsiittinuolenkärki, tasakantainen;1;;FALSE;kvartsiitti;;;;29;15;5;Kantakatkelma;;;;;;;KM 22488_1512
BA;890010001;Utsjoki;Ala-Jalve;KM;22488;1755;7777280;3527000;45;FALSE;FALSE;FALSE;FALSE;FALSE;FALSE;TRUE;TRUE;TRUE;FALSE;FALSE;;Stone artefacts;Stone arrowhead;Even-based arrowhead;Even-based slate arrowhead;Liuskenuolenkärki, tasakantainen;1;;FALSE;?;;;;36;17;5;Kantakatkelma;;;;;;;KM 22488_1755
BA;890010001;Utsjoki;Ala-Jalve;KM;22488;1943;7777280;3527000;45;FALSE;FALSE;FALSE;FALSE;FALSE;FALSE;TRUE;TRUE;TRUE;FALSE;FALSE;;Stone artefacts;Stone arrowhead;Even-based arrowhead;Even-based quartzite arrowhead;Kvartsiittinuolenkärki, tasakantainen;1;;FALSE;kvartsiitti;;;;25;26;7;Kantakatkelma;;;;;;;KM 22488_1943
BA;890010001;Utsjoki;Ala-Jalve;KM;22488;2084;7777280;3527000;45;FALSE;FALSE;FALSE;FALSE;FALSE;FALSE;TRUE;TRUE;TRUE;FALSE;FALSE;;Stone artefacts;Stone arrowhead;Even-based arrowhead;Even-based quartzite arrowhead;Kvartsiittinuolenkärki, tasakantainen;1;;FALSE;kvartsiitti;;;;15;19;5;Kantakatkelma;;;;;;;KM 22488_2084
BA;890010001;Utsjoki;Ala-Jalve;KM;22630;3;7777280;3527000;45;FALSE;FALSE;FALSE;FALSE;FALSE;FALSE;TRUE;TRUE;TRUE;FALSE;FALSE;;Stone artefacts;Stone arrowhead;Even-based arrowhead;Even-based slate arrowhead;Liuskenuolenkärki, tasakantainen;1;;FALSE;sarvikivi;;;;26;39;6;Kantakatkelma, sidelovellinen, kannassa karstaa;;;;;;;KM 22630_3
BA;uusi 8395;Suomi;;KM;22806;3;;;;FALSE;FALSE;FALSE;FALSE;FALSE;FALSE;FALSE;TRUE;TRUE;FALSE;FALSE;;Stone artefacts;Stone shaft-hole axe;Rhombus shaft-hole axe;Rhombus shaft-hole axe;Rombikirves;1;;FALSE;;;;;81;29;27;;;;;;;;KM 22806_3
BA;47010076;Enontekiö;Proksinkenttä;KM;22841;29;7593361;3363136;288;FALSE;FALSE;FALSE;FALSE;FALSE;FALSE;TRUE;TRUE;TRUE;FALSE;FALSE;konteksti, 14C;Stone artefacts;Stone arrowhead;Even-based arrowhead;Even-based quartzite arrowhead;Kvartsiittinuolenkärki, tasakantainen;1;;FALSE;kvartsiitti;;;;32;19;6;Kantakatkelma;;;;;;;KM 22841_29
BA;47010076;Enontekiö;Proksinkenttä;KM;22841;95;7593361;3363136;288;FALSE;FALSE;FALSE;FALSE;FALSE;FALSE;TRUE;TRUE;TRUE;FALSE;FALSE;konteksti, 14C;Stone artefacts;Stone arrowhead;Even-based arrowhead;Even-based quartzite arrowhead;Kvartsiittinuolenkärki, tasakantainen;1;;FALSE;kvartsiitti;;;;44;16;6;Kantakatkelma;;;;;;;KM 22841_95
BA;47010076;Enontekiö;Proksinkenttä;KM;22841;156;7593361;3363136;288;FALSE;FALSE;FALSE;FALSE;FALSE;FALSE;TRUE;TRUE;TRUE;FALSE;FALSE;konteksti, 14C;Stone artefacts;Stone arrowhead;Even-based arrowhead;Even-based quartzite arrowhead;Kvartsiittinuolenkärki, tasakantainen;1;;FALSE;kvartsiitti;;;;20;18;5;Kantakatkelma;;;;;;;KM 22841_156
BA;47010076;Enontekiö;Proksinkenttä;KM;22841;189;7593361;3363136;288;FALSE;FALSE;FALSE;FALSE;FALSE;FALSE;TRUE;TRUE;TRUE;FALSE;FALSE;konteksti, 14C;Stone artefacts;Stone arrowhead;Even-based arrowhead;Even-based jasper arrowhead;Jaspisnuolenkärki, tasakantainen;2;;FALSE;jaspis;;;;34;23;9;Kärkikatkelma;;;;;;;KM 22841_189
BA;47010076;Enontekiö;Proksinkenttä;KM;22841;206;7593361;3363136;288;FALSE;FALSE;FALSE;FALSE;FALSE;FALSE;TRUE;TRUE;TRUE;FALSE;FALSE;konteksti, 14C;Stone artefacts;Stone arrowhead;Even-based arrowhead;Even-based quartzite arrowhead;Kvartsiittinuolenkärki, tasakantainen;1;;FALSE;kvartsiitti;61;20;5;;;;Kanta numerossa 206, kärki numerossa 214;;;;;;;KM 22841_206
BA;47010076;Enontekiö;Proksinkenttä;KM;22841;215;7593361;3363136;288;FALSE;FALSE;FALSE;FALSE;FALSE;FALSE;TRUE;TRUE;TRUE;FALSE;FALSE;konteksti, 14C;Stone artefacts;Stone arrowhead;Even-based arrowhead;Even-based quartzite arrowhead;Kvartsiittinuolenkärki, tasakantainen;1;;FALSE;kvartsiitti;;;;26;17;5;;;;;;;;KM 22841_215
BA;47010076;Enontekiö;Proksinkenttä;KM;22841;229;7593361;3363136;288;FALSE;FALSE;FALSE;FALSE;FALSE;FALSE;TRUE;TRUE;TRUE;FALSE;FALSE;konteksti, 14C;Stone artefacts;Stone spearhead;Even-based spearhead;Even-based quartzite spearhead;Kvartsiittikeihäänkärki, tasakantainen;2;;FALSE;kvartsiitti;100;30;8;;;;Kantaosa numerossa 300, kärkiosa numerossa 229;;;;;;;KM 22841_229
BA;47010076;Enontekiö;Proksinkenttä;KM;22841;308;7593361;3363136;288;FALSE;FALSE;FALSE;FALSE;FALSE;FALSE;TRUE;TRUE;TRUE;FALSE;FALSE;konteksti, 14C;Stone artefacts;Stone arrowhead;Even-based arrowhead;Even-based jasper arrowhead;Jaspisnuolenkärki, tasakantainen;1;;FALSE;jaspis;42;18;7;;;;;;;;;;;KM 22841_308
BA;148010350;Inari;Salosenniemi;KM;22868;14;7646380;3556300;120;FALSE;FALSE;FALSE;FALSE;FALSE;FALSE;TRUE;TRUE;TRUE;FALSE;FALSE;;Stone artefacts;Stone arrowhead;Even-based arrowhead;Even-based quartzite arrowhead;Kvartsiittinuolenkärki, tasakantainen;1;;FALSE;kvartsiitti;21;19;3;;;;;;;;;;;KM 22868_14
BA;890010001;Utsjoki;Ala-Jalve;KM;22897;262;7777280;3527000;45;FALSE;FALSE;FALSE;FALSE;FALSE;FALSE;TRUE;TRUE;TRUE;FALSE;FALSE;;Stone artefacts;Stone arrowhead;Even-based arrowhead;Even-based quartzite arrowhead;Kvartsiittinuolenkärki, tasakantainen;1;;FALSE;kvartsiitti;;;;22;17;6;Kantakatkelma;;;;;;;KM 22897_262
BA;890010001;Utsjoki;Ala-Jalve;KM;22897;890;7777280;3527000;45;FALSE;FALSE;FALSE;FALSE;FALSE;FALSE;TRUE;TRUE;TRUE;FALSE;FALSE;;Stone artefacts;Stone arrowhead;Even-based arrowhead;Even-based quartzite arrowhead;Kvartsiittinuolenkärki, tasakantainen;1;;FALSE;kvartsiitti;;;;35;18;5;Kantakatkelma;;;;;;;KM 22897_890
BA;890010001;Utsjoki;Ala-Jalve;KM;22897;1064;7777280;3527000;45;FALSE;FALSE;FALSE;FALSE;FALSE;FALSE;TRUE;TRUE;TRUE;FALSE;FALSE;;Stone artefacts;Stone arrowhead;Even-based arrowhead;Even-based quartzite arrowhead;Kvartsiittinuolenkärki, tasakantainen;1;;FALSE;kvartsiitti;;;;15;20;4;Kantakatkelma;;;;;;;KM 22897_1064
BA;890010001;Utsjoki;Ala-Jalve;KM;22897;1468;7777280;3527000;45;FALSE;FALSE;FALSE;FALSE;FALSE;FALSE;TRUE;TRUE;TRUE;FALSE;FALSE;;Stone artefacts;Stone arrowhead;Even-based arrowhead;Even-based quartzite arrowhead;Kvartsiittinuolenkärki, tasakantainen;1;;FALSE;kvartsiitti;56;17;6;;;;;;;;;;;KM 22897_1468
BA;890010001;Utsjoki;Ala-Jalve;KM;22897;1824;7777280;3527000;45;FALSE;FALSE;FALSE;FALSE;FALSE;FALSE;TRUE;TRUE;TRUE;FALSE;FALSE;;Stone artefacts;Stone arrowhead;Even-based arrowhead;Even-based quartzite arrowhead;Kvartsiittinuolenkärki, tasakantainen;1;;FALSE;kvartsiitti;;;;26;15;5;Kantakatkelma;;;;;;;KM 22897_1824
BA;890010001;Utsjoki;Ala-Jalve;KM;22897;2025;7777280;3527000;45;FALSE;FALSE;FALSE;FALSE;FALSE;FALSE;TRUE;TRUE;TRUE;FALSE;FALSE;;Stone artefacts;Stone arrowhead;Even-based arrowhead;Even-based quartzite arrowhead;Kvartsiittinuolenkärki, tasakantainen;1;;FALSE;kvartsiitti;;;;15;20;5;Kantakatkelma;;;;;;;KM 22897_2025
BA;890010001;Utsjoki;Ala-Jalve;KM;22897;2125;7777280;3527000;45;FALSE;FALSE;FALSE;FALSE;FALSE;FALSE;TRUE;TRUE;TRUE;FALSE;FALSE;;Stone artefacts;Stone arrowhead;Even-based arrowhead;Even-based quartzite arrowhead;Kvartsiittinuolenkärki, tasakantainen;1;;FALSE;kvartsiitti;;;;32;13;5;Kantakatkelma;;;;;;;KM 22897_2125
BA;890010001;Utsjoki;Ala-Jalve;KM;22897;2431;7777280;3527000;45;FALSE;FALSE;FALSE;FALSE;FALSE;FALSE;TRUE;TRUE;TRUE;FALSE;FALSE;;Stone artefacts;Stone spearhead;Even-based spearhead;Even-based quartzite spearhead;Kvartsiittikeihäänkärki, tasakantainen;2;;FALSE;kvartsiitti;;;;60;44;12;Kärkikatkelma;;;;;;;KM 22897_2431
BA;890010001;Utsjoki;Ala-Jalve;KM;22897;2575;7777280;3527000;45;FALSE;FALSE;FALSE;FALSE;FALSE;FALSE;TRUE;TRUE;TRUE;FALSE;FALSE;;Stone artefacts;Stone arrowhead;Even-based arrowhead;Even-based quartzite arrowhead;Kvartsiittinuolenkärki, tasakantainen;1;;FALSE;kvartsiitti;56;14;8;;;;;;;;;;;KM 22897_2575
BA;777010085;Suomussalmi;Jalonniemi;KM;23057;13;7200199;3591001;199;FALSE;FALSE;FALSE;FALSE;FALSE;FALSE;TRUE;TRUE;TRUE;TRUE;FALSE;;Stone artefacts;Stone arrowhead;Even-based arrowhead;Even-based flint arrowhead;Piinuolenkärki, tasakantainen;2;;FALSE;pii;50;18;8;;;;;;;;;;;KM 23057_13
BA;777010103;Suomussalmi;TB:n ranta;KM;23058;43;7199396;3592010;199;FALSE;FALSE;FALSE;FALSE;FALSE;FALSE;TRUE;TRUE;TRUE;FALSE;FALSE;;Stone artefacts;Stone arrowhead;Even-based arrowhead;Even-based flint arrowhead;Piinuolenkärki, tasakantainen;1;;FALSE;pii;;;;32;15;7;Kantakatkelma;;;;;;;KM 23058_43
BA;47010076;Enontekiö;Proksinkenttä;KM;23241;148;7593361;3363136;288;FALSE;FALSE;FALSE;FALSE;FALSE;FALSE;TRUE;TRUE;TRUE;FALSE;FALSE;konteksti, 14C;Stone artefacts;Stone arrowhead;Even-based arrowhead;Even-based quartzite arrowhead;Kvartsiittinuolenkärki, tasakantainen;1;;FALSE;kvartsiitti;;;;24;15;6;kantakatkelma;;;;;;;KM 23241_148
BA;890010001;Utsjoki;Ala-Jalve;KM;23306;839;7777280;3527000;45;FALSE;FALSE;FALSE;FALSE;FALSE;FALSE;TRUE;TRUE;TRUE;FALSE;FALSE;;Stone artefacts;Stone arrowhead;Even-based arrowhead;Even-based quartzite arrowhead;Kvartsiittinuolenkärki, tasakantainen;1;;FALSE;kvartsiitti;52;18;7;;;;;;;;;;;KM 23306_839
BA;777010103;Suomussalmi;TB:n ranta;KM;23329;287;7199396;3592010;199;FALSE;FALSE;FALSE;FALSE;FALSE;FALSE;TRUE;TRUE;TRUE;FALSE;FALSE;;Stone artefacts;Stone arrowhead;Even-based arrowhead;Even-based quartzite arrowhead;Kvartsiittinuolenkärki, tasakantainen;1;;FALSE;kvartsiitti;;;;19;13;4;kantakatkelma;;;;;;;KM 23329_287
BA;777010114;Suomussalmi;Kukkosaari;KM;23332;32;7201478;3592642;199;FALSE;FALSE;FALSE;FALSE;FALSE;FALSE;TRUE;TRUE;TRUE;FALSE;FALSE;;Stone artefacts;Stone arrowhead;Even-based arrowhead;Even-based flint arrowhead;Piinuolenkärki, tasakantainen;3;;FALSE;pii;81;32;8;;;;;;;;;;;KM 23332_32
BA;148010381;Inari;Kaidanvuono kaakko;KM;23354;10;7628950;3516950;130;FALSE;FALSE;FALSE;FALSE;FALSE;FALSE;TRUE;TRUE;TRUE;FALSE;FALSE;;Stone artefacts;Stone arrowhead;Even-based arrowhead;Even-based quartz arrowhead;Kvartsinuolenkärki, tasakantainen;2;;FALSE;kvartsi;;;;16;14;5;;;;;;;;KM 23354_10
BA;uusi 262;Hyrynsalmi;Niskapuro;KM;23480;;7170400;3570400;165;FALSE;FALSE;FALSE;FALSE;FALSE;FALSE;TRUE;TRUE;TRUE;FALSE;FALSE;;Stone artefacts;Stone arrowhead;Even-based arrowhead;Even-based flint arrowhead;Piinuolenkärki, tasakantainen;1;;FALSE;pii;34;17;4;;;;;;;;;;;KM 23480
BA;777010103;Suomussalmi;TB:n ranta;KM;23605;4;7199396;3592010;199;FALSE;FALSE;FALSE;FALSE;FALSE;FALSE;TRUE;TRUE;TRUE;FALSE;FALSE;;Stone artefacts;Stone arrowhead;Even-based arrowhead;Even-based quartz arrowhead;Kvartsinuolenkärki, tasakantainen;1;;FALSE;kvartsi;35;15;6;;;;;;;;;;;KM 23605_4
BA;777010117;Suomussalmi;Joenniemi;KM;23701;59;7216972;3597610;199;FALSE;FALSE;FALSE;FALSE;FALSE;FALSE;TRUE;TRUE;TRUE;FALSE;FALSE;;Stone artefacts;Stone arrowhead;Even-based arrowhead;Even-based quartzite arrowhead;Kvartsiittinuolenkärki, tasakantainen;1;;FALSE;kvartsiitti;35;18;6;;;;;;;;;;;KM 23701_59
BA;890010001;Utsjoki;Ala-Jalve;KM;23808;363;7777280;3527000;45;FALSE;FALSE;FALSE;FALSE;FALSE;FALSE;TRUE;TRUE;TRUE;FALSE;FALSE;;Stone artefacts;Stone arrowhead;Even-based arrowhead;Even-based quartzite arrowhead;Kvartsiittinuolenkärki, tasakantainen;1;;FALSE;kvartsiitti;;;;32;18;7;kantakatkelma;;;;;;;KM 23808_363
BA;890010001;Utsjoki;Ala-Jalve;KM;23808;1860;7777280;3527000;45;FALSE;FALSE;FALSE;FALSE;FALSE;FALSE;TRUE;TRUE;TRUE;FALSE;FALSE;;Stone artefacts;Stone arrowhead;Even-based arrowhead;Even-based quartzite arrowhead;Kvartsiittinuolenkärki, tasakantainen;1;;FALSE;kvartsiitti;;;;13;15;6;kantakatkelma;;;;;;;KM 23808_1860
BA;890010001;Utsjoki;Ala-Jalve;KM;23808;2072;7777280;3527000;45;FALSE;FALSE;FALSE;FALSE;FALSE;FALSE;TRUE;TRUE;TRUE;FALSE;FALSE;;Stone artefacts;Stone arrowhead;Even-based arrowhead;Even-based quartzite arrowhead;Kvartsiittinuolenkärki, tasakantainen;1;;FALSE;kvartsiitti;;;;19;23;7;;;;;;;;KM 23808_2072
BA;890010001;Utsjoki;Ala-Jalve;KM;23808;2888;7777280;3527000;45;FALSE;FALSE;FALSE;FALSE;FALSE;FALSE;TRUE;TRUE;TRUE;FALSE;FALSE;;Stone artefacts;Stone arrowhead;Even-based arrowhead;Even-based quartzite arrowhead;Kvartsiittinuolenkärki, tasakantainen;1;;FALSE;kvartsiitti;;;;30;13;5;kantakatkelma;;;;;;;KM 23808_2888
BA;uusi 328;Seinäjoki;Peräseinäjoki;KM;23938;;6946664;3298045;;FALSE;FALSE;FALSE;FALSE;FALSE;FALSE;TRUE;TRUE;TRUE;FALSE;FALSE;;Stone artefacts;Stone spearhead;Even-based spearhead;Even-based quartzite spearhead;Kvartsiittikeihäänkärki, tasakantainen;1;;FALSE;kvartsiitti;104;26;8;;;;;;;;;;;KM 23938
BA;420040015;Leppävirta;Palosalmi;KM;24195;;6937620;3549340;83;FALSE;FALSE;FALSE;FALSE;FALSE;FALSE;TRUE;TRUE;TRUE;FALSE;FALSE;;Stone artefacts;Stone arrowhead;Even-based arrowhead;Even-based quartz arrowhead;Kvartsinuolenkärki, tasakantainen;1;;FALSE;kvartsi;62;16;10;;;;löytynyt puronpohjasta;;;;;;;KM 24195
BA;777010134;Suomussalmi;Peuronhieta;KM;24237;1;7201555;3591717;199;FALSE;FALSE;FALSE;FALSE;FALSE;FALSE;FALSE;FALSE;TRUE;FALSE;FALSE;;Stone artefacts;Stone cast;Stone cast;;Valinmuotti;1;;FALSE;vuolukivi;;;;94;31;12;;;;;;;;KM 24237_1
BA;777010134;Suomussalmi;Peuronhieta;KM;24237;2;7201555;3591717;199;FALSE;FALSE;FALSE;FALSE;FALSE;FALSE;FALSE;FALSE;TRUE;FALSE;FALSE;;Stone artefacts;Stone cast;Stone cast;;Valinmuotti;2;;FALSE;vuolukivi;;;;70;48;13;;;;;;;;KM 24237_2
BA;148010423;Inari;Vaskojoen suu;KM;24359;2;7645400;3485540;142;FALSE;FALSE;FALSE;FALSE;FALSE;FALSE;TRUE;TRUE;TRUE;FALSE;FALSE;;Stone artefacts;Stone arrowhead;Even-based arrowhead;Even-based quartzite arrowhead;Kvartsiittinuolenkärki, tasakantainen;1;;FALSE;kvartsiitti;37;18;5;;;;;;;;;;;KM 24359_2
BA;890010086;Utsjoki;Kenesjärvi S;KM;24401;3;7734100;3503300;93;FALSE;FALSE;FALSE;FALSE;FALSE;FALSE;TRUE;TRUE;TRUE;FALSE;FALSE;;Stone artefacts;Stone arrowhead;Even-based arrowhead;Even-based quartzite arrowhead;Kvartsiittinuolenkärki, tasakantainen;1;;FALSE;kvartsiitti;45;16;7;;;;;;;;;;;KM 24401_3
BA;777010085;Suomussalmi;Jalonniemi;KM;24418;97;7200199;3591001;199;FALSE;FALSE;FALSE;FALSE;FALSE;FALSE;TRUE;TRUE;TRUE;FALSE;FALSE;;Stone artefacts;Stone arrowhead;Even-based arrowhead;Even-based quartz arrowhead;Kvartsinuolenkärki, tasakantainen;1;;FALSE;kvartsi;43;17;7;;;;;;;;;;;KM 24418_97
BA;777010085;Suomussalmi;Jalonniemi;KM;24418;176;7200199;3591001;199;FALSE;FALSE;FALSE;FALSE;FALSE;FALSE;TRUE;TRUE;TRUE;FALSE;FALSE;;Stone artefacts;Stone arrowhead;Even-based arrowhead;Even-based quartz arrowhead;Kvartsinuolenkärki, tasakantainen;1;;FALSE;kvartsi;;;;33;22;8;kantakatkelma;;;;;;;KM 24418_176
BA;777010085;Suomussalmi;Jalonniemi;KM;24418;177;7200199;3591001;199;FALSE;FALSE;FALSE;FALSE;FALSE;FALSE;TRUE;TRUE;TRUE;FALSE;FALSE;;Stone artefacts;Stone arrowhead;Even-based arrowhead;Even-based quartz arrowhead;Kvartsinuolenkärki, tasakantainen;1;;FALSE;kvartsi;;;;38;22;10;kantakatkelma;;;;;;;KM 24418_177
BA;577010038;Paimio;Halkilahti;KM;24557;2139;6711516;3258850;19;FALSE;FALSE;FALSE;FALSE;FALSE;FALSE;FALSE;TRUE;TRUE;FALSE;FALSE;;Stone artefacts;Stone shaft-hole axe;Rhombus shaft-hole axe;Rhombus shaft-hole axe;Rombikirves;2;;FALSE;diabaasi;;;;67;51;45;;;;;;;;KM 24557_2139
BA;261010006;Kittilä;Rauhala;KM;24848;89;7536960;3383134;260;FALSE;FALSE;FALSE;FALSE;FALSE;FALSE;TRUE;TRUE;TRUE;FALSE;FALSE;;Stone artefacts;Stone arrowhead;Even-based arrowhead;Even-based quartz arrowhead;Kvartsinuolenkärki, tasakantainen;1;;FALSE;kvartsi;26;14;3;;;;ruodollinen;;;;;;;KM 24848_89
BA;261010006;Kittilä;Rauhala;KM;24848;133;7536960;3383134;260;FALSE;FALSE;FALSE;FALSE;FALSE;FALSE;TRUE;TRUE;TRUE;FALSE;FALSE;;Stone artefacts;Stone arrowhead;Even-based arrowhead;Even-based quartz arrowhead;Kvartsinuolenkärki, tasakantainen;1;;FALSE;kvartsi;;;;23;16;5;kantakatkelma;;;;;;;KM 24848_133
BA;uusi 365;Sodankylä;Juustovuopaja;KM;24888;7;7477840;3483380;175;FALSE;FALSE;FALSE;FALSE;FALSE;FALSE;TRUE;TRUE;TRUE;FALSE;FALSE;;Stone artefacts;Stone arrowhead;Even-based arrowhead;Even-based quartz arrowhead;Kvartsinuolenkärki, tasakantainen;1;;FALSE;kvartsi;49;18;8;;;;;;;;;;;KM 24888_7
BA;a11;Enontekiö;Muotkajänela11;KM;25041;;7588603;3351896;290;FALSE;FALSE;FALSE;FALSE;FALSE;FALSE;TRUE;TRUE;TRUE;FALSE;FALSE;;Stone artefacts;Stone arrowhead;Even-based arrowhead;Even-based quartzite arrowhead;Kvartsiittinuolenkärki, tasakantainen;1;;FALSE;kvartsiitti;;;;38;28;8;kantakatkelma;;;;;;;KM 25041
BA;777010126;Suomussalmi;Vaamanlahti;KM;25075;1;7199002;3593621;199;FALSE;FALSE;FALSE;FALSE;FALSE;FALSE;TRUE;TRUE;TRUE;FALSE;FALSE;;Stone artefacts;Stone arrowhead;Even-based arrowhead;Even-based quartzite arrowhead;Kvartsiittinuolenkärki, tasakantainen;1;;FALSE;kvartsiitti;;;;35;13;1;ruodollinen;;;;;;;KM 25075_1
BA;777010126;Suomussalmi;Vaamanlahti;KM;25075;2;7199002;3593621;199;FALSE;FALSE;FALSE;FALSE;FALSE;FALSE;TRUE;TRUE;TRUE;FALSE;FALSE;;Stone artefacts;Stone arrowhead;Even-based arrowhead;Even-based flint arrowhead;Piinuolenkärki, tasakantainen;1;;FALSE;pii;39;11;6;;;;ruodollinen;;;;;;;KM 25075_2
BA;47010151;Enontekiö;Tsahkaljohka;KM;25174;1;7671725;3255915;500;FALSE;FALSE;FALSE;FALSE;FALSE;FALSE;TRUE;TRUE;TRUE;FALSE;FALSE;;Stone artefacts;Stone arrowhead;Even-based arrowhead;Even-based quartzite arrowhead;Kvartsiittinuolenkärki, tasakantainen;1;;FALSE;kvartsiitti;;;;21;17;5;kantakatkelma, koverakantainen;;;;;;;KM 25174_1
BA;699010474;Rovaniemi;Riitakanranta;KM;25375;64;7374200;3455300;83;FALSE;FALSE;FALSE;FALSE;FALSE;FALSE;TRUE;TRUE;TRUE;FALSE;FALSE;;Stone artefacts;Stone arrowhead;Even-based arrowhead;Even-based quartz arrowhead;Kvartsinuolenkärki, tasakantainen;2;;FALSE;;28;20;6;;;;;;;;;;;KM 25375_64
BA;320010242;Kemijärvi;Revässaari;KM;25545;1;7396260;3525500;149;FALSE;FALSE;FALSE;FALSE;FALSE;FALSE;TRUE;TRUE;TRUE;FALSE;FALSE;;Stone artefacts;Stone arrowhead;Even-based arrowhead;Even-based quartz arrowhead;Kvartsinuolenkärki, tasakantainen;1;;FALSE;kvartsi;25;15;5;;;;;;;;;;;KM 25545_1
BA;890010001;Utsjoki;Ala-Jalve;KM;25645;6;7777280;3527000;45;FALSE;FALSE;FALSE;FALSE;FALSE;FALSE;TRUE;TRUE;TRUE;FALSE;FALSE;;Stone artefacts;Stone arrowhead;Even-based arrowhead;Even-based quartzite arrowhead;Kvartsiittinuolenkärki, tasakantainen;1;;FALSE;kvartsiitti;42;17;7;;;;;;;;;;;KM 25645_6
BA;47010073;Enontekiö;Tervaniemi, saamenmuseo;KM;25690;148;7593843;3364722;288;FALSE;FALSE;FALSE;FALSE;FALSE;FALSE;TRUE;TRUE;TRUE;FALSE;FALSE;;Stone artefacts;Stone arrowhead;Even-based arrowhead;Even-based quartz arrowhead;Kvartsinuolenkärki, tasakantainen;1;;FALSE;kvartsi;33;18;7;;;;;;;;;;;KM 25690_148
BA;47010073;Enontekiö;Tervaniemi, saamenmuseo;KM;25690;183;7593843;3364722;288;FALSE;FALSE;FALSE;FALSE;FALSE;FALSE;TRUE;TRUE;TRUE;FALSE;FALSE;;Stone artefacts;Stone arrowhead;Even-based arrowhead;Even-based quartzite arrowhead;Kvartsiittinuolenkärki, tasakantainen;1;;FALSE;kvartsiitti;;;;25;25;6;kantakatkelma;;;;;;;KM 25690_183
BA;148010673;Inari;Kaunisniemi 2;KM;26039;16;7626950;3509950;131;FALSE;FALSE;FALSE;FALSE;FALSE;FALSE;TRUE;TRUE;TRUE;FALSE;FALSE;;Stone artefacts;Stone spearhead;Even-based spearhead;Even-based quartzite spearhead;Kvartsiittikeihäänkärki, tasakantainen;2;;FALSE;kvartsiitti;;;;42;27;13;kärkikatkelma;;;;;;;KM 26039_16
BA;700010018;Ruokolahti;Parrumäki;KM;26300;1;6804363;3594860;85;FALSE;FALSE;FALSE;FALSE;FALSE;FALSE;FALSE;TRUE;TRUE;FALSE;FALSE;;Stone artefacts;Stone shaft-hole axe;Rhombus shaft-hole axe;Rhombus shaft-hole axe;Rombikirves;3;;FALSE;porfyyri;;;;60;59;37;Voi myös olla yksinkertainen reikäkirves.;;;;;;;KM 26300_1
BA;a180;Rovaniemi;Niskanperä Riihelä ;KM;26304;1;7374990;3438680;80;FALSE;FALSE;FALSE;FALSE;FALSE;FALSE;TRUE;TRUE;TRUE;FALSE;FALSE;;Stone artefacts;Stone arrowhead;Even-based arrowhead;Even-based quartz arrowhead;Kvartsinuolenkärki, tasakantainen;1;;FALSE;kvartsi;33;22;8;;;;teelmä;;;;;;;KM 26304_1
BA;777010113;Suomussalmi;Joutenniemi;KM;26324;1;7200531;3593348;199;FALSE;FALSE;FALSE;FALSE;FALSE;FALSE;TRUE;TRUE;TRUE;FALSE;FALSE;;Stone artefacts;Stone arrowhead;Even-based arrowhead;Even-based flint arrowhead;Piinuolenkärki, tasakantainen;1;;FALSE;pii;;;;16;17;4;kantakatkelma;;;;;;;KM 26324_1
BA;166010001;Uusikaarlepyy;Jepua-Knäbacken/Asplandet;KM;26618;2;7035402;3282279;35;FALSE;FALSE;FALSE;FALSE;FALSE;FALSE;TRUE;TRUE;TRUE;FALSE;FALSE;tyyppi;Stone artefacts;Stone arrowhead;Even-based arrowhead;Even-based flint arrowhead;Piinuolenkärki, tasakantainen;1;;TRUE;pii;86;16;6;;;;Hiidenkiuaslöytö.;;;;;;;KM 26618_2
BA;148010031;Inari;Kiviniemi;KM;26701;4;7627020;3525520;120;FALSE;FALSE;FALSE;FALSE;FALSE;FALSE;TRUE;TRUE;TRUE;FALSE;FALSE;;Stone artefacts;Stone arrowhead;Even-based arrowhead;Even-based quartzite arrowhead;Kvartsiittinuolenkärki, tasakantainen;1;;FALSE;kvartsiitti;;;;26;19;6;kantakatkelma;;;;;;;KM 26701_4
BA;a256;Inari;Selkäjärvi;KM;26733;;7716830;3540050;215;FALSE;FALSE;FALSE;FALSE;FALSE;FALSE;TRUE;TRUE;TRUE;FALSE;FALSE;;Stone artefacts;Stone arrowhead;Even-based arrowhead;Even-based quartzite arrowhead;Kvartsiittinuolenkärki, tasakantainen;1;;FALSE;kvartsiitti;83;30;8;;;;sidelovellinen, tummentumaa kannan ja kärjen ympärillä (karstaa?);;;;;;;KM 26733
BA;47010193;Enontekiö;Jietajoensuu;KM;26773;1;7604973;3312523;228;FALSE;FALSE;FALSE;FALSE;FALSE;FALSE;TRUE;TRUE;TRUE;FALSE;FALSE;;Stone artefacts;Stone arrowhead;Even-based arrowhead;Even-based quartzite arrowhead;Kvartsiittinuolenkärki, tasakantainen;1;;FALSE;kvartsiitti;40;20;4;;;;;;;;;;;KM 26773_1
BA;148010746;Inari;Kirakkajoen suu itä 2;KM;26820;20;7626940;3508620;133;FALSE;FALSE;FALSE;FALSE;FALSE;FALSE;TRUE;TRUE;TRUE;FALSE;FALSE;;Stone artefacts;Stone arrowhead;Even-based arrowhead;Even-based chert arrowhead;Serttinuolenkärki, tasakantainen;1;;FALSE;sertti;;;;19;18;4;kantakatkelma;;;;;;;KM 26820_20
BA;148010746;Inari;Kirakkajoen suu itä 2;KM;26820;21;7626940;3508620;133;FALSE;FALSE;FALSE;FALSE;FALSE;FALSE;TRUE;TRUE;TRUE;FALSE;FALSE;;Stone artefacts;Stone arrowhead;Even-based arrowhead;Even-based quartzite arrowhead;Kvartsiittinuolenkärki, tasakantainen;1;;FALSE;kvartsiitti;23;16;5;;;;koverokantainen;;;;;;;KM 26820_21
BA;148010746;Inari;Kirakkajoen suu itä 2;KM;26820;22;7626940;3508620;133;FALSE;FALSE;FALSE;FALSE;FALSE;FALSE;TRUE;TRUE;TRUE;FALSE;FALSE;;Stone artefacts;Stone arrowhead;Even-based arrowhead;Even-based quartzite arrowhead;Kvartsiittinuolenkärki, tasakantainen;1;;FALSE;kvartsiitti;30;19;5;;;;;;;;;;;KM 26820_22
BA;1000000938;Utsjoki;Kaskatallu;KM;27240;2;7710240;3454810;115;FALSE;FALSE;FALSE;FALSE;FALSE;FALSE;TRUE;TRUE;TRUE;FALSE;FALSE;;Stone artefacts;Stone arrowhead;Even-based arrowhead;Even-based chert arrowhead;Serttinuolenkärki, tasakantainen;1;;FALSE;sertti;30;21;7;;;;varttamislovellinen;;;;;;;KM 27240_2
BA;1000000436;Sodankylä;Poikamella;KM;27674;771;7486450;3482760;178;FALSE;FALSE;FALSE;FALSE;FALSE;FALSE;TRUE;TRUE;TRUE;FALSE;FALSE;;Stone artefacts;Stone arrowhead;Even-based arrowhead;Even-based quartz arrowhead;Kvartsinuolenkärki, tasakantainen;2;;FALSE;kvartsi;;;;15;18;6;kantakatkelma;;;;;;;KM 27674_771
BA;601010042;Pihtipudas;Koliman Hämeensaari;KM;27804;14;7028600;3431020;115;FALSE;FALSE;FALSE;FALSE;FALSE;FALSE;TRUE;TRUE;TRUE;FALSE;FALSE;;Stone artefacts;Stone arrowhead;Even-based arrowhead;Even-based quartz arrowhead;Kvartsinuolenkärki, tasakantainen;2;;FALSE;kvartsi;35;19;6;;;;;;;;;;;KM 27804_14
BA;696010026;Mikkeli;Kitulansuo D;KM;28112;7;6822290;3519820;80;FALSE;FALSE;FALSE;FALSE;FALSE;FALSE;FALSE;TRUE;TRUE;FALSE;FALSE;;Stone artefacts;Stone arrowhead;Even-based arrowhead;Even-based quartz arrowhead;Kvartsinuolenkärki, tasakantainen;1;;FALSE;kvartsi;40;16;4;;;;;;;;;;;KM 28112_7
BA;47010058;Enontekiö;Naapasuu;KM;28408;1;7627478;3371129;418;FALSE;FALSE;FALSE;FALSE;FALSE;FALSE;TRUE;TRUE;TRUE;FALSE;FALSE;;Stone artefacts;Stone arrowhead;Even-based arrowhead;Even-based slate arrowhead;Liuskenuolenkärki, tasakantainen;2;;FALSE;sädekiviliuske;70;33;10;;;;;;;;;;;KM 28408_1
BA;47010210;Enontekiö;Myllymaa 2;KM;28755;3;7590271;3355826;288;FALSE;FALSE;FALSE;FALSE;FALSE;FALSE;TRUE;TRUE;TRUE;FALSE;FALSE;;Stone artefacts;Stone arrowhead;Even-based arrowhead;Even-based quartz arrowhead;Kvartsinuolenkärki, tasakantainen;1;;FALSE;kvartsi;;;;20;17;5;kantakatkelma;;;;;;;KM 28755_3
BA;47010210;Enontekiö;Myllymaa 2;KM;28755;140;7590271;3355826;288;FALSE;FALSE;FALSE;FALSE;FALSE;FALSE;TRUE;TRUE;TRUE;FALSE;FALSE;;Stone artefacts;Stone arrowhead;Even-based arrowhead;Even-based quartz arrowhead;Kvartsinuolenkärki, tasakantainen;1;;FALSE;kvartsi;;;;30;27;7;kantakatkelma, ruodollinen;;;;;;;KM 28755_140
BA;494010040;Muhos;Halosentörmä;KM;28798;;7200150;3442850;33;FALSE;FALSE;FALSE;FALSE;FALSE;FALSE;TRUE;TRUE;TRUE;FALSE;FALSE;;Stone artefacts;Stone arrowhead;Even-based arrowhead;Even-based slate arrowhead;Liuskenuolenkärki, tasakantainen;1;;FALSE;sädekiviliuske;38;19;6;;;;kärkikatkelma;;;;;;;KM 28798
BA;40010027;Kemiönsaari;Kyrksundet;KM;28832;102;6649270;3247493;;FALSE;FALSE;FALSE;FALSE;FALSE;FALSE;TRUE;TRUE;TRUE;FALSE;FALSE;;Stone artefacts;Stone arrowhead;Even-based arrowhead;Even-based flint arrowhead;Piinuolenkärki, tasakantainen;2;;FALSE;pii;21;13;;;;;koverakantainen, kolmiomainen piikärki;;;;;;;KM 28832_102
BA;148010427;Inari;Menesjärvi;KM;28833;;7628200;3475950;203;FALSE;FALSE;FALSE;FALSE;FALSE;FALSE;TRUE;TRUE;TRUE;FALSE;FALSE;tyyppi;Stone artefacts;Stone arrowhead;Even-based arrowhead;Even-based quartzite arrowhead;Kvartsiittinuolenkärki, tasakantainen;1;;FALSE;kvartsiitti;43;20;6;;;;;;;;;;;KM 28833
BA;1000003337;Kitee;Mustapohja;KM;28937;;6868294;3640541;78;FALSE;FALSE;FALSE;FALSE;FALSE;FALSE;TRUE;TRUE;TRUE;FALSE;FALSE;;Stone artefacts;Stone arrowhead;Even-based arrowhead;Even-based flint arrowhead;Piinuolenkärki, tasakantainen;1;;FALSE;pii;48;12;5;;;;;;;;;;;KM 28937
BA;1000004242;Kuhmo;Ukonniemi;KM;29050;1;7116420;3614360;159;FALSE;FALSE;FALSE;FALSE;FALSE;FALSE;TRUE;TRUE;TRUE;FALSE;FALSE;;Stone artefacts;Stone arrowhead;Even-based arrowhead;Even-based flint arrowhead;Piinuolenkärki, tasakantainen;1;;FALSE;pii;81;12;7;;;;;;;;;;;KM 29050_1
BA;290010053;Kuhmo;Vasikkaniemi SW;KM;29136;1697;7112834;3598406;159;FALSE;FALSE;FALSE;FALSE;FALSE;FALSE;FALSE;FALSE;TRUE;FALSE;FALSE;;Stone artefacts;Stone cast;Stone cast;;Valinmuotti;2;;FALSE;vuolukivi;69;47;25;;;;kiveen on porattu kuoppa;;;;;;;KM 29136_1697
BA;777010103;Suomussalmi;TB:n ranta;KM;29707;;7199396;3592010;199;FALSE;FALSE;FALSE;FALSE;FALSE;FALSE;TRUE;TRUE;TRUE;FALSE;FALSE;;Stone artefacts;Stone arrowhead;Even-based arrowhead;Even-based quartz arrowhead;Kvartsinuolenkärki, tasakantainen;1;;FALSE;kvartsi;;;;31;28;8;kantakatkelma;;;;;;;KM 29707
BA;b179;Eura;Laihiantie;KM;29801;;6803432;3236952;;FALSE;FALSE;FALSE;FALSE;FALSE;FALSE;FALSE;FALSE;TRUE;FALSE;FALSE;;Stone artefacts;Stone shaft-hole axe;Rhombus shaft-hole axe;Rhombus shaft-hole axe, A-type;Rombikirves, A-tyyppi;2;;FALSE;diabaasi;;;;70;66;40;puolikas;;;;;;;KM 29801
BA;283040011;Hollola;Järvi-Kukkola;KM;29820;;6768579;3402005;105;FALSE;FALSE;FALSE;FALSE;FALSE;FALSE;TRUE;TRUE;TRUE;FALSE;FALSE;;Stone artefacts;Stone arrowhead;Even-based arrowhead;Even-based quartz arrowhead;Kvartsinuolenkärki, tasakantainen;1;;FALSE;kvartsi;;;;60;22;8;kantakatkelma;;;;;;;KM 29820
BA;b227;Sauvo;Raitniemi;KM;30213;;6695162;3260806;;FALSE;FALSE;FALSE;FALSE;FALSE;FALSE;FALSE;FALSE;TRUE;FALSE;FALSE;;Stone artefacts;Stone shaft-hole axe;Rhombus shaft-hole axe;Rhombus shaft-hole axe, A-type;Rombikirves, A-tyyppi;1;;FALSE;diabaasi;108;53;35;;;;pronssikautinen;;;;;;;KM 30213
BA;398010015;Lahti;Hölmänmäki;KM;30720;;6759610;3422390;75;FALSE;FALSE;FALSE;FALSE;FALSE;FALSE;FALSE;TRUE;TRUE;FALSE;FALSE;;Stone artefacts;Stone shaft-hole axe;Rhombus shaft-hole axe;Rhombus shaft-hole axe;Rombikirves;2;;FALSE;porfyyri;111;57;38;;;;;;;;;;;KM 30720
BA;494010040;Muhos;Halosentörmä;KM;30888;92;7200150;3442850;33;FALSE;FALSE;FALSE;FALSE;FALSE;FALSE;TRUE;TRUE;TRUE;FALSE;FALSE;;Stone artefacts;Stone arrowhead;Even-based arrowhead;Even-based quartz arrowhead;Kvartsinuolenkärki, tasakantainen;1;;FALSE;kvartsi;29;15;5;;;;;;;;;;;KM 30888_92
BA;uusi 923;Inari;Ristijärvi;KM;30932;;7712082;3575676;140;FALSE;FALSE;FALSE;FALSE;FALSE;FALSE;TRUE;TRUE;TRUE;FALSE;FALSE;;Stone artefacts;Stone arrowhead;Even-based arrowhead;Even-based quartzite arrowhead;Kvartsiittinuolenkärki, tasakantainen;1;;FALSE;kvartsiitti;62;22;7;;;;;;;;;;;KM 30932
BA;564010051;Oulu;Hangaskangas;KM;31379;3;7200515;3442572;39;FALSE;FALSE;FALSE;FALSE;FALSE;FALSE;TRUE;TRUE;TRUE;FALSE;FALSE;;Stone artefacts;Stone arrowhead;Even-based arrowhead;Even-based slate arrowhead;Liuskenuolenkärki, tasakantainen;1;;FALSE;;35;10;8;;;;;;;;;;;KM 31379_3
BA;564010051;Oulu;Hangaskangas;KM;31379;14;7200515;3442572;39;FALSE;FALSE;FALSE;FALSE;FALSE;FALSE;TRUE;TRUE;TRUE;FALSE;FALSE;;Stone artefacts;Stone arrowhead;Even-based arrowhead;Even-based quartz arrowhead;Kvartsinuolenkärki, tasakantainen;1;;FALSE;kvartsi;40;15;;;;;;;;;;;;KM 31379_14
BA;564010051;Oulu;Hangaskangas;KM;31379;18;7200515;3442572;39;FALSE;FALSE;FALSE;FALSE;FALSE;FALSE;TRUE;TRUE;TRUE;FALSE;FALSE;;Stone artefacts;Stone arrowhead;Even-based arrowhead;Even-based slate arrowhead;Liuskenuolenkärki, tasakantainen;1;;FALSE;;;;;16;15;4;keskikatkelma;;;;;;;KM 31379_18
BA;564010051;Oulu;Hangaskangas;KM;31379;78;7200515;3442572;39;FALSE;FALSE;FALSE;FALSE;FALSE;FALSE;TRUE;TRUE;TRUE;FALSE;FALSE;;Stone artefacts;Stone arrowhead;Even-based arrowhead;Even-based quartz arrowhead;Kvartsinuolenkärki, tasakantainen;1;;FALSE;;;;;16;18;4;keskikatkelma;;;;;;;KM 31379_78
BA;409010047;Kristiinankaupunki;Lappfjärd-Lillsjö;KM;31434;2;6911800;3222942;35;FALSE;FALSE;FALSE;FALSE;FALSE;FALSE;TRUE;TRUE;TRUE;FALSE;FALSE;;Stone artefacts;Stone arrowhead;Even-based arrowhead;Even-based quartz arrowhead;Kvartsinuolenkärki, tasakantainen;1;;FALSE;kvartsi;44;16;6;;;;;;;;;;;KM 31434_2
BA;494010040;Muhos;Halosentörmä;KM;32048;1180;7200150;3442850;33;FALSE;FALSE;FALSE;FALSE;FALSE;FALSE;TRUE;TRUE;TRUE;FALSE;FALSE;;Stone artefacts;Stone arrowhead;Even-based arrowhead;Even-based quartz arrowhead;Kvartsinuolenkärki, tasakantainen;1;;FALSE;kvartsi;27;18;7;;;;;;;;;;;KM 32048_1180
BA;494010040;Muhos;Halosentörmä;KM;32048;1528;7200150;3442850;33;FALSE;FALSE;FALSE;FALSE;FALSE;FALSE;TRUE;TRUE;TRUE;FALSE;FALSE;;Stone artefacts;Stone arrowhead;Even-based arrowhead;Even-based quartz arrowhead;Kvartsinuolenkärki, tasakantainen;1;;FALSE;kvartsi;;;;21;14;5;;;;;;;;KM 32048_1528
BA;616010032;Pukkila;Prusila;KM;32281;1;6731210;3426220;45;FALSE;FALSE;FALSE;FALSE;FALSE;FALSE;FALSE;FALSE;TRUE;FALSE;FALSE;;Stone artefacts;Stone shaft-hole axe;Rhombus shaft-hole axe;Rhombus shaft-hole axe, hexagonal;Rombikirves, kuusikulmainen;1;;FALSE;porfyyri;;;;61;57;47;provinsiaalinen versio;;;;;;;KM 32281_1
BA;1000001229;Utsjoki;Kalddasjohka 2;KM;32353;41;7767920;3537010;30;FALSE;FALSE;FALSE;FALSE;FALSE;FALSE;TRUE;TRUE;TRUE;FALSE;FALSE;;Stone artefacts;Stone arrowhead;Even-based arrowhead;Even-based quartzite arrowhead;Kvartsiittinuolenkärki, tasakantainen;1;;FALSE;kvartsiitti;51;21;7;;;;;;;;;;;KM 32353_41
BA;uusi 1093;Joutsa;Huhtiniemi;KM;32465;;6856720;3466510;104;FALSE;FALSE;FALSE;FALSE;FALSE;FALSE;TRUE;TRUE;TRUE;FALSE;FALSE;;Stone artefacts;Stone arrowhead;Even-based arrowhead;Even-based quartz arrowhead;Kvartsinuolenkärki, tasakantainen;1;;FALSE;kvartsi;47;22;7;;;;;;;;;;;KM 32465
BA;1000006804;Oulu;Ehtiäisentie N;KM;32708;1;7200804;3445190;33;FALSE;FALSE;FALSE;FALSE;FALSE;FALSE;TRUE;TRUE;TRUE;FALSE;FALSE;;Stone artefacts;Stone arrowhead;Even-based arrowhead;Even-based quartz arrowhead;Kvartsinuolenkärki, tasakantainen;2;;FALSE;kvartsi;;;;22;18;8;kantakatkelma;;;;;;;KM 32708_1
BA;1000006806;Oulu;Ehtiäisentie S;KM;32709;5;7200599;3445382;33;FALSE;FALSE;FALSE;FALSE;FALSE;FALSE;TRUE;TRUE;TRUE;FALSE;FALSE;;Stone artefacts;Stone arrowhead;Even-based arrowhead;Even-based quartz arrowhead;Kvartsinuolenkärki, tasakantainen;2;;FALSE;kvartsi;34;18;7;;;;;;;;;;;KM 32709_5
BA;1000001286;Raasepori;Björkholmen 1;KM;32797;1;6650540;3302770;20;FALSE;FALSE;FALSE;FALSE;FALSE;TRUE;TRUE;TRUE;TRUE;FALSE;FALSE;tyyppi;Stone artefacts;Stone arrowhead;Even-based arrowhead;Even-based flint arrowhead;Piinuolenkärki, tasakantainen;1;;TRUE;pii;30;16;5;;;;Löydetty röykkiöstä, yhdessä kolmen muun tasakantaisen piinuolenkärjen ja lukuisten kvartsi-iskosten kanssa.;;;;;;;KM 32797_1
BA;1000001286;Raasepori;Björkholmen 1;KM;32797;2;6650540;3302770;20;FALSE;FALSE;FALSE;FALSE;FALSE;TRUE;TRUE;TRUE;TRUE;FALSE;FALSE;tyyppi;Stone artefacts;Stone arrowhead;Even-based arrowhead;Even-based flint arrowhead;Piinuolenkärki, tasakantainen;1;;TRUE;pii;39;17;4;;;;Löydetty röykkiöstä, yhdessä kolmen muun tasakantaisen piinuolenkärjen ja lukuisten kvartsi-iskosten kanssa.;;;;;;;KM 32797_2
BA;1000001286;Raasepori;Björkholmen 1;KM;32797;3;6650540;3302770;20;FALSE;FALSE;FALSE;FALSE;FALSE;TRUE;TRUE;TRUE;TRUE;FALSE;FALSE;tyyppi;Stone artefacts;Stone arrowhead;Even-based arrowhead;Even-based flint arrowhead;Piinuolenkärki, tasakantainen;1;;FALSE;pii;;;;22;16;6;Löydetty röykkiöstä, yhdessä kolmen muun tasakantaisen piinuolenkärjen ja lukuisten kvartsi-iskosten kanssa.;;;;;;;KM 32797_3
BA;1000001286;Raasepori;Björkholmen 1;KM;32797;4;6650540;3302770;20;FALSE;FALSE;FALSE;FALSE;FALSE;TRUE;TRUE;TRUE;TRUE;FALSE;FALSE;tyyppi;Stone artefacts;Stone arrowhead;Even-based arrowhead;Even-based flint arrowhead;Piinuolenkärki, tasakantainen;1;;TRUE;pii;33;17;6;;;;Löydetty röykkiöstä, yhdessä kolmen muun tasakantaisen piinuolenkärjen ja lukuisten kvartsi-iskosten kanssa.;;;;;;;KM 32797_4
BA;777010109;Suomussalmi;Vanha Kirkkosaari;KM;32886;2;7199467;3592457;199;FALSE;FALSE;FALSE;FALSE;FALSE;FALSE;TRUE;TRUE;TRUE;FALSE;FALSE;;Stone artefacts;Stone arrowhead;Even-based arrowhead;Even-based jasper arrowhead;Jaspisnuolenkärki, tasakantainen;1;;FALSE;jaspis;53;27;7;;;;;;;;;;;KM 32886_2
BA;1000005291;Humppila;Yli-Jaukkari;KM;32926;;6762400;3297470;95;FALSE;FALSE;FALSE;FALSE;FALSE;FALSE;TRUE;TRUE;TRUE;FALSE;FALSE;tyyppi (Hesjedal et al 1996:168);Stone artefacts;Stone arrowhead;Even-based arrowhead;Even-based flint arrowhead;Piinuolenkärki, tasakantainen;2;;FALSE;pii;81;28;9;;;;ruodollinen, väkäsellinen;;;;;;;KM 32926
BA;uusi 1152;Ylöjärvi;Talvisilta 2;KM;32981;;6874123;3323164;;FALSE;FALSE;FALSE;FALSE;FALSE;FALSE;TRUE;TRUE;TRUE;FALSE;FALSE;;Stone artefacts;Stone arrowhead;Even-based arrowhead;Even-based flint arrowhead;Piinuolenkärki, tasakantainen;1;;FALSE;pii;58;16;4;;;;;;;;;;;KM 32981
BA;301010007;Kurikka;Vierikko/Pihlajaniemi;KM;33033;;6950350;3265107;68;FALSE;FALSE;FALSE;FALSE;FALSE;FALSE;TRUE;TRUE;TRUE;FALSE;FALSE;;Stone artefacts;Stone arrowhead;Even-based arrowhead;Even-based quartz arrowhead;Kvartsinuolenkärki, tasakantainen;1;;FALSE;kvartsi;39;18;7;;;;;;;;;;;KM 33033
BA;142010048;Iitti;Kaunissaari;KM;33053;5;6770280;3453820;79;FALSE;FALSE;FALSE;FALSE;FALSE;FALSE;TRUE;TRUE;TRUE;FALSE;FALSE;;Stone artefacts;Stone arrowhead;Even-based arrowhead;Even-based quartz arrowhead;Kvartsinuolenkärki, tasakantainen;1;;FALSE;kvartsi;;;;22;20;6;keskikatkelma;;;;;;;KM 33053_5
BA;uusi 1166;Mikkeli;Tupasaari;KM;33132;;6807020;3539180;80;FALSE;FALSE;FALSE;FALSE;FALSE;FALSE;TRUE;TRUE;TRUE;FALSE;FALSE;;Stone artefacts;Stone arrowhead;Even-based arrowhead;Even-based quartz arrowhead;Kvartsinuolenkärki, tasakantainen;1;;FALSE;kvartsi;33;11;5;;;;;;;;;;;KM 33132
BA;1000001051;Konnevesi;Pynnölänniemi;KM;33603;2;6946550;3467122;95;FALSE;FALSE;FALSE;FALSE;FALSE;FALSE;TRUE;TRUE;TRUE;FALSE;FALSE;;Stone artefacts;Stone arrowhead;Even-based arrowhead;Even-based quartz arrowhead;Kvartsinuolenkärki, tasakantainen;1;;FALSE;kvartsi;30;15;7;;;;;;;;;;;KM 33603_2
BA;174010005;Kuopio;Pikonniemi;KM;33700;1;6997660;3566860;95;FALSE;FALSE;FALSE;FALSE;FALSE;FALSE;TRUE;TRUE;TRUE;FALSE;FALSE;;Stone artefacts;Stone arrowhead;Even-based arrowhead;Even-based flint arrowhead;Piinuolenkärki, tasakantainen;1;;FALSE;pii;56;19;4;;;;;;;;;;;KM 33700_1
BA;1000000591;Karkkila;Myllärinranta;KM;34220;;6727510;3339370;111;FALSE;FALSE;FALSE;FALSE;FALSE;FALSE;TRUE;TRUE;TRUE;FALSE;FALSE;;Stone artefacts;Stone arrowhead;Even-based arrowhead;Even-based quartz arrowhead;Kvartsinuolenkärki, tasakantainen;1;;FALSE;kvartsi;34;18;6;;;;;;;;;;;KM 34220_
BA;1000008898;Pelkosenniemi;Manolaissaari 1;KM;34369;1;7457640;3519040;150;FALSE;FALSE;FALSE;FALSE;FALSE;FALSE;TRUE;TRUE;TRUE;FALSE;FALSE;;Stone artefacts;Stone arrowhead;Even-based arrowhead;Even-based flint arrowhead;Piinuolenkärki, tasakantainen;1;;FALSE;pii;;;;27;16;5;kantakatkelma;;;;;;;KM 34369_1
BA;uusi 1289;Tohmajärvi;Niirala;KM;34450;;6904400;3688900;;FALSE;FALSE;FALSE;FALSE;FALSE;FALSE;FALSE;TRUE;TRUE;FALSE;FALSE;;Stone artefacts;Stone shaft-hole axe;Rhombus shaft-hole axe;Rhombus shaft-hole axe;Rombikirves;3;;FALSE;musta liuske;;;;93;44;38;mahdollisesi vasarakirves tms;;;;;;;KM 34450_
BA;832010063;Taivalkoski;Lummelampi W;KM;34723;258;7268298;3570151;225;FALSE;FALSE;FALSE;FALSE;FALSE;FALSE;TRUE;TRUE;TRUE;FALSE;FALSE;;Stone artefacts;Stone arrowhead;Even-based arrowhead;Even-based chert arrowhead;Serttinuolenkärki, tasakantainen;1;;FALSE;sertti;49;12;5;;;;;;;;;;;KM 34723_258
BA;1000003028;Kitee;Uitonkangas;KM;34788;3;6897830;3639363;79;FALSE;FALSE;FALSE;FALSE;FALSE;FALSE;TRUE;TRUE;TRUE;FALSE;FALSE;;Stone artefacts;Stone arrowhead;Even-based arrowhead;Even-based quartz arrowhead;Kvartsinuolenkärki, tasakantainen;1;;FALSE;kvartsi;;;;35;20;9;kantakatkelma;;;;;;;KM 34788_3
BA;1000003447;Ylitornio;Roukoniemi;KM;36855;1;7396079;3396609;90;FALSE;FALSE;FALSE;FALSE;FALSE;FALSE;TRUE;TRUE;TRUE;FALSE;FALSE;;Stone artefacts;Stone arrowhead;Even-based arrowhead;Even-based quartz arrowhead;Kvartsinuolenkärki, tasakantainen;1;;FALSE;kvartsi;;;;12;19;6;kantakatkelma;;;;;;;KM 36855_1
BA;uusi 1785;Kouvola;Lappalanjärvi;KM;37168;;6757650;3486520;56;FALSE;FALSE;FALSE;FALSE;FALSE;FALSE;FALSE;TRUE;TRUE;FALSE;FALSE;;Stone artefacts;Stone shaft-hole axe;Rhombus shaft-hole axe;Rhombus shaft-hole axe;Rombikirves;1;;FALSE;diabaasi;;;;87;50;45;piirtokoristelua, Varhaispronssikautista skandinaavista tyyppiä (?);;;;;;;KM 37168
BA;531010029;Nakkila;Lindvall;KM;39490;;6819416;3235535;30;FALSE;FALSE;FALSE;FALSE;FALSE;FALSE;TRUE;TRUE;TRUE;FALSE;FALSE;tyyppi;Stone artefacts;Stone arrowhead;Even-based arrowhead;Even-based flint arrowhead;Tasakantainen piinuolenkärki;0;;TRUE;pii;31;15;6;0;0;0;;;;;;;;KM 39490
BA;uusi 8415;Salo;Saaripelto;KM        ;38611;1;6708729;3311514;;FALSE;FALSE;FALSE;FALSE;FALSE;FALSE;FALSE;TRUE;TRUE;FALSE;FALSE;;Stone artefacts;Stone shaft-hole axe;Rhombus shaft-hole axe;Rhombus shaft-hole axe;Rombikirves;2;;FALSE;diabaasi;;;;77;49;40;Voi myös olla yksinkertainen reikäkirves.;;;;;;;KM         38611_1
BA;777010263;Suomussalmi;Niemenkangas S;KM        ;38894;1;7190100;3604240;189;FALSE;FALSE;FALSE;FALSE;FALSE;FALSE;FALSE;FALSE;TRUE;FALSE;FALSE;;Stone artefacts;Stone cast;Stone cast;;Valinmuotti;1;;FALSE;vuolukivi;63;45;15;;;;Ananjino-kirves, etulape;;;;;;;KM         38894_1
BA;777010263;Suomussalmi;Niemenkangas S;KM        ;38894;2;7190100;3604240;189;FALSE;FALSE;FALSE;FALSE;FALSE;FALSE;FALSE;FALSE;TRUE;FALSE;FALSE;;Stone artefacts;Stone cast;Stone cast;;Valinmuotti;1;;FALSE;vuolukivi;64;44;14;;;;Ananjino-kirves, takalape;;;;;;;KM         38894_2
BA;777010263;Suomussalmi;Niemenkangas S;KM        ;38894;3;7190100;3604240;189;FALSE;FALSE;FALSE;FALSE;FALSE;FALSE;FALSE;FALSE;TRUE;FALSE;FALSE;;Stone artefacts;Stone cast;Stone cast;;Valinmuotti;1;;FALSE;vuolukivi;103;52;17;;;;Veitsi?, etulape;;;;;;;KM         38894_3
BA;777010263;Suomussalmi;Niemenkangas S;KM        ;38894;4;7190100;3604240;189;FALSE;FALSE;FALSE;FALSE;FALSE;FALSE;FALSE;FALSE;TRUE;FALSE;FALSE;;Stone artefacts;Stone cast;Stone cast;;Valinmuotti;1;;FALSE;vuolukivi;103;50;18;;;;Veitsi?, takalape;;;;;;;KM         38894_4
BA;1000037930;Kuopio;Päivärinne;KM        ;39455;1;7002322;3513711;;FALSE;FALSE;FALSE;FALSE;FALSE;FALSE;FALSE;TRUE;TRUE;FALSE;FALSE;tyyppi;Stone artefacts;Stone shaft-hole axe;Rhombus shaft-hole axe;Rhombus shaft-hole axe with sharp edges;Rombikirves, teräväsärmäinen;1;;TRUE;harmaa liuske;164;49;27;;;;Koverasivuinen;;;;;;;KM         39455_1
BA;perniö 1;Salo;Haarla;Per;36;1;6683143;3285034;;FALSE;FALSE;FALSE;FALSE;FALSE;FALSE;FALSE;TRUE;TRUE;FALSE;FALSE;;Stone artefacts;Stone shaft-hole axe;Rhombus shaft-hole axe;Rhombus shaft-hole axe;Rombikirves;1;;TRUE;diabaasi;137;55;40;;;;;;;;;;;Per 36_1
BA;perniö 17;Salo;Nurkkila;Per;47;1;6680210;3279573;;FALSE;FALSE;FALSE;FALSE;FALSE;FALSE;TRUE;TRUE;TRUE;FALSE;FALSE;;Stone artefacts;Stone arrowhead;Even-based arrowhead;Even-based flint arrowhead;Piinuolenkärki, tasakantainen;1;;TRUE;pii;44;18;5;;;;;;;;;;;Per 47_1
BA;1000001335;Nakkila;Uotinmäki ja Uotinmäki W;SatM;2618;;6809524;3230653;23;FALSE;FALSE;FALSE;FALSE;FALSE;FALSE;TRUE;FALSE;TRUE;FALSE;FALSE;tyyppi;Stone artefacts;Stone shaft-hole axe;Rhombus shaft-hole axe;Rhombus shaft-hole axe, hexagonal;Rombikirves, kuusikulmainen;1;;FALSE;diabaasi;0;0;0;96;67;49;;;;;;;;SatM 2618
BA;uusi 7299;Kristiinankaupunki;Myrkky;SatM;3726;;6930076;3218237;;FALSE;FALSE;FALSE;FALSE;FALSE;FALSE;FALSE;FALSE;TRUE;FALSE;FALSE;Kivikautinen;Stone artefacts;Stone shaft-hole axe;Rhombus shaft-hole axe;Rhombus shaft-hole axe with curved back;Rombikirves, käyräselkäinen;2;;FALSE;harmaa kivilaji;230;75;50;;;;keskentekoinen;;;;;;;SatM 3726
BA;uusi 7308;Eura;Toriseva;SatM;5554;;6810142;3232763;;FALSE;FALSE;FALSE;FALSE;FALSE;FALSE;FALSE;TRUE;TRUE;FALSE;FALSE;tyyppi;Stone artefacts;Stone shaft-hole axe;Rhombus shaft-hole axe;Rhombus shaft-hole axe with sharp edges;Rombikirves, teräväsärmäinen;1;;FALSE;kiilleliuske;0;0;0;64;50;40;;;;;;;;SatM 5554
BA;1000001335;Nakkila;Uotinmäki ja Uotinmäki W;SatM;6334;;6809524;3230653;23;FALSE;FALSE;FALSE;FALSE;FALSE;FALSE;TRUE;TRUE;TRUE;FALSE;FALSE;tyyppi;Stone artefacts;Stone arrowhead;Even-based arrowhead;Even-based quartzite arrowhead;Tasakantainen kvartsiittinuolenkärki;0;;FALSE;kvartsiitti;0;0;0;51;19;9;;;;;;;;SatM 6334
BA;uusi 7837;Kokemäki;?;SatM;8830;;6802999;3247944;;FALSE;FALSE;FALSE;FALSE;FALSE;FALSE;FALSE;TRUE;TRUE;FALSE;FALSE;Kivikautinen;Stone artefacts;Stone shaft-hole axe;Rhombus shaft-hole axe;Rhombus shaft-hole axe;Rombikirves;1;;TRUE;porfyyri;112;54;39;;;;teelmä;;;;;;;SatM 8830
BA;uusi 8195;Ikaalinen;Kartun kylä;SatM;10315;;6859720;3291739;;FALSE;FALSE;FALSE;FALSE;FALSE;FALSE;TRUE;TRUE;TRUE;FALSE;FALSE;;Stone artefacts;Stone arrowhead;Even-based arrowhead;Even-based quartzite arrowhead;Tasakantainen kvartsiittinuolenkärki;0;;TRUE;kvartsiitti;55;18;13;0;0;0;;;;;;;;SatM 10315
BA;886010013;Ulvila;Tuohimaa;SatM;16411;;6831897;3233923;30;FALSE;FALSE;FALSE;FALSE;FALSE;FALSE;TRUE;FALSE;FALSE;FALSE;FALSE;tyyppi;Stone artefacts;Stone arrowhead;Even-based arrowhead;Even-based flint arrowhead;Tasakantainen piinuolenkärki;0;;TRUE;pii;77;19;5;0;0;0;;;;;;;;SatM 16411
BA;uusi 8158;Pori;Noormarkun joki;SatM;16443;;6843356;3229851;;FALSE;FALSE;FALSE;FALSE;FALSE;FALSE;FALSE;FALSE;TRUE;FALSE;FALSE;tyyppi;Stone artefacts;Stone shaft-hole axe;Rhombus shaft-hole axe;Rhombus shaft-hole axe, A-type;Rombikirves, A-tyyppi;1;;FALSE;kiilleliuske;0;0;0;0;0;0;;;;;;;;SatM 16443
BA;uusi 8134;Tampere;?;SatM;17444;;6839524;3331140;;FALSE;FALSE;FALSE;FALSE;FALSE;FALSE;FALSE;TRUE;TRUE;FALSE;FALSE;Kivikautinen;Stone artefacts;Stone shaft-hole axe;Rhombus shaft-hole axe;Rhombus shaft-hole axe;Rombikirves;1;;FALSE;porfyyri;122;54;46;;;;;;;;;;;SatM 17444
BA;turku20;;;TMM;99;1;6699729;3256920;;FALSE;FALSE;FALSE;FALSE;FALSE;FALSE;FALSE;FALSE;TRUE;FALSE;FALSE;tyyppi;Stone artefacts;Stone shaft-hole axe;Rhombus shaft-hole axe;Rhombus shaft-hole axe with curved butt;Rombikirves, käyrähamarainen;1;;TRUE;hiekkakivi;160;62;62;0;0;0;;;;;;;;TMM 99_1
BA;turku190;Turku;Kärsämäen kartano;TMM;13455;1;6716960;3241479;;FALSE;FALSE;FALSE;FALSE;FALSE;FALSE;FALSE;TRUE;TRUE;FALSE;FALSE;;Stone artefacts;Stone shaft-hole axe;Rhombus shaft-hole axe;Rhombus shaft-hole axe with sharp edges;Rombikirves, teräväsärmäinen;1;;TRUE;diabaasi;123;45;32;0;0;0;OK 2010;;;;;;;TMM 13455_1
BA;tya 59;Laitila;Haukka, Oskar-Setälä;TYA;150;;6758505;3215192;;FALSE;FALSE;FALSE;FALSE;FALSE;FALSE;FALSE;FALSE;FALSE;FALSE;TRUE;;Stone artefacts;Stone cast;Stone cast;;Valinmuotti;1;;FALSE;hiekkakivi;70;54;23;;;;historiallinen;;;;;;;TYA 150
BA;tya 222;Inkoo;Tähtelä, Teira;TYA;430;;6666919;3335016;;FALSE;FALSE;FALSE;FALSE;FALSE;FALSE;FALSE;FALSE;FALSE;FALSE;TRUE;;Stone artefacts;Stone cast;Stone cast;;Valinmuotti;2;;FALSE;kiilleliuske;75;42;7;;;;historiallinen;;;;;;;TYA 430
BA;tya 254;Kuopio;Tavinsalmi, Hussolansaari;TYA;668;92;7003500;3515000;;FALSE;FALSE;FALSE;FALSE;FALSE;FALSE;TRUE;TRUE;TRUE;FALSE;FALSE;;Stone artefacts;Stone arrowhead;Even-based arrowhead;Even-based quartz arrowhead;Kvartsinuolenkärki, tasakantainen;1;;TRUE;kvartsi;40;11;7;;;;;;;;;;;TYA 668_92
BA;573010003;Parainen;Uppgård (Rösbacken);TYA;850;29;6696496;3230475;23;FALSE;FALSE;FALSE;FALSE;FALSE;FALSE;TRUE;TRUE;TRUE;FALSE;FALSE;;Stone artefacts;Stone arrowhead;Even-based arrowhead;Even-based flint arrowhead;Piinuolenkärki, tasakantainen;1;;TRUE;pii;33;17;5;;;;;;;;;;;TYA 850_29
BA;uusi 4907;Eckerö;Torp;ÅM;91;;6697845;3089108;;FALSE;FALSE;FALSE;FALSE;FALSE;FALSE;FALSE;TRUE;TRUE;FALSE;FALSE;;Stone artefacts;Stone shaft-hole axe;Rhombus shaft-hole axe;Rhombus shaft-hole axe;Rombikirves;2;;FALSE;diabaasi;;;;80;60;30;;;;;;;;ÅM 91
BA;uusi 4929;Sund;Lövvik;ÅM;143;;6701123;3121144;;FALSE;FALSE;FALSE;FALSE;FALSE;FALSE;FALSE;TRUE;TRUE;FALSE;FALSE;;Stone artefacts;Stone shaft-hole axe;Rhombus shaft-hole axe;Rhombus shaft-hole axe;Rombikirves;1;;TRUE;porfyyri;95;60;35;;;;;;;;;;;ÅM 143
BA;uusi 5214;Saltvik;;ÅM;624;28;6707885;3120936;;FALSE;FALSE;FALSE;FALSE;FALSE;FALSE;FALSE;TRUE;TRUE;FALSE;FALSE;;Stone artefacts;Stone shaft-hole axe;Rhombus shaft-hole axe;Rhombus shaft-hole axe;Rombikirves;2;;FALSE;porfyyri;;;;59;40;39;;;;;;;;ÅM 624_28
