Phase;Site id;Municipality;Site name;Collection;Main number;Subnumber;p;i;z;Category;Type;Subtype;Subtype (Finnish);Certainty;Integrity;Length (mm);Width (mm);Thickness (mm);Fragment length (mm);Fragment width (mm);Fragment thickness (mm);Preroman IA;Early Roman IA;Late Roman IA;Migration period;Merovingian period;Viking period;Crusade period;1100-1300;1400-1500;Settlement site;Cremation cemetery;Inhumation cemetery;Stray find;Hoard;Cairn;Other context;Other notes (Finnish)
IA;1000000167;Laitila;Sonkkila Myllym„ki;KM;14416;37;6763500;3209080;25;Bone artefact;Bone comb;Bone comb;Kampa;1;FALSE;;;;;;;FALSE;FALSE;FALSE;FALSE;TRUE;FALSE;FALSE;FALSE;FALSE;FALSE;FALSE;FALSE;FALSE;FALSE;TRUE;FALSE;"Fragmentteja, h„r„nsilm„leimoja ja viivoja, haudan 9 palaneen luun seasta. Salmo luettelossa: ""Ylioppilas P.-L. Lehtosalo l”ysi palat puhdistaessaan yhdeks„nnen haudan luunsiruja."""
IA;1000000167;Laitila;Sonkkila Myllym„ki;KM;14416;36;6763500;3209080;25;Bone artefact;Bone comb;Bone comb;Kampa;1;FALSE;;;;;;;FALSE;FALSE;FALSE;FALSE;TRUE;FALSE;FALSE;FALSE;FALSE;FALSE;FALSE;FALSE;FALSE;FALSE;TRUE;FALSE;"Fragmentteja, h„r„nsilm„leimoja ja viivoja, haudan 6 palaneen luun seasta. Salmo luettelossa: ""Ylioppilas P.-L. Lehtosalo l”ysi palat puhdistaessaan kuudennen haudan luunsiruja."""
IA;1000002299;Mikkeli;Valkola;KM;14074;22;6836620;3513840;87;Bone artefact;Bone;Bone;Luonnollisesti lohjennut el„imen luu;1;FALSE;118;35;5;;;;FALSE;FALSE;FALSE;FALSE;FALSE;FALSE;FALSE;FALSE;FALSE;FALSE;FALSE;FALSE;FALSE;FALSE;FALSE;FALSE;Luetteloitu luukaapimena, mutta ei n„y ty”st”j„lki„. Varmistettu Kati Salolta, jonka mukaan luonnollisesti lohjennut el„imen luu. Palamaton.
IA;109010023;H„meenlinna;Varikonniemi;KM;23703;922;6768743;3363266;80;Bone artefact;Other bone artefact;Other bone artefact;Luuesineen katkelma;1;FALSE;;;;;;;FALSE;FALSE;FALSE;FALSE;FALSE;FALSE;FALSE;FALSE;FALSE;TRUE;FALSE;FALSE;FALSE;FALSE;FALSE;FALSE;Pieni fragmentti, viivoja. Tumma pala. Muu kama ymp„rill„ ihan p„„asiassa hist.aikaa, muutamia rk kertsuja siell„ t„„ll„.
IA;109010023;H„meenlinna;Varikonniemi;KM;23703;1182;6768743;3363266;80;Bone artefact;Bone spindle whorl;Bone spindle whorl;V„rttin„npy”r„n katkelma;1;FALSE;;;;;;;FALSE;FALSE;FALSE;FALSE;FALSE;FALSE;FALSE;FALSE;FALSE;TRUE;FALSE;FALSE;FALSE;FALSE;FALSE;FALSE;Pieni fragmentti. Konteksti sekoittunut.
IA;109010023;H„meenlinna;Varikonniemi;KM;23703;1932;6768743;3363266;80;Bone artefact;Bone pendant;Tooth pendant;Hammasriipus;1;FALSE;;;;;;;FALSE;FALSE;FALSE;FALSE;FALSE;FALSE;FALSE;FALSE;FALSE;TRUE;FALSE;FALSE;FALSE;FALSE;FALSE;FALSE;Rei„n kohdalta katkennut, sikaa, kun niin k„yr„?
IA;109010031;H„meenlinna;Varikkoalue 3;KM;21188;816;6768147;3364470;86;Bone artefact;Bone comb;Bone comb;"Luukampa; kampa";1;FALSE;;;;11;;;FALSE;FALSE;FALSE;FALSE;TRUE;TRUE;FALSE;FALSE;FALSE;FALSE;TRUE;FALSE;FALSE;FALSE;FALSE;FALSE;Pieni pala
IA;109010031;H„meenlinna;Varikkoalue 3;KM;21188;816;6768147;3364470;86;Bone artefact;Bone comb;Bone comb;"Luukampa; kampa";1;FALSE;;;;11;;;FALSE;FALSE;FALSE;FALSE;TRUE;TRUE;FALSE;FALSE;FALSE;FALSE;TRUE;FALSE;FALSE;FALSE;FALSE;FALSE;Pieni pala
IA;148010046;Inari;Nukkumajoki 2;KM;21986;34;7645400;3503760;130;Bone artefact;Rivet setting tool;Rivet setting tool;Veneen neulojen kiristin;3;TRUE;122;107;;;;;FALSE;FALSE;FALSE;FALSE;FALSE;FALSE;FALSE;FALSE;TRUE;TRUE;FALSE;FALSE;FALSE;FALSE;FALSE;FALSE;Koristeeton, ellei siksi lasketa molemman sakaran p„„ss„ olevaa pient„ lovea. Mikael Mannisen (suullinen tiedonanto) mukaan olisi mieluummin veneen juuripunosten kiristin, joita muistuttaa kyll„ enemm„n. Voisin uskoa t„t„ selityst„, koska koristelu puuttu
IA;148010046;Inari;Nukkumajoki 2;KM;21986;121;7645400;3503760;130;Bone artefact;Bone spindle whorl;Bone spindle whorl;V„rttin„npy”r„;1;TRUE;32;30;20;;;;FALSE;FALSE;FALSE;FALSE;FALSE;FALSE;FALSE;FALSE;TRUE;TRUE;FALSE;FALSE;FALSE;FALSE;FALSE;FALSE;Kohovy” ja viivoja. Sylinterim„inen. Sarvea. L”yd”t ajoittuvat 1500-1600-luvuille!
IA;148010088;Inari;Telju Peuna;KM;18896;1;7637302;3535551;120;Bone artefact;Bone awl;Bone awl;Naskali;2;TRUE;104;23;12;;;;FALSE;FALSE;FALSE;FALSE;FALSE;FALSE;FALSE;FALSE;FALSE;FALSE;FALSE;FALSE;TRUE;FALSE;FALSE;FALSE;Luunaskali, jossa luettelon mukaan koristelua k„rjess„. En erota koristelua. Ajoituksesta ei tietoa.
IA;165010034;Janakkala;R„ik„l„ 2;KM;17337;3;6755410;3369744;96;Bone artefact;Other bone artefact;Other bone artefact;Luuesineen katkelma;1;FALSE;;;;17;8;1;FALSE;FALSE;FALSE;FALSE;TRUE;TRUE;FALSE;FALSE;FALSE;FALSE;TRUE;FALSE;FALSE;FALSE;FALSE;FALSE;Toiselta puolelta viivoin koristeltu, palanut luuesineen fragmentti
IA;165010038;Janakkala;Lensunkallio (Hamppula 2);KM;24441;100;6755169;3369333;85;Bone artefact;Bone comb;Bone comb;Luukamman kappale;1;FALSE;;;;14;23;;FALSE;FALSE;FALSE;FALSE;FALSE;TRUE;FALSE;FALSE;FALSE;FALSE;TRUE;FALSE;FALSE;FALSE;FALSE;FALSE;Kaksipuoleisen kamman fragmentti
IA;165010039;Janakkala;Ver„j„nsuu (Hamppula 3);KM;24440;413;6755318;3369340;85;Bone artefact;Other bone artefact;Other bone artefact;Luuesineen kappale;1;FALSE;;;;;;;FALSE;FALSE;FALSE;FALSE;FALSE;TRUE;FALSE;FALSE;FALSE;FALSE;TRUE;FALSE;FALSE;FALSE;FALSE;FALSE;Tasaista pintaa, jossa uurteita
IA;165010069;Janakkala;Taurula;KM;24745;87;6757104;3367519;87;Bone artefact;Other bone artefact;Other bone artefact;Luuesineen katkelma;1;FALSE;;;;51;10;;FALSE;FALSE;FALSE;FALSE;FALSE;FALSE;FALSE;FALSE;FALSE;FALSE;FALSE;FALSE;FALSE;FALSE;FALSE;FALSE;Luettelossa arveltu, ett„ piipunvarren suuosa. Voisiko olla? Pieni reik„ p„„ss„, kulkee sis„ll„. Ik„„n kuin hampaanj„ljet suuosassa toisella puolella. Ei mustunut sis„lt„.
IA;165010069;Janakkala;Taurula;KM;24745;1940;6757104;3367519;87;Bone artefact;Other bone artefact;Other bone artefact;Luuesineen katkelma;1;FALSE;;;;;;;FALSE;FALSE;FALSE;FALSE;FALSE;TRUE;FALSE;FALSE;FALSE;TRUE;FALSE;FALSE;FALSE;FALSE;FALSE;FALSE;levym„inen fragmentti, luetteossa arvellaan lusikan pes„n kpleeksi, mutta n„iss„ kai ei yleens„ koristelua. T„ss„ viivaa toisella puolella.
IA;165010069;Janakkala;Taurula;KM;24745;2187;6757104;3367519;87;Bone artefact;Bone arrow point;Bone arrow point;"Luuesineen katkelma; nuolenk„rki";3;FALSE;;;;;;;FALSE;FALSE;FALSE;FALSE;FALSE;TRUE;FALSE;FALSE;FALSE;TRUE;FALSE;FALSE;FALSE;FALSE;FALSE;FALSE;Luettelossa arveltu luisen nuolenk„rjen katkelmaksi, muoto olisi lehtim„inen ja litte„. Voisi olla, ik„„n kuin olkap„„t n„kyviss„ silein„, ruoto katkennut.
IA;180010007;Jyv„skyl„;Oravasaari Siilinranta;KM;21262;21;6902280;3445900;86;Bone artefact;Other bone artefact;Other bone artefact;Luuesine;3;FALSE;;;;;;;FALSE;FALSE;FALSE;FALSE;FALSE;TRUE;FALSE;FALSE;FALSE;FALSE;TRUE;FALSE;FALSE;FALSE;FALSE;FALSE;Ei n„hty, Jyv„skyl„ss„, ei kuvaa luettelossa
IA;220010017;Raasepori;Brobacka;KM;17055;210;6664050;3313018;15;Bone artefact;Bone comb;Bone comb;"Luukampa; katkelmia";1;FALSE;;;;;;;FALSE;FALSE;TRUE;TRUE;TRUE;FALSE;FALSE;FALSE;FALSE;FALSE;TRUE;FALSE;FALSE;FALSE;FALSE;FALSE;Nelj„ palaa luukammasta
IA;220010017;Raasepori;Brobacka;KM;17055;327;6664050;3313018;15;Bone artefact;Bone comb;Bone comb;"Luukampa; katkelma";1;FALSE;;;;;;;FALSE;FALSE;TRUE;TRUE;TRUE;FALSE;FALSE;FALSE;FALSE;FALSE;TRUE;FALSE;FALSE;FALSE;FALSE;FALSE;Pieni kpl, jossa niitti
IA;418010001;Lemp„„l„;P„iv„„niemi;KM;23749;14;6803110;3323380;80;Bone artefact;Bone comb;Bone comb;"Kampa; luukampa; sarvikampa";1;FALSE;;;;;;;FALSE;FALSE;FALSE;FALSE;TRUE;FALSE;FALSE;FALSE;FALSE;FALSE;FALSE;FALSE;FALSE;FALSE;TRUE;FALSE;Kolmiomaisesta kammasta, h„r„nsilm„leimoilla koristeltu molemmin puolin, Reik„ kolmion p„„ss„.
IA;481010003;Masku;M„„ksm„ki;KM;19003;8;6726584;3230344;20;Bone artefact;Bone comb;Bone comb;"Kampa; luukampa";1;FALSE;;;;38;;;FALSE;FALSE;FALSE;FALSE;TRUE;FALSE;FALSE;FALSE;FALSE;FALSE;TRUE;FALSE;FALSE;FALSE;FALSE;FALSE;Poikkileikkaus kolmiomainen, koristeluna h„r„nsilm„leimoja.
IA;50010027;Eura;K„r„j„m„ki-Osmanm„ki;KM;16949;78;6789685;3238395;35;Bone artefact;Other bone artefact;Other bone artefact;Luuesine;;FALSE;;;;;;;FALSE;FALSE;FALSE;FALSE;FALSE;FALSE;FALSE;FALSE;FALSE;FALSE;FALSE;FALSE;FALSE;FALSE;FALSE;TRUE;El„imen hampaita, simpukankuoria, lehm„n sarvi
IA;538010001;Nousiainen;Isotalo;KM;14666;2;6733920;3234633;;Bone artefact;Other bone artefact;Other bone artefact;Luuesine;1;FALSE;;;;;;;TRUE;FALSE;FALSE;FALSE;FALSE;FALSE;FALSE;FALSE;FALSE;FALSE;TRUE;FALSE;FALSE;FALSE;FALSE;FALSE;H„r„nsilm„leimoja fragmentissa
IA;586010021;Salo;Paarskyl„n kartano;KM;17137;32;6688054;3286627;20;Bone artefact;Bone comb;Bone comb;"Luukampa; katkelma; kaksipuolinen";1;FALSE;;;;19;14;;FALSE;FALSE;FALSE;FALSE;TRUE;TRUE;FALSE;FALSE;FALSE;FALSE;TRUE;FALSE;FALSE;FALSE;FALSE;FALSE;Karhun kynsi„ alanroilla 27, 33, 48
IA;604010015;Pirkkala;Tursiannotko;KM;23788;1;6820902;3316675;83;Bone artefact;Bone spoon;Bone spoon;"Luulusikka; sarvilusikka; lusikka";1;TRUE;105;40;;;;;FALSE;FALSE;FALSE;FALSE;FALSE;TRUE;TRUE;FALSE;FALSE;TRUE;FALSE;FALSE;FALSE;FALSE;FALSE;FALSE;Viivakoristelua
IA;604010015;Pirkkala;Tursiannotko;KM;24514;2;6820902;3316675;83;Bone artefact;Bone harpoon;Bone harpoon;Harppuuna;1;TRUE;;;;;;;FALSE;FALSE;FALSE;FALSE;FALSE;TRUE;FALSE;FALSE;FALSE;TRUE;FALSE;FALSE;FALSE;FALSE;FALSE;FALSE;luuharppuuna
IA;680010008;Raisio;Tuomala;KM;19000;5813;6718440;3235246;17;Bone artefact;Other bone artefact;Other bone artefact;"Luuesine; luuesineen katkelma";1;FALSE;;;;;25;15;FALSE;FALSE;FALSE;FALSE;FALSE;FALSE;FALSE;FALSE;FALSE;FALSE;TRUE;FALSE;FALSE;FALSE;FALSE;FALSE;Fragmentti, jossa suora viiva. Kaareva pala, ei sovi lusikaksi. Toinen puoli n„ytt„„ luonnoliselta, kallon pala?
IA;680010008;Raisio;Tuomala;KM;19000;3033;6718440;3235246;17;Bone artefact;Bone comb;Bone comb;Luukampa;1;FALSE;;;;;;;FALSE;FALSE;FALSE;FALSE;FALSE;TRUE;FALSE;FALSE;FALSE;FALSE;FALSE;FALSE;FALSE;FALSE;FALSE;FALSE;Kamman koristelua, niitti. My”s nrolla :3023 - se lis„tty
IA;680010008;Raisio;Tuomala;KM;19000;5615;6718440;3235246;17;Bone artefact;Bone spindle whorl;Bone spindle whorl;"Luuesine; luuesineen katkelma; v„rttin„npy”r„";2;FALSE;;;;;;;FALSE;FALSE;FALSE;FALSE;FALSE;TRUE;FALSE;FALSE;FALSE;FALSE;TRUE;FALSE;FALSE;FALSE;FALSE;FALSE;2 kpl, mahdollisesti v„rttin„npy”r„st„
IA;680010008;Raisio;Tuomala;KM;19000;7980;6718440;3235246;17;Bone artefact;Other bone artefact;Other bone artefact;"Luuesine; luuesineen katkelma";1;FALSE;;;;11;8;;FALSE;FALSE;FALSE;FALSE;FALSE;FALSE;FALSE;FALSE;FALSE;FALSE;TRUE;FALSE;FALSE;FALSE;FALSE;FALSE;Fragmentti, jossa poikittaisuria. Paksuhko.
IA;680010008;Raisio;Tuomala;KM;19000;5082;6718440;3235246;17;Bone artefact;Other bone artefact;Other bone artefact;"Luuesine; luuesineen katkelma";1;FALSE;;;;12;10;;FALSE;FALSE;FALSE;FALSE;FALSE;FALSE;FALSE;FALSE;FALSE;FALSE;TRUE;FALSE;FALSE;FALSE;FALSE;FALSE;Hieman kaareva kappale, viivaa ja h„r„nsilmi„
IA;680010008;Raisio;Tuomala;KM;19000;3023;6718440;3235246;17;Bone artefact;Bone comb;Bone comb;Luukampa;1;FALSE;;;;;;;FALSE;FALSE;FALSE;FALSE;FALSE;TRUE;FALSE;FALSE;FALSE;FALSE;FALSE;FALSE;FALSE;FALSE;FALSE;FALSE;Kamman koristelua
IA;680010008;Raisio;Tuomala;KM;19000;7541;6718440;3235246;17;Bone artefact;Other bone artefact;Other bone artefact;"Luuesine; luuesineen katkelma";1;FALSE;;;;25;10;;FALSE;FALSE;FALSE;FALSE;FALSE;FALSE;FALSE;FALSE;FALSE;FALSE;TRUE;FALSE;FALSE;FALSE;FALSE;FALSE;Fragmentti, jossa h„r„nsilm„leimoja. Pitk„nomainen.
IA;680010008;Raisio;Tuomala;KM;19000;1829;6718440;3235246;17;Bone artefact;Bone spindle whorl;Bone spindle whorl;V„rttin„npy”r„;1;FALSE;;;;;;;FALSE;FALSE;FALSE;FALSE;TRUE;TRUE;TRUE;FALSE;FALSE;FALSE;FALSE;FALSE;FALSE;FALSE;FALSE;FALSE;Koristeltu samansuuntaisilla viivoilla, jotka kiert„v„t v„rttin„n pintaa. V„rttin„npy”r„„ my”s alanroilla 3031, 3034,
IA;680010008;Raisio;Tuomala;KM;19000;4983;6718440;3235246;17;Bone artefact;Other bone artefact;Other bone artefact;"Luuesine; luuesineen katkelma";1;FALSE;;;;28;9;6;FALSE;FALSE;FALSE;FALSE;FALSE;FALSE;FALSE;FALSE;FALSE;FALSE;TRUE;FALSE;FALSE;FALSE;FALSE;FALSE;Yksi sivu uurrekoristettu, muuten suorakaiteen muotoinen poikkileikkaus, paksuhko, outo
IA;680010008;Raisio;Tuomala;KM;19000;6207;6718440;3235246;17;Bone artefact;Other bone artefact;Other bone artefact;"Luuesine; luuesineen katkelma";1;FALSE;;;;55;9;;FALSE;FALSE;FALSE;FALSE;FALSE;FALSE;FALSE;FALSE;FALSE;FALSE;TRUE;FALSE;FALSE;FALSE;FALSE;FALSE;Huom. Mitta laskettu yhteens„ paloista t„ll„ nrolla ja nrolla 6212, n„iden kahden alanron palat siis sopivat yhteen
IA;680010008;Raisio;Tuomala;KM;19000;5607;6718440;3235246;17;Bone artefact;Other bone artefact;Other bone artefact;"Luuesine; luuesineen katkelma";1;FALSE;;;;14;11;;FALSE;FALSE;FALSE;FALSE;FALSE;FALSE;FALSE;FALSE;FALSE;FALSE;TRUE;FALSE;FALSE;FALSE;FALSE;FALSE;Fragmentti, jossa viivakoristelua
IA;73010033;Salo;Isoriihenm„ki;KM;17705;222;6706469;3277701;42;Bone artefact;Bone comb;Bone comb;"Luukampa; fragmentti";2;FALSE;;;;;;;FALSE;FALSE;FALSE;FALSE;TRUE;TRUE;FALSE;FALSE;FALSE;FALSE;TRUE;FALSE;FALSE;FALSE;FALSE;FALSE;kolmion keskell„ ollut reik„?
IA;73010033;Salo;Isoriihenm„ki;KM;18837;30;6706469;3277701;42;Bone artefact;Bone comb;Bone comb;"Luuesine; luukampa; kampa";2;FALSE;16;8;4;;;;FALSE;FALSE;FALSE;FALSE;TRUE;TRUE;FALSE;FALSE;FALSE;FALSE;TRUE;FALSE;FALSE;FALSE;FALSE;FALSE;Ruutuviivaa, toinen puoli litte„ ja koristelematon, todn„k kammasta
IA;73010033;Salo;Isoriihenm„ki;KM;18837;86;6706469;3277701;42;Bone artefact;Bone comb;Bone comb;"Luuesine; fragmentti; kampa";2;FALSE;25;8;3;;;;FALSE;FALSE;FALSE;FALSE;TRUE;TRUE;FALSE;FALSE;FALSE;FALSE;TRUE;FALSE;FALSE;FALSE;FALSE;FALSE;Ympyr„leimoja, jossa pisteen ymp„rill„ kasi rengasta, alapuoli litte„ joten kampaa?
IA;73010033;Salo;Isoriihenm„ki;KM;18837;264;6706469;3277701;42;Bone artefact;Bone spindle whorl;Bone spindle whorl;V„rttin„npy”r„;1;FALSE;30;22;13;;;;FALSE;FALSE;FALSE;FALSE;TRUE;TRUE;FALSE;FALSE;FALSE;FALSE;TRUE;FALSE;FALSE;FALSE;FALSE;FALSE;Isomman palan mitat edell„. Kaksi fragmenttia.
IA;73010033;Salo;Isoriihenm„ki;KM;17705;253;6706469;3277701;42;Bone artefact;Bone comb;Bone comb;"Luuesine; luukamman paloja? Luukampa";2;FALSE;;;;;;;FALSE;FALSE;FALSE;FALSE;TRUE;TRUE;FALSE;FALSE;FALSE;FALSE;TRUE;FALSE;FALSE;FALSE;FALSE;FALSE;Kolme palaa, ristikk„ist„ ja yhdensuuntaista viivaa sek„ h„r„nsilm„leimoja
IA;73010033;Salo;Isoriihenm„ki;KM;17910;162;6706469;3277701;42;Bone artefact;Other bone artefact;Other bone artefact;Luuesineen katkelma;1;FALSE;;;;20;;;FALSE;FALSE;FALSE;FALSE;FALSE;TRUE;FALSE;FALSE;FALSE;FALSE;TRUE;FALSE;FALSE;FALSE;FALSE;FALSE;Pitk„nomainen kappale, jossa reik„. Luukampa? Tai siis luukamman osa? Reik„ voisi olla niitin kohta.
IA;73010033;Salo;Isoriihenm„ki;KM;17705;187;6706469;3277701;42;Bone artefact;Other bone artefact;Other bone artefact;"Luuesineen fragmentti; 2 kpl";1;FALSE;;;;;;;FALSE;FALSE;FALSE;FALSE;FALSE;TRUE;FALSE;FALSE;FALSE;FALSE;TRUE;FALSE;FALSE;FALSE;FALSE;FALSE;Molemmilta puolilta koristeltu viivoin, v„rttin„npy”r„n kappaleita?? Samanlaisia kuin :194, jotka my”s fragmentteja mutta enemm„n t„m„n oloisia. Todn„k samaa esinett„. Ks. My”s : 223
IA;73010033;Salo;Isoriihenm„ki;KM;17705;221;6706469;3277701;42;Bone artefact;Bone comb;Bone comb;"Luuesineen pala; luukampa";2;FALSE;;;;;;;FALSE;FALSE;FALSE;FALSE;FALSE;TRUE;FALSE;FALSE;FALSE;FALSE;TRUE;FALSE;FALSE;FALSE;FALSE;FALSE;Viivakoristelua
IA;73010033;Salo;Isoriihenm„ki;KM;17705;164;6706469;3277701;42;Bone artefact;Bone comb;Bone comb;"Luukampa; kampa; fragmentti";1;FALSE;;;;10;8;;FALSE;FALSE;FALSE;FALSE;FALSE;TRUE;FALSE;FALSE;FALSE;FALSE;TRUE;FALSE;FALSE;FALSE;FALSE;FALSE;viivakoristelua
IA;73010033;Salo;Isoriihenm„ki;KM;17705;255;6706469;3277701;42;Bone artefact;Bone comb;Bone comb;"Luukamman fragmentti; luukampa";1;FALSE;;;;11;9;;FALSE;FALSE;FALSE;FALSE;TRUE;TRUE;FALSE;FALSE;FALSE;FALSE;TRUE;FALSE;FALSE;FALSE;FALSE;FALSE;Osa rombimaisesta kuviosta
IA;73010033;Salo;Isoriihenm„ki;KM;17705;223;6706469;3277701;42;Bone artefact;Bone spindle whorl;Bone spindle whorl;"Luuesine; v„rttin„npy”r„n fragmentti";2;FALSE;;;;22;16;;FALSE;FALSE;FALSE;FALSE;TRUE;TRUE;FALSE;FALSE;FALSE;FALSE;TRUE;FALSE;FALSE;FALSE;FALSE;FALSE;Viivakoristelu samanlaista kuin alanroilla :187 ja :194
IA;734010025;Salo;Ketohaka;KM;6658;136;6705524;3287453;;Bone artefact;Bone comb;Bone comb;"Kampa; luukampa";1;FALSE;;;;;;;FALSE;FALSE;TRUE;TRUE;TRUE;FALSE;FALSE;FALSE;FALSE;FALSE;TRUE;FALSE;FALSE;FALSE;TRUE;FALSE;Kolme luisen tai sarvisen kamman kappaletta. Kamman k„densija ollut py”re„ tai kolmio sivuprofiililtaan. Koristeen yksi h„r„nsilm„.
IA;734010025;Salo;Ketohaka;KM;6658;170;6705524;3287453;;Bone artefact;Bone comb;Bone comb;"Kampa; luukampa";1;FALSE;;;;;;;FALSE;FALSE;FALSE;TRUE;TRUE;FALSE;FALSE;FALSE;FALSE;FALSE;TRUE;FALSE;FALSE;FALSE;TRUE;FALSE;Viisi kamman kappaletta, joissa n„kyy kamman piikkej„. Kahdessa palassa 13 mm pitk„t rautaniitit,  Kaksi luun palaa, joissa toisessa kolme h„r„nsilm„„. Yksi pala, joka esineen reunasta, joka tekee 90 asteen kulman. T„ss„ reunansuuntaista tuplaviivaa ja pi
IA;777010073;Suomussalmi;Kivisaari;KM;18057;38;7256683;3592673;245;Bone artefact;Other bone artefact;Other bone artefact;Luuesineen pala;2;FALSE;9;9;6;;;;FALSE;FALSE;FALSE;FALSE;FALSE;TRUE;TRUE;FALSE;FALSE;FALSE;TRUE;FALSE;FALSE;FALSE;FALSE;FALSE;Pieni pala luettelon mukaan luukampaa. Luuesineen fragmentti joka tapauksessa. Lusikan paloja nrolla 51 (Žmm„nsaaressa). Huom! My”s punaista piit„ nrolla 37!
IA;777010073;Suomussalmi;Kivisaari;KM;18057;5;7256683;3592673;245;Bone artefact;Other bone artefact;Other bone artefact;Luuesineen pala;1;FALSE;25;11;5;;;;FALSE;FALSE;FALSE;FALSE;FALSE;TRUE;TRUE;FALSE;FALSE;FALSE;TRUE;FALSE;FALSE;FALSE;FALSE;FALSE;Hieman viivakoristelua. Luettelon mukaan ehk„ puukonp„„st„, kuten arveltu my”s nroa :29 (ei ollut laatikossa) ja :34 - t„m„ tosin voisi olla joko puukon p„„t„ tai kaarevuuden perusteella my”s tasap„ist„ nuolenk„rke„, kolkkanuoli. Koristelua luuesinett„ my
IA;781010049;Sysm„;Siivolanpelto;KM;17181;40;6823880;3440670;87;Bone artefact;Bone comb;Bone comb;"Luukampa; katkelma; kaksipuolinen";1;FALSE;;;;;;;FALSE;FALSE;FALSE;FALSE;FALSE;TRUE;FALSE;FALSE;FALSE;FALSE;TRUE;FALSE;FALSE;FALSE;FALSE;FALSE;Fragmentti, kamparivien p„„ll„ suora viiva
IA;82010036;Hattula;Myllym„ki;KM;19872;1303;6788235;3356340;82,5;Bone artefact;Other bone artefact;Other bone artefact;Luuesine;1;FALSE;;;;31;13;3;FALSE;FALSE;FALSE;FALSE;FALSE;TRUE;FALSE;FALSE;FALSE;FALSE;TRUE;FALSE;FALSE;FALSE;FALSE;FALSE;Lusikan vartta??? Vain yl„pinta koristeltu
IA;82010036;Hattula;Myllym„ki;KM;19872;793;6788235;3356340;82,5;Bone artefact;Bone comb;Bone comb;"Luukampa; kampa";1;FALSE;;;;20;12;4;FALSE;FALSE;FALSE;FALSE;FALSE;TRUE;FALSE;FALSE;FALSE;FALSE;TRUE;FALSE;FALSE;FALSE;FALSE;FALSE;Kaksipuolisen kamman kpl. Viivakoristelua.
IA;82010036;Hattula;Myllym„ki;KM;19872;792;6788235;3356340;82,5;Bone artefact;Other bone artefact;Other bone artefact;Luuesine;1;FALSE;;;;;;;FALSE;FALSE;FALSE;FALSE;FALSE;TRUE;FALSE;FALSE;FALSE;FALSE;TRUE;FALSE;FALSE;FALSE;FALSE;FALSE;Kaksi fragmenttia. Toisessa punoskoristelua, toisessa viivoja. Viivoitettu pala vasamasta?
IA;82010036;Hattula;Myllym„ki;KM;19872;734;6788235;3356340;82,5;Bone artefact;Bone comb;Bone comb;"Luukampa; kampa";1;FALSE;;;;17;19;;FALSE;FALSE;FALSE;FALSE;FALSE;TRUE;FALSE;FALSE;FALSE;FALSE;TRUE;FALSE;FALSE;FALSE;FALSE;FALSE;Kaksipuoleisen kamman kappaleita. Keskiosassa piste- ja viivakoristelua.
IA;82010036;Hattula;Myllym„ki;KM;19872;734;6788235;3356340;82,5;Bone artefact;Bone comb;Bone comb;"Luukampa; kampa";1;FALSE;;;;17;19;;FALSE;FALSE;FALSE;FALSE;FALSE;TRUE;FALSE;FALSE;FALSE;FALSE;TRUE;FALSE;FALSE;FALSE;FALSE;FALSE;Kaksipuoleisen kamman kappaleita. Keskiosassa piste- ja viivakoristelua.
IA;82010036;Hattula;Myllym„ki;KM;19872;1158;6788235;3356340;82,5;Bone artefact;Bone spindle whorl;Bone spindle whorl;V„rttin„npy”r„;2;FALSE;;;;26;21;15;FALSE;FALSE;FALSE;FALSE;FALSE;TRUE;FALSE;FALSE;FALSE;FALSE;TRUE;FALSE;FALSE;FALSE;FALSE;FALSE;
IA;82010036;Hattula;Myllym„ki;KM;19872;794;6788235;3356340;82,5;Bone artefact;Bone comb;Bone comb;Luukampa;2;FALSE;;;;14;6;2;FALSE;FALSE;FALSE;FALSE;FALSE;TRUE;FALSE;FALSE;FALSE;FALSE;TRUE;FALSE;FALSE;FALSE;FALSE;FALSE;Todenn„k”isesti kammasta, koska piikin juuret? H„r„nsilm„leimaa.
IA;82010036;Hattula;Myllym„ki;KM;19872;1121;6788235;3356340;82,5;Bone artefact;Bone comb;Bone comb;"Kampa; Luukampa";1;FALSE;;;;19;12;5;FALSE;FALSE;FALSE;FALSE;FALSE;TRUE;FALSE;FALSE;FALSE;FALSE;TRUE;FALSE;FALSE;FALSE;FALSE;FALSE;Kaksipuolisen kamman kpl. Viivakoristelua.
IA;82010036;Hattula;Myllym„ki;KM;19872;1036;6788235;3356340;82,5;Bone artefact;Bone comb;Bone comb;Luukampa;1;FALSE;;;;20;10;7;FALSE;FALSE;FALSE;FALSE;FALSE;TRUE;FALSE;FALSE;FALSE;FALSE;TRUE;FALSE;FALSE;FALSE;FALSE;FALSE;Kaareutuva muoto, mutta kaksiosaista kampaa. My”s pala :1170 t„st„. Ei omaa rivi„.
IA;82010036;Hattula;Myllym„ki;KM;19872;839;6788235;3356340;82,5;Bone artefact;Bone spindle whorl;Bone spindle whorl;V„rttin„npy”r„;1;FALSE;;;;32;17;14;FALSE;FALSE;FALSE;FALSE;FALSE;TRUE;FALSE;FALSE;FALSE;FALSE;TRUE;FALSE;FALSE;FALSE;FALSE;FALSE;
IA;82010036;Hattula;Myllym„ki;KM;19872;791;6788235;3356340;82,5;Bone artefact;Bone fitting;Bone fitting;"Luuhela; luinen hela";2;FALSE;;;;21;17;6;FALSE;FALSE;FALSE;FALSE;FALSE;TRUE;FALSE;FALSE;FALSE;FALSE;TRUE;FALSE;FALSE;FALSE;FALSE;FALSE;Naula tai niitti katkennut. Ei ole kampa miss„„n nimess„. Jonkun isomman esineen koristelua. Ehk„ jokin hela.
IA;82010036;Hattula;Myllym„ki;KM;19872;838;6788235;3356340;82,5;Bone artefact;Bone comb;Bone comb;"Luukampa; kampa";1;FALSE;;;;22;23;4;FALSE;FALSE;FALSE;FALSE;FALSE;TRUE;FALSE;FALSE;FALSE;FALSE;TRUE;FALSE;FALSE;FALSE;FALSE;FALSE;Kaksipuolisen kamman kpl. Viivakoristelua.
IA;83010004;H„meenlinna;Kalom„ki 2;KM;18468;106;6792971;3359632;94;Bone artefact;Bone comb;Bone comb;"Luuesine; kampa, fragmentti";2;FALSE;;;;;;;FALSE;FALSE;FALSE;FALSE;TRUE;TRUE;FALSE;FALSE;FALSE;FALSE;TRUE;FALSE;FALSE;FALSE;FALSE;FALSE;Pieni„ paloja, joista yhdess„ h„r„nsilm„koristelua. My”s luuesineen, mahd kamman kpleita nroilla 47, 59, 70, 117, 369, 176, 400, 408, 409
IA;837010023;Tampere;Vilusenharju;KM;18556;791;6822432;3333690;120;Bone artefact;Bone spindle whorl;Bone spindle whorl;V„rttin„npy”r„;1;FALSE;;;;;;;FALSE;FALSE;FALSE;FALSE;FALSE;TRUE;FALSE;FALSE;FALSE;FALSE;TRUE;FALSE;TRUE;FALSE;FALSE;FALSE;Fragmentti, viivakoristelua. Paloja my”s nroilla 789-792
IA;837010023;Tampere;Vilusenharju;KM;18556;812;6822432;3333690;120;Bone artefact;Bone comb;Bone comb;"Luuesine; kampa";2;FALSE;;;;;;;FALSE;FALSE;FALSE;FALSE;FALSE;TRUE;TRUE;FALSE;FALSE;FALSE;TRUE;TRUE;TRUE;FALSE;FALSE;FALSE;Palanut
IA;837010023;Tampere;Vilusenharju;KM;18556;809;6822432;3333690;120;Bone artefact;Bone comb;Bone comb;"Luuesine; kampa";2;FALSE;;;;;;;FALSE;FALSE;FALSE;FALSE;FALSE;TRUE;TRUE;FALSE;FALSE;FALSE;TRUE;TRUE;TRUE;FALSE;FALSE;FALSE;
IA;837010023;Tampere;Vilusenharju;KM;18556;47;6822432;3333690;120;Bone artefact;Bone spoon;Bone spoon;"Luuesine; lusikka";2;FALSE;;;;15;13;;FALSE;FALSE;FALSE;FALSE;FALSE;TRUE;TRUE;FALSE;FALSE;FALSE;TRUE;TRUE;TRUE;FALSE;FALSE;FALSE;viivakoristeinen pala luultavasti lusikan varresta
IA;837010023;Tampere;Vilusenharju;KM;17208;12;6822432;3333690;120;Bone artefact;Bone spindle whorl;Bone spindle whorl;V„rttin„npy”r„;1;FALSE;;;;37;26;;FALSE;FALSE;FALSE;FALSE;FALSE;TRUE;TRUE;FALSE;FALSE;FALSE;FALSE;TRUE;TRUE;FALSE;FALSE;FALSE;"Puolikas;"
IA;837010023;Tampere;Vilusenharju;KM;18556;802;6822432;3333690;120;Bone artefact;Bone spoon;Bone spoon;Luulusikka;2;FALSE;;;;;;;FALSE;FALSE;FALSE;FALSE;FALSE;TRUE;TRUE;FALSE;FALSE;FALSE;TRUE;FALSE;TRUE;FALSE;FALSE;FALSE;Pieni fragmentti koverasta esineest„, lusikan pes„st„ todn„k. Samanlaisia paloja nroilla 803 ja 504
IA;837010023;Tampere;Vilusenharju;KM;18556;806;6822432;3333690;120;Bone artefact;Bone comb;Bone comb;"Luuesine; kampa";2;FALSE;;;;;;;FALSE;FALSE;FALSE;FALSE;FALSE;TRUE;TRUE;FALSE;FALSE;FALSE;TRUE;TRUE;TRUE;FALSE;FALSE;FALSE;Niitin reik„„. Palanut, kuten muutkin. Luukammasta my”s :809, 812 - lis„tty
IA;837010023;Tampere;Vilusenharju;KM;17208;311;6822432;3333690;120;Bone artefact;Other bone artefact;Other bone artefact;Luuesineen katkelma;1;FALSE;;;;;;;FALSE;FALSE;FALSE;FALSE;FALSE;TRUE;TRUE;FALSE;FALSE;FALSE;FALSE;TRUE;FALSE;FALSE;FALSE;FALSE;Hauta 41, molemmilta puolilta viivoilla koristeltu pala, palanut, poikkileikkaus litte„n soikea, keskelt„ paksumpi kuin reunoista. Luulusikan varresta?
IA;837010023;Tampere;Vilusenharju;KM;18556;808;6822432;3333690;120;Bone artefact;Bone comb;Bone comb;"Luuesine; kampa";2;FALSE;;;;;;;FALSE;FALSE;FALSE;FALSE;FALSE;TRUE;TRUE;FALSE;FALSE;FALSE;TRUE;TRUE;TRUE;FALSE;FALSE;FALSE;Palanut
IA;837010023;Tampere;Vilusenharju;KM;17208;169;6822432;3333690;120;Bone artefact;Other bone artefact;Other bone artefact;Luuesineen katkelma;1;FALSE;;;;14;24;;FALSE;FALSE;FALSE;FALSE;FALSE;TRUE;TRUE;FALSE;FALSE;FALSE;FALSE;TRUE;FALSE;FALSE;FALSE;FALSE;hauta 30
IA;837010023;Tampere;Vilusenharju;KM;17208;373;6822432;3333690;120;Bone artefact;Bone comb;Bone comb;Luukampa;1;FALSE;;;;;;;FALSE;FALSE;FALSE;FALSE;FALSE;TRUE;TRUE;FALSE;FALSE;FALSE;FALSE;TRUE;FALSE;FALSE;FALSE;FALSE;Hauta 43, Birckala-n„yttelyss„
IA;837010023;Tampere;Vilusenharju;KM;18556;819;6822432;3333690;120;Bone artefact;Bone comb;Bone comb;"Luukampa; kaksipuolinen";1;FALSE;;;;;;;FALSE;FALSE;FALSE;FALSE;FALSE;TRUE;TRUE;FALSE;FALSE;FALSE;TRUE;FALSE;TRUE;FALSE;FALSE;FALSE;Pala, koristeltu h„r„nsilm„leimoilla. Paloja samasta(?) ilman h„r„nsilmi„ nroilla 816 ja 817
IA;853010016;Turku;Kaerla Mulli;KM;15208;35;6716477;3240756;22;Bone artefact;Bone spindle whorl;Bone spindle whorl;"V„rttin„npy”r„; fragmentti";;FALSE;;;;35;;20;FALSE;FALSE;FALSE;FALSE;FALSE;TRUE;TRUE;TRUE;FALSE;FALSE;FALSE;FALSE;FALSE;FALSE;FALSE;FALSE;"Linkit„! Kivilaji; savitiivistett„, el„imen leukaluita + hampaita, savikiekon katkelmia, hioimia, luukanmpa, luuneula"
IA;853010016;Turku;Kaerla Mulli;KM;15208;163;6716477;3240756;22;Bone artefact;Bone needle;Bone needle;Luuneula;1;FALSE;;;;145;16;;FALSE;FALSE;FALSE;FALSE;FALSE;FALSE;TRUE;TRUE;TRUE;TRUE;FALSE;FALSE;FALSE;FALSE;FALSE;FALSE;Palamaton, k„rkiosa katkennut, todenn„k”isesti ei rautakautinen, keskiaikaa? Sis„kk„iset pisaranmuotoiset koristelut reik„p„„ss„
IA;853010016;Turku;Kaerla Mulli;KM;15208;150;6716477;3240756;22;Bone artefact;Bone comb;Bone comb;"Luukampa; kolmiosainen; fragmentti";;FALSE;;;;70;15;;FALSE;FALSE;FALSE;FALSE;FALSE;TRUE;TRUE;TRUE;FALSE;TRUE;FALSE;FALSE;FALSE;FALSE;FALSE;FALSE;"Kolmiosainen, niitein kiinnitetty; piikit yhteen suuntaan"
IA;908010008;Valkeakoski;Hiitti„nm„ki;KM;20900;14;6787921;3339644;90;Bone artefact;Other bone artefact;Other bone artefact;Luuesine;3;FALSE;;;;18;9;6;FALSE;FALSE;FALSE;FALSE;TRUE;FALSE;FALSE;FALSE;FALSE;FALSE;FALSE;FALSE;FALSE;FALSE;FALSE;FALSE;Ei kyll„ v„ltt„m„tt„ ole esineest„ ollenkaan, vaikka yksi pinta tasaisempi kuin muut.
IA;908010008;Valkeakoski;Hiitti„nm„ki;KM;20900;353;6787921;3339644;90;Bone artefact;Bone spindle whorl;Bone spindle whorl;V„rttin„n py”r„;2;FALSE;;;;17;12;4;FALSE;FALSE;FALSE;FALSE;FALSE;TRUE;FALSE;FALSE;FALSE;FALSE;FALSE;FALSE;FALSE;FALSE;TRUE;FALSE;Todn„k v„rttin„n py”r„„, py”re„ muoto, uurreviivaa
IA;944010027;V”yri;Svedjeholmen;KM;20179;9;7011916;3257154;17;Bone artefact;Other bone artefact;Other bone artefact;Luuesine;1;FALSE;;;;14;7;;FALSE;TRUE;TRUE;FALSE;FALSE;FALSE;FALSE;FALSE;FALSE;FALSE;FALSE;FALSE;FALSE;FALSE;TRUE;FALSE;Fragmentti litte„, toisella puolella pitkitt„isi„ uria 3 kpl, toinen puoli tasainen
IA;944010045;V”yri;Gulldynt;KM;19847;6;7011211;3259319;17;Bone artefact;Other bone artefact;Other bone artefact;Luuesine;1;FALSE;;;;14;5;;FALSE;FALSE;FALSE;FALSE;FALSE;FALSE;FALSE;FALSE;FALSE;FALSE;TRUE;FALSE;FALSE;FALSE;FALSE;FALSE;Litte„ pala, jossa pistekoristelua
IA;944010045;V”yri;Gulldynt;KM;19847;4;7011211;3259319;17;Bone artefact;Other bone artefact;Other bone artefact;Luuesine;1;FALSE;;;;14;6;;FALSE;FALSE;FALSE;FALSE;FALSE;FALSE;FALSE;FALSE;FALSE;FALSE;TRUE;FALSE;FALSE;FALSE;FALSE;FALSE;Litte„st„ luuesineest„, jonka reunoja kiert„„ ura tai viiva.  Lusikan varren p„„ty„??
IA;944010045;V”yri;Gulldynt;KM;19847;5;7011211;3259319;17;Bone artefact;Other bone artefact;Other bone artefact;Luuesine;1;FALSE;;;;9;6;;FALSE;FALSE;FALSE;FALSE;FALSE;FALSE;FALSE;FALSE;FALSE;FALSE;TRUE;FALSE;FALSE;FALSE;FALSE;FALSE;Kappale py”re„hk”st„ esineest„, jossa poikittaista viivaa, kuten nrossa 1
IA;944010045;V”yri;Gulldynt;KM;19847;1;7011211;3259319;17;Bone artefact;Other bone artefact;Other bone artefact;Luuesine;1;FALSE;;;;10;9;;FALSE;FALSE;FALSE;FALSE;FALSE;FALSE;FALSE;FALSE;FALSE;FALSE;TRUE;FALSE;FALSE;FALSE;FALSE;FALSE;Pieni fragmentti py”re„hk”st„ esineest„, jossa viivauurteita. Nuolenk„rjest„, vasamasta??
IA;980010024;Yl”j„rvi;Mikkola;KM;19162;139;6831452;3319394;125;Bone artefact;Other bone artefact;Other bone artefact;"Luuesine; katkelma";1;FALSE;;;;;;;FALSE;FALSE;FALSE;FALSE;FALSE;TRUE;FALSE;FALSE;FALSE;FALSE;TRUE;FALSE;FALSE;FALSE;FALSE;FALSE;Pieni fragmentti, jossa viivakoristelua (havumuoto). Eos mik„. Alapinta tasainen ja koristelematon, Matala kolmiomuoto muuten.
IA;980010024;Yl”j„rvi;Mikkola;KM;19162;265;6831452;3319394;125;Bone artefact;Bone comb;Bone comb;"Luuesine; katkelma; luukampa; kampa";3;FALSE;;;;;;;FALSE;FALSE;FALSE;FALSE;FALSE;TRUE;FALSE;FALSE;FALSE;FALSE;TRUE;FALSE;FALSE;FALSE;FALSE;FALSE;Pieni„ fragmentteja, joissa ristikkoviivaa. Voisivat olla luukamman listaa. Palaneita.
IA;980010024;Yl”j„rvi;Mikkola;KM;20685;132;6831452;3319394;125;Bone artefact;Bone comb;Bone comb;"Luuesine; kampa; luukampa";2;FALSE;;;;;;;FALSE;FALSE;FALSE;FALSE;FALSE;TRUE;FALSE;FALSE;FALSE;FALSE;TRUE;FALSE;FALSE;FALSE;FALSE;FALSE;Kaksi pient„ fragmenttia, ristikkokoristelua, ehk„ kampa
IA;980010024;Yl”j„rvi;Mikkola;KM;14622;327;6831452;3319394;125;Bone artefact;Bone comb;Bone comb;Kampa;1;FALSE;;;;;;;FALSE;FALSE;FALSE;FALSE;FALSE;FALSE;FALSE;FALSE;FALSE;FALSE;TRUE;TRUE;FALSE;FALSE;FALSE;FALSE;Kaksipuolisen t„ikamman pala, palanut
IA;980010024;Yl”j„rvi;Mikkola;KM;14622;316;6831452;3319394;125;Bone artefact;Bone spindle whorl;Bone spindle whorl;V„rttin„npy”r„;1;FALSE;;;;;;;FALSE;FALSE;FALSE;FALSE;FALSE;FALSE;FALSE;FALSE;FALSE;FALSE;TRUE;TRUE;FALSE;FALSE;FALSE;FALSE;
IA;980010024;Yl”j„rvi;Mikkola;KM;14622;430;6831452;3319394;125;Bone artefact;Other bone artefact;Other bone artefact;Luuesine;1;FALSE;;;;;;;FALSE;FALSE;FALSE;FALSE;FALSE;TRUE;TRUE;FALSE;FALSE;FALSE;TRUE;TRUE;FALSE;FALSE;FALSE;FALSE;Koristellun luuesineen kappale
IA;980010024;Yl”j„rvi;Mikkola;KM;14622;72;6831452;3319394;125;Bone artefact;Other bone artefact;Other bone artefact;Luuesine;1;FALSE;;;;;;;FALSE;FALSE;FALSE;FALSE;FALSE;FALSE;FALSE;FALSE;FALSE;FALSE;TRUE;TRUE;FALSE;FALSE;FALSE;FALSE;
IA;980010024;Yl”j„rvi;Mikkola;KM;14622;71;6831452;3319394;125;Bone artefact;Other bone artefact;Other bone artefact;Luuesine;1;FALSE;;;;;;;FALSE;FALSE;FALSE;FALSE;FALSE;FALSE;FALSE;FALSE;FALSE;FALSE;TRUE;TRUE;FALSE;FALSE;FALSE;FALSE;ei ehk„ kammasta?
IA;980010024;Yl”j„rvi;Mikkola;KM;20685;72;6831452;3319394;125;Bone artefact;Bone comb;Bone comb;"Luuesine; kampa; luukampa";2;FALSE;;;;;;;FALSE;FALSE;FALSE;FALSE;FALSE;TRUE;FALSE;FALSE;FALSE;FALSE;TRUE;FALSE;FALSE;FALSE;FALSE;FALSE;Kaksi fragmenttia ehk„ kammasta, viiva- ja ristikkokoristelua, yksi pala ehk„ v„rttin„npy”r„„
