Phase;Site id;Municipality;Site name;Collection;Main number;Subnumber;p;i;z;Category;Type (Finnish);Preroman IA;Early Roman IA;Late Roman IA;Migration period;Merovingian period;Viking period;Crusade period;1100-1300;1400-1500;Settlement site;Cremation cemetery;Inhumation cemetery;Stray find;Cairn;Hoard;Other context;Certainty;Integrity;Length (mm);Width (mm);Thickness (mm);Fragment length (mm);Fragment width (mm);Fragment thickness (mm);Other notes (Finnish)
IA;1000000179;Laitila;Venno 1;KM;14415;;6764758;3213213;17,5;Clay artefacts;Savikiekko;FALSE;FALSE;FALSE;FALSE;FALSE;FALSE;FALSE;FALSE;FALSE;FALSE;FALSE;FALSE;FALSE;FALSE;TRUE;FALSE;1;FALSE;;;;;;;Raunio 2
IA;1000000179;Laitila;Venno 1;KM;14415;;6764758;3213213;17,5;Clay artefacts;Savikiekko;FALSE;FALSE;FALSE;FALSE;FALSE;FALSE;FALSE;FALSE;FALSE;FALSE;FALSE;FALSE;FALSE;FALSE;TRUE;FALSE;2;FALSE;;;;;;;Paloja, raunio 1
IA;1000006982;H„meenlinna;Ylitalo;KM;19168;1;6751002;3360215;95;Clay artefacts;"Savikiekko; palkeiden suuosa";FALSE;FALSE;FALSE;FALSE;FALSE;FALSE;FALSE;FALSE;FALSE;FALSE;FALSE;FALSE;TRUE;FALSE;FALSE;FALSE;2;TRUE;111;98;41;;;;Renko, perunamaasta. Toine puoli tasainen ja se aivan palanut ja sintrantunut. Toinen puoli kupera ja sill„ puolella reik„ leve„mpi. Silt„ puolelta vain v„h„n tummunut, mutta ei merkkej„ niin kovasta kuumuudesta.
IA;1000006982;H„meenlinna;Ylitalo;KM;19168;1;6751002;3360215;95;Clay artefacts;"Savikiekko; palkeiden suuosa";FALSE;FALSE;FALSE;FALSE;FALSE;FALSE;FALSE;FALSE;FALSE;FALSE;FALSE;FALSE;TRUE;FALSE;FALSE;FALSE;2;TRUE;111;98;41;;;;Renko, perunamaasta. Toine puoli tasainen ja se aivan palanut ja sintrantunut. Toinen puoli kupera ja sill„ puolella reik„ leve„mpi. Silt„ puolelta vain v„h„n tummunut, mutta ei merkkej„ niin kovasta kuumuudesta.
IA;102010011;Huittinen;Virkonm„ki;KM;19863;3;6795247;3269534;50;Clay artefacts;"Savikiekko; pullea";FALSE;FALSE;FALSE;FALSE;FALSE;FALSE;FALSE;FALSE;FALSE;FALSE;TRUE;FALSE;TRUE;FALSE;FALSE;FALSE;1;TRUE;105;105;61;;;;Py”re„, pullea ja painava
IA;102010011;Huittinen;Virkonm„ki;KM;19863;3;6795247;3269534;50;Clay artefacts;"Savikiekko; pullea";FALSE;FALSE;FALSE;FALSE;FALSE;FALSE;FALSE;FALSE;FALSE;FALSE;TRUE;FALSE;TRUE;FALSE;FALSE;FALSE;1;TRUE;105;105;61;;;;Py”re„, pullea ja painava
IA;109010030;H„meenlinna;Varikkoalue 2;KM;21188;32;6768134;3364550;85,5;Clay artefacts;Saviesine;FALSE;FALSE;FALSE;FALSE;FALSE;FALSE;FALSE;FALSE;FALSE;FALSE;TRUE;FALSE;FALSE;FALSE;FALSE;FALSE;1;FALSE;;;;;;;Katkelma. Ehk„ muottiin, upokkaaseen tai valukauhaan liittyv„ kpl
IA;109010030;H„meenlinna;Varikkoalue 2;KM;21188;11;6768134;3364550;85,5;Clay artefacts;Savikiekko;FALSE;FALSE;FALSE;FALSE;FALSE;FALSE;FALSE;FALSE;FALSE;FALSE;FALSE;FALSE;FALSE;FALSE;FALSE;FALSE;1;TRUE;;;;;;;Toiselta puoletla kuonaantunut, reik„ ep„symmetrinen
IA;109010030;H„meenlinna;Varikkoalue 2;KM;21188;11;6768134;3364550;85,5;Clay artefacts;Savikiekko;FALSE;FALSE;FALSE;FALSE;FALSE;FALSE;FALSE;FALSE;FALSE;FALSE;FALSE;FALSE;FALSE;FALSE;FALSE;FALSE;1;TRUE;;;;;;;Toiselta puoletla kuonaantunut, reik„ ep„symmetrinen
IA;109010030;H„meenlinna;Varikkoalue 2;KM;21188;32;6768134;3364550;85,5;Clay artefacts;Saviesine;FALSE;FALSE;FALSE;FALSE;FALSE;FALSE;FALSE;FALSE;FALSE;FALSE;TRUE;FALSE;FALSE;FALSE;FALSE;FALSE;1;FALSE;;;;;;;Katkelma. Ehk„ muottiin, upokkaaseen tai valukauhaan liittyv„ kpl
IA;16010019;Asikkala;Sytt„nne;KM;19284;8;6800466;3422069;80;Clay artefacts;Upokas;FALSE;FALSE;FALSE;FALSE;FALSE;FALSE;FALSE;FALSE;FALSE;TRUE;FALSE;FALSE;FALSE;FALSE;FALSE;FALSE;3;FALSE;;;;;;;Pieni„ paloja, jotka voivat periaatteessa olla upokkaan paloja tai sitten ei
IA;16010019;Asikkala;Sytt„nne;KM;19284;8;6800466;3422069;80;Clay artefacts;Upokas;FALSE;FALSE;FALSE;FALSE;FALSE;FALSE;FALSE;FALSE;FALSE;TRUE;FALSE;FALSE;FALSE;FALSE;FALSE;FALSE;3;FALSE;;;;;;;Pieni„ paloja, jotka voivat periaatteessa olla upokkaan paloja tai sitten ei
IA;165010048;Janakkala;Niemel„ 1;KM;16673;6;6754156;3371109;84;Clay artefacts;V„rttin„npy”r„;FALSE;FALSE;FALSE;FALSE;TRUE;TRUE;FALSE;FALSE;FALSE;FALSE;TRUE;FALSE;FALSE;FALSE;FALSE;FALSE;2;TRUE;46;46;12;;;;Litte„
IA;165010048;Janakkala;Niemel„ 1;KM;16673;6;6754156;3371109;84;Clay artefacts;V„rttin„npy”r„;FALSE;FALSE;FALSE;FALSE;TRUE;TRUE;FALSE;FALSE;FALSE;FALSE;TRUE;FALSE;FALSE;FALSE;FALSE;FALSE;2;TRUE;46;46;12;;;;Litte„
IA;165010069;Janakkala;Taurula;KM;24745;128;6757104;3367519;87;Clay artefacts;Savikiekko;FALSE;FALSE;FALSE;FALSE;TRUE;TRUE;FALSE;FALSE;FALSE;TRUE;FALSE;FALSE;FALSE;FALSE;FALSE;FALSE;1;TRUE;105;;;;;;Useasta palasta liimattu. Toisella puolella matalia painanteita, mutta en pit„isi varsinaisina koristeina
IA;165010069;Janakkala;Taurula;KM;24745;13;6757104;3367519;87;Clay artefacts;Savikiekko;FALSE;FALSE;FALSE;FALSE;TRUE;TRUE;FALSE;FALSE;FALSE;TRUE;FALSE;FALSE;FALSE;FALSE;FALSE;FALSE;1;FALSE;;;;;;;Fragmentaarinen, yhdelt„ sivulta hieman kuonaantunut.
IA;165010069;Janakkala;Taurula;KM;24745;13;6757104;3367519;87;Clay artefacts;Savikiekko;FALSE;FALSE;FALSE;FALSE;TRUE;TRUE;FALSE;FALSE;FALSE;TRUE;FALSE;FALSE;FALSE;FALSE;FALSE;FALSE;1;FALSE;;;;;;;Fragmentaarinen, yhdelt„ sivulta hieman kuonaantunut.
IA;165010069;Janakkala;Taurula;KM;24745;128;6757104;3367519;87;Clay artefacts;Savikiekko;FALSE;FALSE;FALSE;FALSE;TRUE;TRUE;FALSE;FALSE;FALSE;TRUE;FALSE;FALSE;FALSE;FALSE;FALSE;FALSE;1;TRUE;105;;;;;;Useasta palasta liimattu. Toisella puolella matalia painanteita, mutta en pit„isi varsinaisina koristeina
IA;210010012;H„meenlinna;Peltokutila;KM;23619;1;6777451;3345746;84;Clay artefacts;Savikiekko;FALSE;FALSE;FALSE;FALSE;TRUE;TRUE;FALSE;FALSE;FALSE;FALSE;TRUE;FALSE;FALSE;FALSE;TRUE;FALSE;1;TRUE;120;105;39;;;;Toiselta puolelta kuonaantunut. Paikalla muutenkin sep„nty”h”n viittaavia merkkej„??? Ks. L”yt”luetteloa.
IA;210010012;H„meenlinna;Peltokutila;KM;23619;1;6777451;3345746;84;Clay artefacts;Savikiekko;FALSE;FALSE;FALSE;FALSE;TRUE;TRUE;FALSE;FALSE;FALSE;FALSE;TRUE;FALSE;FALSE;FALSE;TRUE;FALSE;1;TRUE;120;105;39;;;;Toiselta puolelta kuonaantunut. Paikalla muutenkin sep„nty”h”n viittaavia merkkej„??? Ks. L”yt”luetteloa.
IA;220010002;Raasepori;Domarg†rd I;KM;21634;1580;6663430;3312339;25;Clay artefacts;Savikiekko;FALSE;FALSE;FALSE;FALSE;FALSE;FALSE;FALSE;FALSE;FALSE;TRUE;FALSE;FALSE;FALSE;FALSE;FALSE;TRUE;1;FALSE;;;;;;;1 kpl fragment.
IA;220010002;Raasepori;Domarg†rd I;KM;21634;1652;6663430;3312339;25;Clay artefacts;Savikiekko;FALSE;FALSE;FALSE;FALSE;FALSE;FALSE;FALSE;FALSE;FALSE;TRUE;FALSE;FALSE;FALSE;FALSE;FALSE;TRUE;1;FALSE;;;;;;;9 kpl fragmentaarisia, Osa kuvattu.
IA;220010002;Raasepori;Domarg†rd I;KM;21634;1295;6663430;3312339;25;Clay artefacts;Savikiekko;FALSE;FALSE;FALSE;FALSE;FALSE;FALSE;FALSE;FALSE;FALSE;TRUE;FALSE;FALSE;FALSE;FALSE;FALSE;TRUE;1;TRUE;105;;35;;;;Melkein kokonainen, paloista koottu. rei„n halk. 15 mm. Toisella puolella kaski kuopparivi„ ymp„r”i reik„„. Vastakkaisella puolella sormen levyinen painanneura.
IA;220010002;Raasepori;Domarg†rd I;KM;21634;9;6663430;3312339;25;Clay artefacts;Savikiekko;FALSE;FALSE;FALSE;FALSE;FALSE;FALSE;FALSE;FALSE;FALSE;TRUE;FALSE;FALSE;FALSE;FALSE;FALSE;TRUE;1;FALSE;;;;;;;2 kpl, fragment.
IA;220010002;Raasepori;Domarg†rd I;KM;21634;1964;6663430;3312339;25;Clay artefacts;Savikiekko;FALSE;FALSE;FALSE;FALSE;FALSE;FALSE;FALSE;FALSE;FALSE;TRUE;FALSE;FALSE;FALSE;FALSE;FALSE;TRUE;1;FALSE;;;;;;;1 kpl fragment.
IA;220010002;Raasepori;Domarg†rd I;KM;21634;1580;6663430;3312339;25;Clay artefacts;Savikiekko;FALSE;FALSE;FALSE;FALSE;FALSE;FALSE;FALSE;FALSE;FALSE;TRUE;FALSE;FALSE;FALSE;FALSE;FALSE;TRUE;1;FALSE;;;;;;;1 kpl fragment.
IA;220010002;Raasepori;Domarg†rd I;KM;21634;4;6663430;3312339;25;Clay artefacts;Savikiekko;FALSE;FALSE;FALSE;FALSE;FALSE;FALSE;FALSE;FALSE;FALSE;FALSE;TRUE;FALSE;FALSE;FALSE;FALSE;FALSE;1;FALSE;;;;;;;2 kpl paksusta kiekosta
IA;220010002;Raasepori;Domarg†rd I;KM;21634;1665;6663430;3312339;25;Clay artefacts;Savikiekko;FALSE;FALSE;FALSE;FALSE;FALSE;FALSE;FALSE;FALSE;FALSE;TRUE;FALSE;FALSE;FALSE;FALSE;FALSE;TRUE;1;FALSE;;;;;;;17 kpl fragmentaarisia, Ei kuvattu.
IA;220010002;Raasepori;Domarg†rd I;KM;21634;1635;6663430;3312339;25;Clay artefacts;Savikiekko;FALSE;FALSE;FALSE;FALSE;FALSE;FALSE;FALSE;FALSE;FALSE;TRUE;FALSE;FALSE;FALSE;FALSE;FALSE;TRUE;1;FALSE;;;;;;;19 kpl fragmentaarisia, yksi kuonaantunut. Ei kuvattu.
IA;220010002;Raasepori;Domarg†rd I;KM;21634;1615;6663430;3312339;25;Clay artefacts;Savikiekko;FALSE;FALSE;FALSE;FALSE;FALSE;FALSE;FALSE;FALSE;FALSE;TRUE;FALSE;FALSE;FALSE;FALSE;FALSE;TRUE;1;TRUE;129;119;98;;;;Paloista liimattu, hieman pallomainen ja paksu, tosi kovassa kuumuudessa ollut, kuonaantunut t„ysin molemmin puolin, mutta vain kiekon toiselta puoliskolta.
IA;220010002;Raasepori;Domarg†rd I;KM;21634;1361;6663430;3312339;25;Clay artefacts;Savikiekko;FALSE;FALSE;FALSE;FALSE;FALSE;FALSE;FALSE;FALSE;FALSE;TRUE;FALSE;FALSE;FALSE;FALSE;FALSE;TRUE;1;FALSE;;;;;;;1 kpl fragment.
IA;220010002;Raasepori;Domarg†rd I;KM;21634;1971;6663430;3312339;25;Clay artefacts;Savikiekko;FALSE;FALSE;FALSE;FALSE;FALSE;FALSE;FALSE;FALSE;FALSE;TRUE;FALSE;FALSE;FALSE;FALSE;FALSE;TRUE;1;FALSE;;;;;;;1 kpl fragment.
IA;220010002;Raasepori;Domarg†rd I;KM;21634;1635;6663430;3312339;25;Clay artefacts;Savikiekko;FALSE;FALSE;FALSE;FALSE;FALSE;FALSE;FALSE;FALSE;FALSE;TRUE;FALSE;FALSE;FALSE;FALSE;FALSE;TRUE;1;FALSE;;;;;;;19 kpl fragmentaarisia, yksi kuonaantunut. Ei kuvattu.
IA;220010002;Raasepori;Domarg†rd I;KM;22442;72;6663430;3312339;25;Clay artefacts;Savikiekko;FALSE;FALSE;FALSE;FALSE;FALSE;FALSE;FALSE;FALSE;FALSE;TRUE;FALSE;FALSE;FALSE;FALSE;FALSE;FALSE;1;FALSE;;;;;;;Fragmentti, ei kuvaa koska oli niin ep„selv„ (my”hempi huomio)
IA;220010002;Raasepori;Domarg†rd I;KM;21917;146;6663430;3312339;25;Clay artefacts;Savikiekko;FALSE;FALSE;FALSE;FALSE;FALSE;FALSE;FALSE;FALSE;FALSE;TRUE;TRUE;FALSE;FALSE;FALSE;FALSE;TRUE;1;FALSE;;;;;;;Fragmentti, pallomainen
IA;220010002;Raasepori;Domarg†rd I;KM;21917;145;6663430;3312339;25;Clay artefacts;Savikiekko;FALSE;FALSE;FALSE;FALSE;FALSE;FALSE;FALSE;FALSE;FALSE;TRUE;TRUE;FALSE;FALSE;FALSE;FALSE;TRUE;1;FALSE;;;;;;;Fragmentti, rei„n ymp„rill„ leve„ painanne.
IA;220010002;Raasepori;Domarg†rd I;KM;21917;89;6663430;3312339;25;Clay artefacts;"Muotti; upokas";FALSE;FALSE;FALSE;FALSE;FALSE;FALSE;FALSE;FALSE;FALSE;TRUE;TRUE;FALSE;FALSE;FALSE;FALSE;TRUE;3;FALSE;;;;;;;Kuonaantunut fragmentti putkimaisesta esineest„, melko ohuet sein„t
IA;220010002;Raasepori;Domarg†rd I;KM;21634;1971;6663430;3312339;25;Clay artefacts;Savikiekko;FALSE;FALSE;FALSE;FALSE;FALSE;FALSE;FALSE;FALSE;FALSE;TRUE;FALSE;FALSE;FALSE;FALSE;FALSE;TRUE;1;FALSE;;;;;;;1 kpl fragment.
IA;220010002;Raasepori;Domarg†rd I;KM;21634;1964;6663430;3312339;25;Clay artefacts;Savikiekko;FALSE;FALSE;FALSE;FALSE;FALSE;FALSE;FALSE;FALSE;FALSE;TRUE;FALSE;FALSE;FALSE;FALSE;FALSE;TRUE;1;FALSE;;;;;;;1 kpl fragment.
IA;220010002;Raasepori;Domarg†rd I;KM;21634;1800;6663430;3312339;25;Clay artefacts;Saviesine;FALSE;FALSE;FALSE;FALSE;FALSE;FALSE;FALSE;FALSE;FALSE;TRUE;FALSE;FALSE;FALSE;FALSE;FALSE;TRUE;1;FALSE;;;150;73;;;Valinmuotti tai suulake, pajatoimintaan liittyv„ juttu? Py”re„ putkiosa, jossa rei„n halk. 25 mm, toinen p„„ avoin, toisessa p„„ss„ litte„, lapiomainen osa, joka katkennut.
IA;220010002;Raasepori;Domarg†rd I;KM;21634;1295;6663430;3312339;25;Clay artefacts;Savikiekko;FALSE;FALSE;FALSE;FALSE;FALSE;FALSE;FALSE;FALSE;FALSE;TRUE;FALSE;FALSE;FALSE;FALSE;FALSE;TRUE;1;TRUE;105;;35;;;;Melkein kokonainen, paloista koottu. rei„n halk. 15 mm. Toisella puolella kaski kuopparivi„ ymp„r”i reik„„. Vastakkaisella puolella sormen levyinen painanneura.
IA;220010002;Raasepori;Domarg†rd I;KM;21634;1652;6663430;3312339;25;Clay artefacts;Savikiekko;FALSE;FALSE;FALSE;FALSE;FALSE;FALSE;FALSE;FALSE;FALSE;TRUE;FALSE;FALSE;FALSE;FALSE;FALSE;TRUE;1;FALSE;;;;;;;9 kpl fragmentaarisia, Osa kuvattu.
IA;220010002;Raasepori;Domarg†rd I;KM;21634;26;6663430;3312339;25;Clay artefacts;Savikiekko;FALSE;FALSE;FALSE;FALSE;FALSE;FALSE;FALSE;FALSE;FALSE;TRUE;FALSE;FALSE;FALSE;FALSE;FALSE;TRUE;1;FALSE;;;;;;;1 kpl fragment.
IA;220010002;Raasepori;Domarg†rd I;KM;21634;1615;6663430;3312339;25;Clay artefacts;Savikiekko;FALSE;FALSE;FALSE;FALSE;FALSE;FALSE;FALSE;FALSE;FALSE;TRUE;FALSE;FALSE;FALSE;FALSE;FALSE;TRUE;1;TRUE;129;119;98;;;;Paloista liimattu, hieman pallomainen ja paksu, tosi kovassa kuumuudessa ollut, kuonaantunut t„ysin molemmin puolin, mutta vain kiekon toiselta puoliskolta.
IA;220010002;Raasepori;Domarg†rd I;KM;21634;84;6663430;3312339;25;Clay artefacts;Savikiekko;FALSE;FALSE;FALSE;FALSE;FALSE;FALSE;FALSE;FALSE;FALSE;TRUE;FALSE;FALSE;FALSE;FALSE;FALSE;TRUE;1;FALSE;;;;;;;1 kpl fragment.
IA;220010002;Raasepori;Domarg†rd I;KM;21634;1361;6663430;3312339;25;Clay artefacts;Savikiekko;FALSE;FALSE;FALSE;FALSE;FALSE;FALSE;FALSE;FALSE;FALSE;TRUE;FALSE;FALSE;FALSE;FALSE;FALSE;TRUE;1;FALSE;;;;;;;1 kpl fragment.
IA;220010002;Raasepori;Domarg†rd I;KM;21634;1027;6663430;3312339;25;Clay artefacts;Savikiekko;FALSE;FALSE;FALSE;FALSE;FALSE;FALSE;FALSE;FALSE;FALSE;TRUE;FALSE;FALSE;FALSE;FALSE;FALSE;TRUE;1;FALSE;;;;;;;1 kpl fragment.
IA;220010002;Raasepori;Domarg†rd I;KM;21634;1069;6663430;3312339;25;Clay artefacts;Savikiekko;FALSE;FALSE;FALSE;FALSE;FALSE;FALSE;FALSE;FALSE;FALSE;TRUE;FALSE;FALSE;FALSE;FALSE;FALSE;TRUE;1;FALSE;;;;;;;1 kpl fragment. Kuonaantunut. PALLOMAINEN
IA;220010002;Raasepori;Domarg†rd I;KM;21634;1027;6663430;3312339;25;Clay artefacts;Savikiekko;FALSE;FALSE;FALSE;FALSE;FALSE;FALSE;FALSE;FALSE;FALSE;TRUE;FALSE;FALSE;FALSE;FALSE;FALSE;TRUE;1;FALSE;;;;;;;1 kpl fragment.
IA;220010002;Raasepori;Domarg†rd I;KM;21634;84;6663430;3312339;25;Clay artefacts;Savikiekko;FALSE;FALSE;FALSE;FALSE;FALSE;FALSE;FALSE;FALSE;FALSE;TRUE;FALSE;FALSE;FALSE;FALSE;FALSE;TRUE;1;FALSE;;;;;;;1 kpl fragment.
IA;220010002;Raasepori;Domarg†rd I;KM;21634;1665;6663430;3312339;25;Clay artefacts;Savikiekko;FALSE;FALSE;FALSE;FALSE;FALSE;FALSE;FALSE;FALSE;FALSE;TRUE;FALSE;FALSE;FALSE;FALSE;FALSE;TRUE;1;FALSE;;;;;;;17 kpl fragmentaarisia, Ei kuvattu.
IA;220010002;Raasepori;Domarg†rd I;KM;21634;4;6663430;3312339;25;Clay artefacts;Savikiekko;FALSE;FALSE;FALSE;FALSE;FALSE;FALSE;FALSE;FALSE;FALSE;FALSE;TRUE;FALSE;FALSE;FALSE;FALSE;FALSE;1;FALSE;;;;;;;2 kpl paksusta kiekosta
IA;220010002;Raasepori;Domarg†rd I;KM;22442;34;6663430;3312339;25;Clay artefacts;Savikiekko;FALSE;FALSE;FALSE;FALSE;FALSE;FALSE;FALSE;FALSE;FALSE;TRUE;FALSE;FALSE;FALSE;FALSE;FALSE;FALSE;1;FALSE;;;;;;;Fragmentteja
IA;220010002;Raasepori;Domarg†rd I;KM;21634;1069;6663430;3312339;25;Clay artefacts;Savikiekko;FALSE;FALSE;FALSE;FALSE;FALSE;FALSE;FALSE;FALSE;FALSE;TRUE;FALSE;FALSE;FALSE;FALSE;FALSE;TRUE;1;FALSE;;;;;;;1 kpl fragment. Kuonaantunut. PALLOMAINEN
IA;220010002;Raasepori;Domarg†rd I;KM;21917;68;6663430;3312339;25;Clay artefacts;Savikiekko;FALSE;FALSE;FALSE;FALSE;FALSE;FALSE;FALSE;FALSE;FALSE;TRUE;TRUE;FALSE;FALSE;FALSE;FALSE;TRUE;1;FALSE;;;;;;;Fragmentteja, joissa py”reit„ painanteita koristeluna.
IA;220010002;Raasepori;Domarg†rd I;KM;21634;26;6663430;3312339;25;Clay artefacts;Savikiekko;FALSE;FALSE;FALSE;FALSE;FALSE;FALSE;FALSE;FALSE;FALSE;TRUE;FALSE;FALSE;FALSE;FALSE;FALSE;TRUE;1;FALSE;;;;;;;1 kpl fragment.
IA;220010002;Raasepori;Domarg†rd I;KM;22442;34;6663430;3312339;25;Clay artefacts;Savikiekko;FALSE;FALSE;FALSE;FALSE;FALSE;FALSE;FALSE;FALSE;FALSE;TRUE;FALSE;FALSE;FALSE;FALSE;FALSE;FALSE;1;FALSE;;;;;;;Fragmentteja
IA;220010002;Raasepori;Domarg†rd I;KM;22442;72;6663430;3312339;25;Clay artefacts;Savikiekko;FALSE;FALSE;FALSE;FALSE;FALSE;FALSE;FALSE;FALSE;FALSE;TRUE;FALSE;FALSE;FALSE;FALSE;FALSE;FALSE;1;FALSE;;;;;;;Fragmentti, ei kuvaa koska oli niin ep„selv„ (my”hempi huomio)
IA;220010002;Raasepori;Domarg†rd I;KM;21917;89;6663430;3312339;25;Clay artefacts;"Muotti; upokas";FALSE;FALSE;FALSE;FALSE;FALSE;FALSE;FALSE;FALSE;FALSE;TRUE;TRUE;FALSE;FALSE;FALSE;FALSE;TRUE;3;FALSE;;;;;;;Kuonaantunut fragmentti putkimaisesta esineest„, melko ohuet sein„t
IA;220010002;Raasepori;Domarg†rd I;KM;21917;68;6663430;3312339;25;Clay artefacts;Savikiekko;FALSE;FALSE;FALSE;FALSE;FALSE;FALSE;FALSE;FALSE;FALSE;TRUE;TRUE;FALSE;FALSE;FALSE;FALSE;TRUE;1;FALSE;;;;;;;Fragmentteja, joissa py”reit„ painanteita koristeluna.
IA;220010002;Raasepori;Domarg†rd I;KM;21917;145;6663430;3312339;25;Clay artefacts;Savikiekko;FALSE;FALSE;FALSE;FALSE;FALSE;FALSE;FALSE;FALSE;FALSE;TRUE;TRUE;FALSE;FALSE;FALSE;FALSE;TRUE;1;FALSE;;;;;;;Fragmentti, rei„n ymp„rill„ leve„ painanne.
IA;220010002;Raasepori;Domarg†rd I;KM;21917;146;6663430;3312339;25;Clay artefacts;Savikiekko;FALSE;FALSE;FALSE;FALSE;FALSE;FALSE;FALSE;FALSE;FALSE;TRUE;TRUE;FALSE;FALSE;FALSE;FALSE;TRUE;1;FALSE;;;;;;;Fragmentti, pallomainen
IA;220010002;Raasepori;Domarg†rd I;KM;21634;1800;6663430;3312339;25;Clay artefacts;Saviesine;FALSE;FALSE;FALSE;FALSE;FALSE;FALSE;FALSE;FALSE;FALSE;TRUE;FALSE;FALSE;FALSE;FALSE;FALSE;TRUE;1;FALSE;;;150;73;;;Valinmuotti tai suulake, pajatoimintaan liittyv„ juttu? Py”re„ putkiosa, jossa rei„n halk. 25 mm, toinen p„„ avoin, toisessa p„„ss„ litte„, lapiomainen osa, joka katkennut.
IA;220010002;Raasepori;Domarg†rd I;KM;21634;9;6663430;3312339;25;Clay artefacts;Savikiekko;FALSE;FALSE;FALSE;FALSE;FALSE;FALSE;FALSE;FALSE;FALSE;TRUE;FALSE;FALSE;FALSE;FALSE;FALSE;TRUE;1;FALSE;;;;;;;2 kpl, fragment.
IA;220010032;Raasepori;™sterg†rd;KM;21238;266;6664993;3313872;15;Clay artefacts;Savikiekko;FALSE;FALSE;FALSE;FALSE;FALSE;FALSE;FALSE;FALSE;FALSE;TRUE;TRUE;FALSE;FALSE;FALSE;FALSE;FALSE;1;FALSE;47;31;;;;;Fragmentti
IA;220010032;Raasepori;™sterg†rd;KM;21238;266;6664993;3313872;15;Clay artefacts;Savikiekko;FALSE;FALSE;FALSE;FALSE;FALSE;FALSE;FALSE;FALSE;FALSE;TRUE;TRUE;FALSE;FALSE;FALSE;FALSE;FALSE;1;FALSE;47;31;;;;;Fragmentti
IA;400010150;Laitila;Vainionm„ki;KM;22964;24;6760640;3211195;18;Clay artefacts;Savikiekko;FALSE;FALSE;FALSE;FALSE;TRUE;FALSE;FALSE;FALSE;FALSE;FALSE;TRUE;FALSE;FALSE;FALSE;FALSE;FALSE;1;FALSE;;;;;;;paloja
IA;400010150;Laitila;Vainionm„ki;KM;22964;24;6760640;3211195;18;Clay artefacts;Savikiekko;FALSE;FALSE;FALSE;FALSE;TRUE;FALSE;FALSE;FALSE;FALSE;FALSE;TRUE;FALSE;FALSE;FALSE;FALSE;FALSE;1;FALSE;;;;;;;paloja
IA;418010011;Lemp„„l„;Sarapistonm„ki;KM;22912;76;6807088;3325903;85;Clay artefacts;Savikiekko;FALSE;FALSE;FALSE;FALSE;TRUE;TRUE;FALSE;FALSE;FALSE;FALSE;TRUE;FALSE;FALSE;FALSE;FALSE;FALSE;1;FALSE;;;;;;;Pullea, puolikas (osista liimattu)
IA;418010011;Lemp„„l„;Sarapistonm„ki;KM;22912;76;6807088;3325903;85;Clay artefacts;Savikiekko;FALSE;FALSE;FALSE;FALSE;TRUE;TRUE;FALSE;FALSE;FALSE;FALSE;TRUE;FALSE;FALSE;FALSE;FALSE;FALSE;1;FALSE;;;;;;;Pullea, puolikas (osista liimattu)
IA;491010006;Mikkeli;N„repelto;KM;19158;2;6844160;3518020;90;Clay artefacts;V„rttin„npy”r„;FALSE;FALSE;FALSE;FALSE;FALSE;TRUE;FALSE;FALSE;FALSE;FALSE;FALSE;FALSE;TRUE;FALSE;FALSE;FALSE;1;TRUE;35;20;;;;;Pullea
IA;491010006;Mikkeli;N„repelto;KM;19158;2;6844160;3518020;90;Clay artefacts;V„rttin„npy”r„;FALSE;FALSE;FALSE;FALSE;FALSE;TRUE;FALSE;FALSE;FALSE;FALSE;FALSE;FALSE;TRUE;FALSE;FALSE;FALSE;1;TRUE;35;20;;;;;Pullea
IA;503010005;Myn„m„ki;Franttilannummi - Junttilannummi;KM;24486;29;6739718;3226641;15;Clay artefacts;Savikiekko;FALSE;FALSE;FALSE;FALSE;FALSE;FALSE;FALSE;FALSE;FALSE;FALSE;FALSE;FALSE;FALSE;FALSE;FALSE;FALSE;1;FALSE;;;;;;;Pieni„ fragmentteja 2 kpl
IA;503010005;Myn„m„ki;Franttilannummi - Junttilannummi;KM;24486;29;6739718;3226641;15;Clay artefacts;Savikiekko;FALSE;FALSE;FALSE;FALSE;FALSE;FALSE;FALSE;FALSE;FALSE;FALSE;FALSE;FALSE;FALSE;FALSE;FALSE;FALSE;1;FALSE;;;;;;;Pieni„ fragmentteja 2 kpl
IA;635010007;P„lk„ne;Hylli;KM;14545;332;6808585;3354091;90;Clay artefacts;Savikiekko;FALSE;FALSE;FALSE;FALSE;FALSE;TRUE;FALSE;FALSE;FALSE;TRUE;FALSE;FALSE;FALSE;FALSE;TRUE;FALSE;2;FALSE;;;;;;;Saviesineen katkelma, mahdollisesti koristeltu savikiekko, jossa py”reit„ painanteita
IA;635010007;P„lk„ne;Hylli;KM;14545;269;6808585;3354091;90;Clay artefacts;Valinmuotin katkelma;FALSE;FALSE;FALSE;FALSE;FALSE;TRUE;FALSE;FALSE;FALSE;TRUE;FALSE;FALSE;FALSE;FALSE;TRUE;FALSE;1;FALSE;;;;;;;Fragmentti, jossa sis„ll„ n„kyy kuviota.
IA;635010007;P„lk„ne;Hylli;KM;14545;68;6808585;3354091;90;Clay artefacts;Rautasaostuma;FALSE;FALSE;FALSE;FALSE;FALSE;TRUE;FALSE;FALSE;FALSE;FALSE;FALSE;FALSE;FALSE;FALSE;FALSE;FALSE;;FALSE;;;;;;;"""juurihelmi"", ei hiekkakive„ kuten luettelossa"
IA;635010007;P„lk„ne;Hylli;KM;14545;305;6808585;3354091;90;Clay artefacts;Valinmuotin katkelma;FALSE;FALSE;FALSE;FALSE;FALSE;TRUE;FALSE;FALSE;FALSE;TRUE;FALSE;FALSE;FALSE;FALSE;TRUE;FALSE;1;FALSE;;;;;;;Mahd kupurasoljesta???
IA;635010007;P„lk„ne;Hylli;KM;14545;68;6808585;3354091;90;Clay artefacts;Rautasaostuma;FALSE;FALSE;FALSE;FALSE;FALSE;TRUE;FALSE;FALSE;FALSE;FALSE;FALSE;FALSE;FALSE;FALSE;FALSE;FALSE;;FALSE;;;;;;;"""juurihelmi"""
IA;635010007;P„lk„ne;Hylli;KM;14545;327;6808585;3354091;90;Clay artefacts;J„rvimalmia / saostuma;FALSE;FALSE;FALSE;FALSE;FALSE;TRUE;FALSE;FALSE;FALSE;TRUE;FALSE;FALSE;FALSE;FALSE;TRUE;FALSE;1;TRUE;;;;;;;Pieni j„rvimalmikiekko tai saostuma
IA;635010007;P„lk„ne;Hylli;KM;14545;339;6808585;3354091;90;Clay artefacts;Valinmuotin katkelma;FALSE;FALSE;FALSE;FALSE;FALSE;TRUE;FALSE;FALSE;FALSE;TRUE;FALSE;FALSE;FALSE;FALSE;TRUE;FALSE;2;FALSE;;;;;;;
IA;635010007;P„lk„ne;Hylli;KM;14545;433;6808585;3354091;90;Clay artefacts;Savikiekko;FALSE;FALSE;FALSE;FALSE;FALSE;TRUE;FALSE;FALSE;FALSE;TRUE;FALSE;FALSE;FALSE;FALSE;TRUE;FALSE;1;FALSE;;;;;;;"Pallomainen, Luettelossa: ""Palkeensuun suojus, E.S.:n olettamus."""
IA;635010007;P„lk„ne;Hylli;KM;14545;213;6808585;3354091;90;Clay artefacts;Valinmuotin katkelma;FALSE;FALSE;FALSE;FALSE;FALSE;TRUE;FALSE;FALSE;FALSE;TRUE;FALSE;FALSE;FALSE;FALSE;TRUE;FALSE;1;TRUE;;;;;;;Kupurasoljen valinmuotin katkelma, C-D
IA;635010007;P„lk„ne;Hylli;KM;14545;215;6808585;3354091;90;Clay artefacts;Valinmuotin katkelma;FALSE;FALSE;FALSE;FALSE;FALSE;TRUE;FALSE;FALSE;FALSE;TRUE;FALSE;FALSE;FALSE;FALSE;TRUE;FALSE;1;TRUE;;;;;;;Mahd. rannerenkaan
IA;635010007;P„lk„ne;Hylli;KM;14545;189;6808585;3354091;90;Clay artefacts;Valinmuotin katkelma;FALSE;FALSE;FALSE;FALSE;FALSE;TRUE;FALSE;FALSE;FALSE;TRUE;FALSE;FALSE;FALSE;FALSE;TRUE;FALSE;1;TRUE;;;;;;;
IA;635010007;P„lk„ne;Hylli;KM;14545;191;6808585;3354091;90;Clay artefacts;Valinmuotin katkelma;FALSE;FALSE;FALSE;FALSE;FALSE;TRUE;FALSE;FALSE;FALSE;TRUE;FALSE;FALSE;FALSE;FALSE;TRUE;FALSE;1;TRUE;;;;;;;Kaikki Hyllin muotit melko kevyit„, niiss„ sekoitteena hiekkaa ja koska ovat melko huokoisia, sekoitteena ollut ilmeisesti my”s jotakin orgaanista.
IA;635010007;P„lk„ne;Hylli;KM;14545;306;6808585;3354091;90;Clay artefacts;Valinmuotin katkelma;FALSE;FALSE;FALSE;FALSE;FALSE;TRUE;FALSE;FALSE;FALSE;TRUE;FALSE;FALSE;FALSE;FALSE;TRUE;FALSE;1;TRUE;;;;;;;Hevosenkenk„soljen muotti, tappien kohdat erottuvat. Luettelossa pohdittu olisiko rannerenkaan vai hevosenkenk„soljen muotti.
IA;680010003;Raisio;K„„rmekallio;KM;15399;4;6716986;3235627;20;Clay artefacts;Savikiekon katkelma;FALSE;FALSE;FALSE;FALSE;FALSE;TRUE;FALSE;FALSE;FALSE;TRUE;TRUE;FALSE;FALSE;FALSE;FALSE;FALSE;1;FALSE;;;;66;38;;"kivilaji; hopeasormus, kangaspuiden paino, savitiivistett„"
IA;680010003;Raisio;K„„rmekallio;KM;15399;4;6716986;3235627;20;Clay artefacts;Savikiekon katkelma;FALSE;FALSE;FALSE;FALSE;FALSE;TRUE;FALSE;FALSE;FALSE;TRUE;TRUE;FALSE;FALSE;FALSE;FALSE;FALSE;1;FALSE;;;;66;38;;"kivilaji; hopeasormus, kangaspuiden paino, savitiivistett„"
IA;680010008;Raisio;Tuomala;KM;19000;1121;6718440;3235246;17;Clay artefacts;"Savikiekko; fragmentti";FALSE;FALSE;FALSE;FALSE;FALSE;TRUE;TRUE;FALSE;FALSE;FALSE;TRUE;TRUE;TRUE;FALSE;FALSE;FALSE;1;FALSE;;;;;;;Ruutul”yt”. Koristellun savikiekon fragmentti. Koristeluna nelj„n painanteen muodsotama kuvio, painanteista kolme j„ljell„. Tiivisteen„ luetteloitu kiekon kpl my”s nrolla 2321, se omalla rivill„
IA;680010008;Raisio;Tuomala;KM;19000;10612;6718440;3235246;17;Clay artefacts;Savikiekko;FALSE;FALSE;FALSE;FALSE;FALSE;FALSE;FALSE;FALSE;FALSE;FALSE;TRUE;FALSE;FALSE;FALSE;FALSE;FALSE;1;FALSE;;;;;;;Fragmentteja
IA;680010008;Raisio;Tuomala;KM;19000;2321;6718440;3235246;17;Clay artefacts;"Savikiekko; fragmentti";FALSE;FALSE;FALSE;FALSE;FALSE;TRUE;TRUE;FALSE;FALSE;FALSE;TRUE;TRUE;TRUE;FALSE;FALSE;FALSE;1;FALSE;;;;;;;Fragmentti
IA;680010008;Raisio;Tuomala;KM;19000;11051;6718440;3235246;17;Clay artefacts;Savikiekko;FALSE;FALSE;FALSE;FALSE;FALSE;FALSE;FALSE;FALSE;FALSE;FALSE;TRUE;FALSE;FALSE;FALSE;FALSE;FALSE;1;FALSE;;;;;;;Fragmentteja
IA;680010008;Raisio;Tuomala;KM;19000;11054;6718440;3235246;17;Clay artefacts;Savikiekko;FALSE;FALSE;FALSE;FALSE;FALSE;FALSE;FALSE;FALSE;FALSE;FALSE;TRUE;FALSE;FALSE;FALSE;FALSE;FALSE;1;FALSE;;;;;;;Fragmentteja
IA;680010008;Raisio;Tuomala;KM;19000;11125;6718440;3235246;17;Clay artefacts;Savikiekko;FALSE;FALSE;FALSE;FALSE;FALSE;FALSE;FALSE;FALSE;FALSE;FALSE;TRUE;FALSE;FALSE;FALSE;FALSE;FALSE;1;FALSE;;;;;;;Fragmentteja
IA;680010008;Raisio;Tuomala;KM;19000;10666;6718440;3235246;17;Clay artefacts;Savikiekko;FALSE;FALSE;FALSE;FALSE;FALSE;FALSE;FALSE;FALSE;FALSE;FALSE;TRUE;FALSE;FALSE;FALSE;FALSE;FALSE;1;FALSE;;;;;;;Fragmentti
IA;680010008;Raisio;Tuomala;KM;19000;10661;6718440;3235246;17;Clay artefacts;Savikiekko;FALSE;FALSE;FALSE;FALSE;FALSE;FALSE;FALSE;FALSE;FALSE;FALSE;TRUE;FALSE;FALSE;FALSE;FALSE;FALSE;1;FALSE;;;;;;;Fragmentti
IA;680010008;Raisio;Tuomala;KM;19000;10597;6718440;3235246;17;Clay artefacts;Savikiekko;FALSE;FALSE;FALSE;FALSE;FALSE;FALSE;FALSE;FALSE;FALSE;FALSE;TRUE;FALSE;FALSE;FALSE;FALSE;FALSE;1;FALSE;;;;;;;Fragmentteja
IA;680010008;Raisio;Tuomala;KM;19000;10631;6718440;3235246;17;Clay artefacts;Savikiekko;FALSE;FALSE;FALSE;FALSE;FALSE;FALSE;FALSE;FALSE;FALSE;FALSE;TRUE;FALSE;FALSE;FALSE;FALSE;FALSE;1;FALSE;;;;;;;Pieni„ fragm. Ei kuvattu. Sama juttu palan 10649 kanssa.
IA;680010008;Raisio;Tuomala;KM;19000;9285;6718440;3235246;17;Clay artefacts;Saviesineen katkelma;FALSE;FALSE;FALSE;FALSE;FALSE;FALSE;FALSE;FALSE;FALSE;FALSE;TRUE;FALSE;FALSE;FALSE;FALSE;FALSE;1;FALSE;;;;;;;Pieni, kummallinen, ei reik„„ joten ei helmi
IA;680010008;Raisio;Tuomala;KM;19000;10600;6718440;3235246;17;Clay artefacts;Savikiekko;FALSE;FALSE;FALSE;FALSE;FALSE;FALSE;FALSE;FALSE;FALSE;FALSE;TRUE;FALSE;FALSE;FALSE;FALSE;FALSE;1;FALSE;;;;;;;Fragmentteja
IA;680010008;Raisio;Tuomala;KM;19000;10603;6718440;3235246;17;Clay artefacts;Savikiekko;FALSE;FALSE;FALSE;FALSE;FALSE;FALSE;FALSE;FALSE;FALSE;FALSE;TRUE;FALSE;FALSE;FALSE;FALSE;FALSE;1;FALSE;;;;;;;Fragmentti
IA;680010008;Raisio;Tuomala;KM;19000;10598;6718440;3235246;17;Clay artefacts;Savikiekko;FALSE;FALSE;FALSE;FALSE;FALSE;FALSE;FALSE;FALSE;FALSE;FALSE;TRUE;FALSE;FALSE;FALSE;FALSE;FALSE;1;FALSE;;;;;;;Savenpalojen joukossa ainakin yksi fragmentti savikiekosta
IA;680010008;Raisio;Tuomala;KM;19000;10603;6718440;3235246;17;Clay artefacts;Savikiekko;FALSE;FALSE;FALSE;FALSE;FALSE;FALSE;FALSE;FALSE;FALSE;FALSE;TRUE;FALSE;FALSE;FALSE;FALSE;FALSE;1;FALSE;;;;;;;Fragmentteja
IA;680010008;Raisio;Tuomala;KM;19000;10597;6718440;3235246;17;Clay artefacts;Savikiekko;FALSE;FALSE;FALSE;FALSE;FALSE;FALSE;FALSE;FALSE;FALSE;FALSE;TRUE;FALSE;FALSE;FALSE;FALSE;FALSE;1;FALSE;;;;;;;Fragmentteja
IA;680010008;Raisio;Tuomala;KM;19000;10064;6718440;3235246;17;Clay artefacts;Savikiekko;FALSE;FALSE;FALSE;FALSE;FALSE;FALSE;FALSE;FALSE;FALSE;FALSE;TRUE;FALSE;FALSE;FALSE;FALSE;FALSE;1;FALSE;;;;;;;Ainakin kolme savikiekon katkelmaa tiivisteeksi luetteloitujen savenpalojen joukossa. Yksi paloista iso.
IA;680010008;Raisio;Tuomala;KM;19000;10633;6718440;3235246;17;Clay artefacts;Savikiekko;FALSE;FALSE;FALSE;FALSE;FALSE;FALSE;FALSE;FALSE;FALSE;FALSE;TRUE;FALSE;FALSE;FALSE;FALSE;FALSE;1;FALSE;;;;;;;Fragmentteja 3 kpl.
IA;680010008;Raisio;Tuomala;KM;19000;10600;6718440;3235246;17;Clay artefacts;Savikiekko;FALSE;FALSE;FALSE;FALSE;FALSE;FALSE;FALSE;FALSE;FALSE;FALSE;TRUE;FALSE;FALSE;FALSE;FALSE;FALSE;1;FALSE;;;;;;;Fragmentteja
IA;680010008;Raisio;Tuomala;KM;19000;10631;6718440;3235246;17;Clay artefacts;Savikiekko;FALSE;FALSE;FALSE;FALSE;FALSE;FALSE;FALSE;FALSE;FALSE;FALSE;TRUE;FALSE;FALSE;FALSE;FALSE;FALSE;1;FALSE;;;;;;;Pieni„ fragm. Ei kuvattu. Sama juttu palan 10649 kanssa.
IA;680010008;Raisio;Tuomala;KM;19000;11054;6718440;3235246;17;Clay artefacts;Savikiekko;FALSE;FALSE;FALSE;FALSE;FALSE;FALSE;FALSE;FALSE;FALSE;FALSE;TRUE;FALSE;FALSE;FALSE;FALSE;FALSE;1;FALSE;;;;;;;Fragmentteja
IA;680010008;Raisio;Tuomala;KM;19000;10633;6718440;3235246;17;Clay artefacts;Savikiekko;FALSE;FALSE;FALSE;FALSE;FALSE;FALSE;FALSE;FALSE;FALSE;FALSE;TRUE;FALSE;FALSE;FALSE;FALSE;FALSE;1;FALSE;;;;;;;Fragmentteja 3 kpl.
IA;680010008;Raisio;Tuomala;KM;19000;10612;6718440;3235246;17;Clay artefacts;Savikiekko;FALSE;FALSE;FALSE;FALSE;FALSE;FALSE;FALSE;FALSE;FALSE;FALSE;TRUE;FALSE;FALSE;FALSE;FALSE;FALSE;1;FALSE;;;;;;;Fragmentteja
IA;680010008;Raisio;Tuomala;KM;19000;9285;6718440;3235246;17;Clay artefacts;Saviesineen katkelma;FALSE;FALSE;FALSE;FALSE;FALSE;FALSE;FALSE;FALSE;FALSE;FALSE;TRUE;FALSE;FALSE;FALSE;FALSE;FALSE;1;FALSE;;;;;;;Pieni, kummallinen, ei reik„„ joten ei helmi
IA;680010008;Raisio;Tuomala;KM;19000;11125;6718440;3235246;17;Clay artefacts;Savikiekko;FALSE;FALSE;FALSE;FALSE;FALSE;FALSE;FALSE;FALSE;FALSE;FALSE;TRUE;FALSE;FALSE;FALSE;FALSE;FALSE;1;FALSE;;;;;;;Fragmentteja
IA;680010008;Raisio;Tuomala;KM;19000;1121;6718440;3235246;17;Clay artefacts;"Savikiekko; fragmentti";FALSE;FALSE;FALSE;FALSE;FALSE;TRUE;TRUE;FALSE;FALSE;FALSE;TRUE;TRUE;TRUE;FALSE;FALSE;FALSE;1;FALSE;;;;;;;Ruutul”yt”. Koristellun savikiekon fragmentti. Koristeluna nelj„n painanteen muodsotama kuvio, painanteista kolme j„ljell„. Tiivisteen„ luetteloitu kiekon kpl my”s nrolla 2321, se omalla rivill„
IA;680010008;Raisio;Tuomala;KM;19000;10666;6718440;3235246;17;Clay artefacts;Savikiekko;FALSE;FALSE;FALSE;FALSE;FALSE;FALSE;FALSE;FALSE;FALSE;FALSE;TRUE;FALSE;FALSE;FALSE;FALSE;FALSE;1;FALSE;;;;;;;Fragmentti
IA;680010008;Raisio;Tuomala;KM;19000;10603;6718440;3235246;17;Clay artefacts;Savikiekko;FALSE;FALSE;FALSE;FALSE;FALSE;FALSE;FALSE;FALSE;FALSE;FALSE;TRUE;FALSE;FALSE;FALSE;FALSE;FALSE;1;FALSE;;;;;;;Fragmentteja
IA;680010008;Raisio;Tuomala;KM;19000;10661;6718440;3235246;17;Clay artefacts;Savikiekko;FALSE;FALSE;FALSE;FALSE;FALSE;FALSE;FALSE;FALSE;FALSE;FALSE;TRUE;FALSE;FALSE;FALSE;FALSE;FALSE;1;FALSE;;;;;;;Fragmentti
IA;680010008;Raisio;Tuomala;KM;19000;10064;6718440;3235246;17;Clay artefacts;Savikiekko;FALSE;FALSE;FALSE;FALSE;FALSE;FALSE;FALSE;FALSE;FALSE;FALSE;TRUE;FALSE;FALSE;FALSE;FALSE;FALSE;1;FALSE;;;;;;;Ainakin kolme savikiekon katkelmaa tiivisteeksi luetteloitujen savenpalojen joukossa. Yksi paloista iso.
IA;680010008;Raisio;Tuomala;KM;19000;1079;6718440;3235246;17;Clay artefacts;"Savikiekko; fragmentti";FALSE;FALSE;FALSE;FALSE;FALSE;TRUE;TRUE;FALSE;FALSE;FALSE;TRUE;TRUE;TRUE;FALSE;FALSE;FALSE;2;FALSE;;;;;;;Savenpalojen joukossa todenn„k”isesti savikiekon katkelma.
IA;680010008;Raisio;Tuomala;KM;19000;10598;6718440;3235246;17;Clay artefacts;Savikiekko;FALSE;FALSE;FALSE;FALSE;FALSE;FALSE;FALSE;FALSE;FALSE;FALSE;TRUE;FALSE;FALSE;FALSE;FALSE;FALSE;1;FALSE;;;;;;;Savenpalojen joukossa ainakin yksi fragmentti savikiekosta
IA;680010008;Raisio;Tuomala;KM;19000;2321;6718440;3235246;17;Clay artefacts;"Savikiekko; fragmentti";FALSE;FALSE;FALSE;FALSE;FALSE;TRUE;TRUE;FALSE;FALSE;FALSE;TRUE;TRUE;TRUE;FALSE;FALSE;FALSE;1;FALSE;;;;;;;Fragmentti
IA;680010008;Raisio;Tuomala;KM;19000;10603;6718440;3235246;17;Clay artefacts;Savikiekko;FALSE;FALSE;FALSE;FALSE;FALSE;FALSE;FALSE;FALSE;FALSE;FALSE;TRUE;FALSE;FALSE;FALSE;FALSE;FALSE;1;FALSE;;;;;;;Fragmentti
IA;680010008;Raisio;Tuomala;KM;19000;1079;6718440;3235246;17;Clay artefacts;"Savikiekko; fragmentti";FALSE;FALSE;FALSE;FALSE;FALSE;TRUE;TRUE;FALSE;FALSE;FALSE;TRUE;TRUE;TRUE;FALSE;FALSE;FALSE;2;FALSE;;;;;;;Savenpalojen joukossa todenn„k”isesti savikiekon katkelma.
IA;680010008;Raisio;Tuomala;KM;19000;11051;6718440;3235246;17;Clay artefacts;Savikiekko;FALSE;FALSE;FALSE;FALSE;FALSE;FALSE;FALSE;FALSE;FALSE;FALSE;TRUE;FALSE;FALSE;FALSE;FALSE;FALSE;1;FALSE;;;;;;;Fragmentteja
IA;734010033;Salo;Vanutehtaanm„ki (1-4);KM;20081;66;6705195;3287208;21;Clay artefacts;"Savikiekko; pallomainen";FALSE;FALSE;FALSE;FALSE;FALSE;FALSE;FALSE;FALSE;FALSE;TRUE;TRUE;FALSE;FALSE;FALSE;TRUE;FALSE;1;TRUE;;;;;;;Kangaspuun paino, pallomainen
IA;734010033;Salo;Vanutehtaanm„ki (1-4);KM;20081;66;6705195;3287208;21;Clay artefacts;"Savikiekko; pallomainen";FALSE;FALSE;FALSE;FALSE;FALSE;FALSE;FALSE;FALSE;FALSE;TRUE;TRUE;FALSE;FALSE;FALSE;TRUE;FALSE;1;TRUE;;;;;;;Kangaspuun paino, pallomainen
IA;777010027;Suomussalmi;Kellolaisten Tuli;KM;14505;5;7237822;3614945;199;Clay artefacts;Savikiekko;FALSE;FALSE;FALSE;FALSE;FALSE;FALSE;FALSE;FALSE;FALSE;FALSE;FALSE;FALSE;FALSE;FALSE;FALSE;FALSE;1;FALSE;;;;;;;palanut
IA;781010049;Sysm„;Siivolanpelto;KM;17378;13;6823880;3440670;87;Clay artefacts;"Savikiekko; katkelma";FALSE;FALSE;FALSE;FALSE;TRUE;TRUE;FALSE;FALSE;FALSE;FALSE;TRUE;FALSE;FALSE;FALSE;FALSE;FALSE;1;FALSE;;;;;;;
IA;781010049;Sysm„;Siivolanpelto;KM;17378;13;6823880;3440670;87;Clay artefacts;"Savikiekko; katkelma";FALSE;FALSE;FALSE;FALSE;TRUE;TRUE;FALSE;FALSE;FALSE;FALSE;TRUE;FALSE;FALSE;FALSE;FALSE;FALSE;1;FALSE;;;;;;;
IA;82010008;Hattula;Yli-Moijala;KM;14107;7;6774375;3353772;87;Clay artefacts;Savikiekko;FALSE;FALSE;FALSE;FALSE;FALSE;FALSE;FALSE;FALSE;FALSE;FALSE;TRUE;FALSE;FALSE;FALSE;FALSE;FALSE;2;FALSE;;;;;;;Kaksi palaa hyvin todenn„k”isesti savikiekosta, toisessa kaareutuva pinta.
IA;82010036;Hattula;Myllym„ki;KM;19704;724;6788235;3356340;82,5;Clay artefacts;Savikiekko;FALSE;FALSE;FALSE;FALSE;TRUE;TRUE;TRUE;FALSE;FALSE;TRUE;TRUE;FALSE;FALSE;FALSE;FALSE;FALSE;1;FALSE;;;;;;;Katkelmallinen
IA;82010036;Hattula;Myllym„ki;KM;19704;187;6788235;3356340;82,5;Clay artefacts;Savikuula;FALSE;FALSE;FALSE;FALSE;FALSE;FALSE;FALSE;FALSE;FALSE;TRUE;TRUE;FALSE;FALSE;FALSE;FALSE;FALSE;2;FALSE;;;;27;15;;Onko ollut kokonainen pallo vai onko puolipallo? Pelinappula? Ritsan kuula? Lelu?
IA;82010036;Hattula;Myllym„ki;KM;19704;221;6788235;3356340;82,5;Clay artefacts;Savikiekko;FALSE;FALSE;FALSE;FALSE;TRUE;TRUE;TRUE;FALSE;FALSE;TRUE;TRUE;FALSE;FALSE;FALSE;FALSE;FALSE;1;FALSE;;;;;;;Kaksi fragmenttia
IA;82010036;Hattula;Myllym„ki;KM;19704;500;6788235;3356340;82,5;Clay artefacts;Savikiekko;FALSE;FALSE;FALSE;FALSE;TRUE;TRUE;TRUE;FALSE;FALSE;TRUE;TRUE;FALSE;FALSE;FALSE;FALSE;FALSE;1;FALSE;;;;;;;Kolme fragmenttia
IA;82010036;Hattula;Myllym„ki;KM;19704;187;6788235;3356340;82,5;Clay artefacts;Savikuula;FALSE;FALSE;FALSE;FALSE;FALSE;FALSE;FALSE;FALSE;FALSE;TRUE;TRUE;FALSE;FALSE;FALSE;FALSE;FALSE;2;FALSE;;;;27;15;;Onko ollut kokonainen pallo vai onko puolipallo? Pelinappula? Ritsan kuula? Lelu?
IA;82010036;Hattula;Myllym„ki;KM;19133;33;6788235;3356340;82,5;Clay artefacts;Upokas;FALSE;FALSE;FALSE;FALSE;FALSE;TRUE;FALSE;FALSE;FALSE;TRUE;TRUE;FALSE;FALSE;FALSE;FALSE;FALSE;2;TRUE;58;51;26;;;;Sintraantunut, palanut kovassa l„mp”tilassa
IA;82010036;Hattula;Myllym„ki;KM;19704;490;6788235;3356340;82,5;Clay artefacts;Savikiekko;FALSE;FALSE;FALSE;FALSE;TRUE;TRUE;TRUE;FALSE;FALSE;TRUE;TRUE;FALSE;FALSE;FALSE;FALSE;FALSE;1;FALSE;;;;90;69;28;Katkelmallinen
IA;82010036;Hattula;Myllym„ki;KM;19872;331;6788235;3356340;82,5;Clay artefacts;Savikiekko;FALSE;FALSE;FALSE;FALSE;FALSE;FALSE;FALSE;FALSE;FALSE;TRUE;TRUE;FALSE;FALSE;FALSE;TRUE;FALSE;1;TRUE;96;60;22;;;;kuutiokivi„, luuesineen katkelmia
IA;82010036;Hattula;Myllym„ki;KM;19872;331;6788235;3356340;82,5;Clay artefacts;Savikiekko;FALSE;FALSE;FALSE;FALSE;FALSE;FALSE;FALSE;FALSE;FALSE;TRUE;TRUE;FALSE;FALSE;FALSE;TRUE;FALSE;1;TRUE;96;60;22;;;;kuutiokivi„, luuesineen katkelmia
IA;82010036;Hattula;Myllym„ki;KM;19704;808;6788235;3356340;82,5;Clay artefacts;"Saviesine; palkeisiin liittyv„?";FALSE;FALSE;FALSE;FALSE;FALSE;FALSE;FALSE;FALSE;FALSE;TRUE;TRUE;FALSE;FALSE;FALSE;FALSE;FALSE;3;FALSE;;;;;;;Putkimainen saviesineen katkelma.
IA;82010036;Hattula;Myllym„ki;KM;19704;499;6788235;3356340;82,5;Clay artefacts;Savikiekko;FALSE;FALSE;FALSE;FALSE;TRUE;TRUE;TRUE;FALSE;FALSE;TRUE;TRUE;FALSE;FALSE;FALSE;FALSE;FALSE;1;FALSE;;;;;;;Katkelmallinen
IA;82010036;Hattula;Myllym„ki;KM;19704;222;6788235;3356340;82,5;Clay artefacts;"Savikiekko; koristeltu";FALSE;FALSE;FALSE;FALSE;TRUE;TRUE;TRUE;FALSE;FALSE;TRUE;TRUE;FALSE;FALSE;FALSE;FALSE;FALSE;1;FALSE;;;;37;28;19;Ei n„hty, lapun mukaan H„meen n„yttelyss„. Luettelon kuvan mukaan py”r”ristipainanne, kuten Tursian l”yd”iss„kin.
IA;82010036;Hattula;Myllym„ki;KM;19704;499;6788235;3356340;82,5;Clay artefacts;Savikiekko;FALSE;FALSE;FALSE;FALSE;TRUE;TRUE;TRUE;FALSE;FALSE;TRUE;TRUE;FALSE;FALSE;FALSE;FALSE;FALSE;1;FALSE;;;;;;;Katkelmallinen
IA;82010036;Hattula;Myllym„ki;KM;19133;34;6788235;3356340;82,5;Clay artefacts;Upokas;FALSE;FALSE;FALSE;FALSE;FALSE;FALSE;FALSE;FALSE;FALSE;TRUE;TRUE;FALSE;FALSE;FALSE;FALSE;FALSE;2;FALSE;;;;;;;Fragmentteja 7 kpl
IA;82010036;Hattula;Myllym„ki;KM;19704;220;6788235;3356340;82,5;Clay artefacts;Savikiekko;FALSE;FALSE;FALSE;FALSE;TRUE;TRUE;TRUE;FALSE;FALSE;TRUE;TRUE;FALSE;FALSE;FALSE;FALSE;FALSE;1;FALSE;;;;71;54;22;Liimattu yhteen
IA;82010036;Hattula;Myllym„ki;KM;19704;808;6788235;3356340;82,5;Clay artefacts;"Saviesine; palkeisiin liittyv„?";FALSE;FALSE;FALSE;FALSE;FALSE;FALSE;FALSE;FALSE;FALSE;TRUE;TRUE;FALSE;FALSE;FALSE;FALSE;FALSE;3;FALSE;;;;;;;Putkimainen saviesineen katkelma.
IA;82010036;Hattula;Myllym„ki;KM;19704;221;6788235;3356340;82,5;Clay artefacts;Savikiekko;FALSE;FALSE;FALSE;FALSE;TRUE;TRUE;TRUE;FALSE;FALSE;TRUE;TRUE;FALSE;FALSE;FALSE;FALSE;FALSE;1;FALSE;;;;;;;Kaksi fragmenttia
IA;82010036;Hattula;Myllym„ki;KM;19704;724;6788235;3356340;82,5;Clay artefacts;Savikiekko;FALSE;FALSE;FALSE;FALSE;TRUE;TRUE;TRUE;FALSE;FALSE;TRUE;TRUE;FALSE;FALSE;FALSE;FALSE;FALSE;1;FALSE;;;;;;;Katkelmallinen
IA;82010036;Hattula;Myllym„ki;KM;19704;220;6788235;3356340;82,5;Clay artefacts;Savikiekko;FALSE;FALSE;FALSE;FALSE;TRUE;TRUE;TRUE;FALSE;FALSE;TRUE;TRUE;FALSE;FALSE;FALSE;FALSE;FALSE;1;FALSE;;;;71;54;22;Liimattu yhteen
IA;82010036;Hattula;Myllym„ki;KM;19704;490;6788235;3356340;82,5;Clay artefacts;Savikiekko;FALSE;FALSE;FALSE;FALSE;TRUE;TRUE;TRUE;FALSE;FALSE;TRUE;TRUE;FALSE;FALSE;FALSE;FALSE;FALSE;1;FALSE;;;;90;69;28;Katkelmallinen
IA;82010036;Hattula;Myllym„ki;KM;19704;222;6788235;3356340;82,5;Clay artefacts;"Savikiekko; koristeltu";FALSE;FALSE;FALSE;FALSE;TRUE;TRUE;TRUE;FALSE;FALSE;TRUE;TRUE;FALSE;FALSE;FALSE;FALSE;FALSE;1;FALSE;;;;37;28;19;Ei n„hty, lapun mukaan H„meen n„yttelyss„. Luettelon kuvan mukaan py”r”ristipainanne, kuten Tursian l”yd”iss„kin.
IA;82010036;Hattula;Myllym„ki;KM;19133;33;6788235;3356340;82,5;Clay artefacts;Upokas;FALSE;FALSE;FALSE;FALSE;FALSE;TRUE;FALSE;FALSE;FALSE;TRUE;TRUE;FALSE;FALSE;FALSE;FALSE;FALSE;2;TRUE;58;51;26;;;;Sintraantunut, palanut kovassa l„mp”tilassa
IA;82010036;Hattula;Myllym„ki;KM;19133;34;6788235;3356340;82,5;Clay artefacts;Upokas;FALSE;FALSE;FALSE;FALSE;FALSE;FALSE;FALSE;FALSE;FALSE;TRUE;TRUE;FALSE;FALSE;FALSE;FALSE;FALSE;2;FALSE;;;;;;;Fragmentteja 7 kpl
IA;82010036;Hattula;Myllym„ki;KM;6503;18;6788235;3356340;82,5;Clay artefacts;"Savikiekko; palkeiden suuosa; palkeensuutin";FALSE;FALSE;FALSE;FALSE;FALSE;FALSE;FALSE;FALSE;FALSE;FALSE;FALSE;FALSE;TRUE;FALSE;FALSE;FALSE;3;TRUE;;127;46;;;;Puuttuu. P„„luettelon mukaan toinen puoli kuonaantunut.
IA;82010036;Hattula;Myllym„ki;KM;19704;500;6788235;3356340;82,5;Clay artefacts;Savikiekko;FALSE;FALSE;FALSE;FALSE;TRUE;TRUE;TRUE;FALSE;FALSE;TRUE;TRUE;FALSE;FALSE;FALSE;FALSE;FALSE;1;FALSE;;;;;;;Kolme fragmenttia
IA;82010036;Hattula;Myllym„ki;KM;6503;19;6788235;3356340;82,5;Clay artefacts;"Savikiekko; palkeiden suuosa; palkeensuutin";FALSE;FALSE;FALSE;FALSE;FALSE;FALSE;FALSE;FALSE;FALSE;FALSE;FALSE;FALSE;TRUE;FALSE;FALSE;FALSE;3;FALSE;;;;;112;40;Savikiekko, joka on osin kuonaantunut.V„ri osin punainen, osin tummanharmaa. Mahdollisesti palkeiden suutin.
IA;82010042;Hattula;Kiettara-Peltoitu;KM;23629;1;6787659;3356023;83;Clay artefacts;Upokas;FALSE;FALSE;FALSE;FALSE;TRUE;TRUE;FALSE;FALSE;FALSE;FALSE;FALSE;FALSE;FALSE;FALSE;TRUE;FALSE;2;FALSE;;;;;;;Mahdollisesti tai todenn„k”isesti upokkaasta, kupera, sekoitetta on hiekkaa ja kvartsimurua. L”yt„misen j„lkeen rikkoutunut kolmeen osaan ja liimattu kasaan.
IA;82010042;Hattula;Kiettara-Peltoitu;KM;23629;1;6787659;3356023;83;Clay artefacts;Upokas;FALSE;FALSE;FALSE;FALSE;TRUE;TRUE;FALSE;FALSE;FALSE;FALSE;FALSE;FALSE;FALSE;FALSE;TRUE;FALSE;2;FALSE;;;;;;;Mahdollisesti tai todenn„k”isesti upokkaasta, kupera, sekoitetta on hiekkaa ja kvartsimurua. L”yt„misen j„lkeen rikkoutunut kolmeen osaan ja liimattu kasaan.
IA;83010004;H„meenlinna;Kalom„ki 2;KM;18468;2370;6792971;3359632;94;Clay artefacts;Savikiekko;FALSE;FALSE;FALSE;FALSE;FALSE;TRUE;FALSE;FALSE;FALSE;FALSE;TRUE;FALSE;FALSE;FALSE;FALSE;FALSE;1;FALSE;;;;86;50;;puolikas
IA;83010004;H„meenlinna;Kalom„ki 2;KM;18468;2370;6792971;3359632;94;Clay artefacts;Savikiekko;FALSE;FALSE;FALSE;FALSE;FALSE;TRUE;FALSE;FALSE;FALSE;FALSE;TRUE;FALSE;FALSE;FALSE;FALSE;FALSE;1;FALSE;;;;86;50;;puolikas
IA;853010004;Turku;Ristim„ki I-II;KM;14472;50;6715057;3243429;20;Clay artefacts;Savikiekko;FALSE;FALSE;FALSE;FALSE;FALSE;FALSE;FALSE;FALSE;FALSE;FALSE;FALSE;FALSE;FALSE;FALSE;FALSE;FALSE;1;FALSE;;;;;;;Katkelma
IA;853010004;Turku;Ristim„ki I-II;KM;6751;16;6715057;3243429;20;Clay artefacts;Savikiekko;FALSE;FALSE;FALSE;FALSE;TRUE;TRUE;FALSE;FALSE;FALSE;FALSE;FALSE;FALSE;FALSE;FALSE;FALSE;FALSE;2;FALSE;;;;;;;Kaksi palaneen saven kappaletta, jotka per„isin todenn„k”isesti savikiekosta, sill„ reik„ keskell„.
IA;853010005;Turku;Kirkkom„ki;KM;22078;52;6715213;3241394;13;Clay artefacts;Savikiekko;FALSE;FALSE;FALSE;FALSE;FALSE;FALSE;FALSE;FALSE;FALSE;FALSE;FALSE;TRUE;FALSE;FALSE;FALSE;FALSE;0;FALSE;;;;79;57;;Fragmentti
IA;853010005;Turku;Kirkkom„ki;KM;22078;52;6715213;3241394;13;Clay artefacts;Savikiekko;FALSE;FALSE;FALSE;FALSE;FALSE;FALSE;FALSE;FALSE;FALSE;FALSE;FALSE;TRUE;FALSE;FALSE;FALSE;FALSE;0;FALSE;;;;79;57;;Fragmentti
IA;853010016;Turku;Kaerla Mulli;KM;15208;28;6716477;3240756;22;Clay artefacts;Savikiekon kappale;FALSE;FALSE;FALSE;FALSE;FALSE;TRUE;TRUE;TRUE;FALSE;TRUE;FALSE;FALSE;FALSE;FALSE;FALSE;FALSE;1;FALSE;;;;;;;Savikiekon kappaleita
IA;853010016;Turku;Kaerla Mulli;KM;15208;24;6716477;3240756;22;Clay artefacts;Savikiekon kappale;FALSE;FALSE;FALSE;FALSE;FALSE;TRUE;TRUE;TRUE;FALSE;TRUE;FALSE;FALSE;FALSE;FALSE;FALSE;FALSE;1;FALSE;;;;;;;Savikiekon kappaleita
IA;853010016;Turku;Kaerla Mulli;KM;15208;52;6716477;3240756;22;Clay artefacts;Savikiekon kappale;FALSE;FALSE;FALSE;FALSE;FALSE;TRUE;TRUE;TRUE;FALSE;TRUE;FALSE;FALSE;FALSE;FALSE;FALSE;FALSE;1;FALSE;;;;;;;Kappaleita
IA;853010016;Turku;Kaerla Mulli;KM;15208;17;6716477;3240756;22;Clay artefacts;Savikiekon kappale;FALSE;FALSE;FALSE;FALSE;FALSE;TRUE;TRUE;TRUE;FALSE;TRUE;FALSE;FALSE;FALSE;FALSE;FALSE;FALSE;1;FALSE;;;;;;;Savikiekon kappaleita alanroilla 136, 140, 142
IA;853010016;Turku;Kaerla Mulli;KM;15208;27;6716477;3240756;22;Clay artefacts;Savikiekon kappale;FALSE;FALSE;FALSE;FALSE;FALSE;TRUE;TRUE;TRUE;FALSE;TRUE;FALSE;FALSE;FALSE;FALSE;FALSE;FALSE;1;FALSE;;;;;;;Savikiekon kappaleita
IA;853010016;Turku;Kaerla Mulli;KM;15165;3;6716477;3240756;22;Clay artefacts;"Savikiekko; katkelma";FALSE;FALSE;FALSE;FALSE;FALSE;TRUE;FALSE;FALSE;FALSE;FALSE;TRUE;FALSE;FALSE;FALSE;FALSE;FALSE;1;FALSE;;;;55;52;25;Linkit„! Hampaita
IA;853010016;Turku;Kaerla Mulli;KM;15208;25;6716477;3240756;22;Clay artefacts;Savikiekon kappale;FALSE;FALSE;FALSE;FALSE;FALSE;TRUE;TRUE;TRUE;FALSE;TRUE;FALSE;FALSE;FALSE;FALSE;FALSE;FALSE;1;FALSE;;;;;;;Savikiekon kappaleita
IA;853010016;Turku;Kaerla Mulli;KM;15208;28;6716477;3240756;22;Clay artefacts;Savikiekon kappale;FALSE;FALSE;FALSE;FALSE;FALSE;TRUE;TRUE;TRUE;FALSE;TRUE;FALSE;FALSE;FALSE;FALSE;FALSE;FALSE;1;FALSE;;;;;;;Savikiekon kappaleita
IA;853010016;Turku;Kaerla Mulli;KM;15208;52;6716477;3240756;22;Clay artefacts;Savikiekon kappale;FALSE;FALSE;FALSE;FALSE;FALSE;TRUE;TRUE;TRUE;FALSE;TRUE;FALSE;FALSE;FALSE;FALSE;FALSE;FALSE;1;FALSE;;;;;;;Kappaleita
IA;853010016;Turku;Kaerla Mulli;KM;15208;26;6716477;3240756;22;Clay artefacts;Savikiekon kappale;FALSE;FALSE;FALSE;FALSE;FALSE;TRUE;TRUE;TRUE;FALSE;TRUE;FALSE;FALSE;FALSE;FALSE;FALSE;FALSE;1;FALSE;;;;;;;Savikiekon kappaleita
IA;853010016;Turku;Kaerla Mulli;KM;15208;24;6716477;3240756;22;Clay artefacts;Savikiekon kappale;FALSE;FALSE;FALSE;FALSE;FALSE;TRUE;TRUE;TRUE;FALSE;TRUE;FALSE;FALSE;FALSE;FALSE;FALSE;FALSE;1;FALSE;;;;;;;Savikiekon kappaleita
IA;853010016;Turku;Kaerla Mulli;KM;15208;27;6716477;3240756;22;Clay artefacts;Savikiekon kappale;FALSE;FALSE;FALSE;FALSE;FALSE;TRUE;TRUE;TRUE;FALSE;TRUE;FALSE;FALSE;FALSE;FALSE;FALSE;FALSE;1;FALSE;;;;;;;Savikiekon kappaleita
IA;853010016;Turku;Kaerla Mulli;KM;15165;3;6716477;3240756;22;Clay artefacts;"Savikiekko; katkelma";FALSE;FALSE;FALSE;FALSE;FALSE;TRUE;FALSE;FALSE;FALSE;FALSE;TRUE;FALSE;FALSE;FALSE;FALSE;FALSE;1;FALSE;;;;55;52;25;Linkit„! Hampaita
IA;853010016;Turku;Kaerla Mulli;KM;15208;26;6716477;3240756;22;Clay artefacts;Savikiekon kappale;FALSE;FALSE;FALSE;FALSE;FALSE;TRUE;TRUE;TRUE;FALSE;TRUE;FALSE;FALSE;FALSE;FALSE;FALSE;FALSE;1;FALSE;;;;;;;Savikiekon kappaleita
IA;853010016;Turku;Kaerla Mulli;KM;15208;25;6716477;3240756;22;Clay artefacts;Savikiekon kappale;FALSE;FALSE;FALSE;FALSE;FALSE;TRUE;TRUE;TRUE;FALSE;TRUE;FALSE;FALSE;FALSE;FALSE;FALSE;FALSE;1;FALSE;;;;;;;Savikiekon kappaleita
IA;853010016;Turku;Kaerla Mulli;KM;15208;17;6716477;3240756;22;Clay artefacts;Savikiekon kappale;FALSE;FALSE;FALSE;FALSE;FALSE;TRUE;TRUE;TRUE;FALSE;TRUE;FALSE;FALSE;FALSE;FALSE;FALSE;FALSE;1;FALSE;;;;;;;Savikiekon kappaleita alanroilla 136, 140, 142
IA;853010031;Turku;Saram„ki;KM;15396;25;6718584;3243430;25;Clay artefacts;Savikiekon katkelma;FALSE;FALSE;FALSE;FALSE;FALSE;FALSE;FALSE;FALSE;FALSE;FALSE;TRUE;FALSE;FALSE;FALSE;FALSE;FALSE;1;FALSE;;;;;;;"kivilaji; kuonaa, savitiivistett„, messinki„?, hopeaesine, hampaita, luuesine, tuohta"
IA;853010031;Turku;Saram„ki;KM;15396;25;6718584;3243430;25;Clay artefacts;Savikiekon katkelma;FALSE;FALSE;FALSE;FALSE;FALSE;FALSE;FALSE;FALSE;FALSE;FALSE;TRUE;FALSE;FALSE;FALSE;FALSE;FALSE;1;FALSE;;;;;;;"kivilaji; kuonaa, savitiivistett„, messinki„?, hopeaesine, hampaita, luuesine, tuohta"
IA;895010035;Uusikaupunki;Patraistenm„ki (Palppa V);KM;17795;268;6759587;3207154;10;Clay artefacts;Savikiekko;FALSE;FALSE;FALSE;FALSE;TRUE;TRUE;FALSE;FALSE;FALSE;FALSE;FALSE;FALSE;FALSE;FALSE;TRUE;FALSE;1;FALSE;;;;;;;Kappaleita,
IA;895010035;Uusikaupunki;Patraistenm„ki (Palppa V);KM;17795;268;6759587;3207154;10;Clay artefacts;Savikiekko;FALSE;FALSE;FALSE;FALSE;TRUE;TRUE;FALSE;FALSE;FALSE;FALSE;FALSE;FALSE;FALSE;FALSE;TRUE;FALSE;1;FALSE;;;;;;;Kappaleita,
IA;895010035;Uusikaupunki;Patraistenm„ki (Palppa V);KM;17795;34;6759587;3207154;10;Clay artefacts;Upokas;FALSE;FALSE;FALSE;FALSE;TRUE;TRUE;FALSE;FALSE;FALSE;FALSE;FALSE;FALSE;FALSE;FALSE;TRUE;FALSE;3;FALSE;;;;;;;Kappaleita aivan l„pikotaisin kuonaantuneesta pienest„ saviastiasta, jonka suuosa alle 10 cm halkaisijaltaan ja kapenee pohjaa kohti, eli ilmeisesti melko suippo. Voisi olla upokas. Luultavasti samasta viel„ yksi pala nrolla :56
IA;895010035;Uusikaupunki;Patraistenm„ki (Palppa V);KM;17795;277;6759587;3207154;10;Clay artefacts;Savikiekko;FALSE;FALSE;FALSE;FALSE;TRUE;TRUE;FALSE;FALSE;FALSE;FALSE;FALSE;FALSE;FALSE;FALSE;TRUE;FALSE;1;FALSE;;;;;;;Kappaleita
IA;895010035;Uusikaupunki;Patraistenm„ki (Palppa V);KM;17795;2;6759587;3207154;10;Clay artefacts;"Savikiekko; palkeiden suuosa";FALSE;FALSE;FALSE;FALSE;TRUE;TRUE;FALSE;FALSE;FALSE;FALSE;FALSE;FALSE;FALSE;FALSE;TRUE;FALSE;3;FALSE;;;;100;;;Toiselta puolelta hyvin kuonaantunut kappale, muoto hieman ep„m„„r„inen, ei kunnollista reik„„ keskell„. Sopisi kyll„ palkeiden suuosan kappaleeksi.
IA;895010035;Uusikaupunki;Patraistenm„ki (Palppa V);KM;17795;2;6759587;3207154;10;Clay artefacts;"Savikiekko; palkeiden suuosa";FALSE;FALSE;FALSE;FALSE;TRUE;TRUE;FALSE;FALSE;FALSE;FALSE;FALSE;FALSE;FALSE;FALSE;TRUE;FALSE;3;FALSE;;;;100;;;Toiselta puolelta hyvin kuonaantunut kappale, muoto hieman ep„m„„r„inen, ei kunnollista reik„„ keskell„. Sopisi kyll„ palkeiden suuosan kappaleeksi.
IA;895010035;Uusikaupunki;Patraistenm„ki (Palppa V);KM;17795;34;6759587;3207154;10;Clay artefacts;Upokas;FALSE;FALSE;FALSE;FALSE;TRUE;TRUE;FALSE;FALSE;FALSE;FALSE;FALSE;FALSE;FALSE;FALSE;TRUE;FALSE;3;FALSE;;;;;;;Kappaleita aivan l„pikotaisin kuonaantuneesta pienest„ saviastiasta, jonka suuosa alle 10 cm halkaisijaltaan ja kapenee pohjaa kohti, eli ilmeisesti melko suippo. Voisi olla upokas. Luultavasti samasta viel„ yksi pala nrolla :56
IA;895010035;Uusikaupunki;Patraistenm„ki (Palppa V);KM;17795;277;6759587;3207154;10;Clay artefacts;Savikiekko;FALSE;FALSE;FALSE;FALSE;TRUE;TRUE;FALSE;FALSE;FALSE;FALSE;FALSE;FALSE;FALSE;FALSE;TRUE;FALSE;1;FALSE;;;;;;;Kappaleita
IA;944010077;V”yri;L”vbacken;KM;22439;24;7007784;3260707;25;Clay artefacts;Savikiekko;FALSE;FALSE;FALSE;FALSE;TRUE;FALSE;FALSE;FALSE;FALSE;FALSE;TRUE;FALSE;FALSE;FALSE;FALSE;FALSE;1;FALSE;;;;;;;fragmentteja
IA;944010077;V”yri;L”vbacken;KM;22439;30;7007784;3260707;25;Clay artefacts;Savikiekko;FALSE;FALSE;FALSE;FALSE;TRUE;FALSE;FALSE;FALSE;FALSE;FALSE;TRUE;FALSE;FALSE;FALSE;FALSE;FALSE;1;FALSE;;;;;;;fragmentteja
IA;944010077;V”yri;L”vbacken;KM;22439;30;7007784;3260707;25;Clay artefacts;Savikiekko;FALSE;FALSE;FALSE;FALSE;TRUE;FALSE;FALSE;FALSE;FALSE;FALSE;TRUE;FALSE;FALSE;FALSE;FALSE;FALSE;1;FALSE;;;;;;;fragmentteja
IA;944010077;V”yri;L”vbacken;KM;22439;24;7007784;3260707;25;Clay artefacts;Savikiekko;FALSE;FALSE;FALSE;FALSE;TRUE;FALSE;FALSE;FALSE;FALSE;FALSE;TRUE;FALSE;FALSE;FALSE;FALSE;FALSE;1;FALSE;;;;;;;fragmentteja
