Phase;Site id;Municipality;Site name;Collection;Main number;Subnumber;p;i;z;m1;m2;m3;n1;n2;n3;n4;p1;p2;r1;r2;Category;Type;Subtype;Subtype 2;Subtype (Finnish);Certainty;Subtype 2 (Finnish);Integrity;Stone art (Finnish);Length (mm);Width (mm);Thickness (mm);Fragment length (mm);Fragment width (mm);Fragment thickness (mm);Other notes (Finnish)
IA;porvoo 14;Pyht„„;Ahvenkoski;BM;23;;6710116;3471482;;FALSE;FALSE;FALSE;FALSE;FALSE;FALSE;FALSE;FALSE;FALSE;FALSE;TRUE;Stone artefacts;Stone spindle whorl;Spindle whorl;;V„rttin„npy”r„;2;;TRUE;;40;33;;;;;tiedot kortista
IA;porvoo 0;Porvoo;;BM;24;;6698998;3426655;;FALSE;FALSE;FALSE;FALSE;FALSE;FALSE;FALSE;FALSE;FALSE;FALSE;TRUE;Stone artefacts;Stone spindle whorl;Spindle whorl;;V„rttin„npy”r„;2;;FALSE;;32;28;;;;;tiedot kortista
IA;porvoo 41;Porvoo;Kulloo-Nyby;BM;55,9;;6691719;3416751;;FALSE;FALSE;FALSE;FALSE;FALSE;FALSE;FALSE;FALSE;FALSE;TRUE;FALSE;Stone artefacts;Fire-striking stone;Fire-striking stone;;Soikea tuluskivi;1;;TRUE;kvartsiitti;80;48;25;;;;tiedot kortista
IA;porvoo 53;Porvoo;Onas;BM;69,73;;6677703;3420596;;FALSE;FALSE;FALSE;FALSE;FALSE;FALSE;FALSE;FALSE;FALSE;TRUE;FALSE;Stone artefacts;Fire-striking stone;Fire-striking stone;;Soikea tuluskivi;1;;FALSE;kvartsiitti;83;41;29;;;;tiedot kortista
IA;uusi 8396;Ruotsi;;BM;4639;;;;;FALSE;FALSE;FALSE;FALSE;FALSE;FALSE;FALSE;FALSE;FALSE;TRUE;FALSE;Stone artefacts;Fire-striking stone;Fire-striking stone;;Soikea tuluskivi;1;;TRUE;kvartsiitti;;;;;;;
IA;porvoo 0;Porvoo;;BM;4640;;6698998;3426655;;FALSE;FALSE;FALSE;FALSE;FALSE;FALSE;FALSE;FALSE;FALSE;TRUE;FALSE;Stone artefacts;Fire-striking stone;Fire-striking stone;;Soikea tuluskivi;2;;TRUE;harmaa kivilaji;110;57;30;;;;
IA;halikko 0;Salo;Halikko;Hal;1908;;6705094;3283817;;FALSE;FALSE;FALSE;FALSE;FALSE;FALSE;FALSE;FALSE;FALSE;TRUE;FALSE;Stone artefacts;Fire-striking stone;Fire-striking stone;;Soikea tuluskivi;1;;TRUE;hiekkakivi;90;63;45;;;;
IA;1000016686;Kuopio;Taivalharju;KHMESIE;1755;;6981080;3535150;85;FALSE;FALSE;FALSE;FALSE;FALSE;FALSE;FALSE;FALSE;FALSE;TRUE;FALSE;Stone artefacts;Fire-striking stone;Fire-striking stone;;Soikea tuluskivi;1;;TRUE;kvartsiitti;89;50;45;;;;
IA;uusi 8382;tuntematon;;KHMESIE;1973;;;;;FALSE;FALSE;FALSE;FALSE;FALSE;FALSE;FALSE;FALSE;FALSE;TRUE;FALSE;Stone artefacts;Fire-striking stone;Fire-striking stone;;Soikea tuluskivi;1;;TRUE;kvartsiitti;117;41;22;;;;
IA;uusi 8382;tuntematon;;KHMESIE;2011;;;;;FALSE;FALSE;FALSE;FALSE;FALSE;FALSE;FALSE;FALSE;FALSE;FALSE;TRUE;Stone artefacts;Stone spindle whorl;Spindle whorl;;V„rttin„npy”r„;2;;FALSE;vuolukivi;39;37;11;;;;
IA;1000013108;Kuopio;Laaja;KHMESIE;2632;;7005550;3562600;;FALSE;FALSE;FALSE;FALSE;FALSE;FALSE;FALSE;FALSE;FALSE;FALSE;TRUE;Stone artefacts;Stone spindle whorl;Spindle whorl;;V„rttin„npy”r„;3;;TRUE;vuolukivi;54;53;13;;;;Ep„symmetrinen. Toiselle puolelle porattu rei„n viereen pieni, matala kuoppa.
IA;kuopio230;Rautalampi;;KHMESIE;2811;;6946300;3491723;;FALSE;FALSE;FALSE;FALSE;FALSE;FALSE;FALSE;FALSE;FALSE;FALSE;TRUE;Stone artefacts;Stone spindle whorl;Spindle whorl;;V„rttin„npy”r„;2;;TRUE;kiilleliuske;55;52;12;;;;
IA;kuopio118;Pielavesi;Jauhiala;KHMESIE;2865;;7014439;3487886;;FALSE;FALSE;FALSE;FALSE;FALSE;FALSE;FALSE;FALSE;FALSE;FALSE;TRUE;Stone artefacts;Stone spindle whorl;Spindle whorl;;V„rttin„npy”r„;2;;TRUE;kiilleliuske;50;45;13;;;;Ep„symmetrinen ja osin hiomaton.
IA;kuopio29;Kuopio;;KHMESIE;2985;;7011757;3554775;;FALSE;FALSE;FALSE;FALSE;FALSE;FALSE;FALSE;FALSE;FALSE;FALSE;TRUE;Stone artefacts;Stone spindle whorl;Spindle whorl;;V„rttin„npy”r„;2;;TRUE;vuolukivi;42;41;12;;;;Molemmille lappeilel porattu koristeeksi matalia kuopanteita. Rei„n l„pimitta 7 mm.
IA;uusi 8382;tuntematon;;KHMESIE;4331;5;;;;FALSE;FALSE;FALSE;FALSE;FALSE;FALSE;FALSE;FALSE;FALSE;FALSE;TRUE;Stone artefacts;Stone spindle whorl;Spindle whorl;;V„rttin„npy”r„;2;;FALSE;kiilleliuske;50;44;10;;;;"Ep„symmetrinen. ""Toisella lappeella j„lki„ rei„n ympill„ suuremman rei„n poraamisesta (tekele?""."
IA;uusi 8382;tuntematon;;KHMESIE;4333;90;;;;FALSE;FALSE;FALSE;FALSE;FALSE;FALSE;FALSE;FALSE;FALSE;FALSE;TRUE;Stone artefacts;Stone spindle whorl;Spindle whorl;;V„rttin„npy”r„;3;;TRUE;vuolukivi;58;57;13;;;;Rei„n l„pimitta jopa 19 mm. Sen ymp„rilel porattu nelj„ pient„ reik„„ ep„tasaisiin v„lein. Reunassa tehty lovi.
IA;uusi 8382;tuntematon;;KHMESIE;4333;91;;;;FALSE;FALSE;FALSE;FALSE;FALSE;FALSE;FALSE;FALSE;FALSE;FALSE;TRUE;Stone artefacts;Stone spindle whorl;Spindle whorl;;V„rttin„npy”r„;3;;FALSE;vuolukivi;61;60;14;;;;Rei„n l„pimitta 15 mm. Reunoissa tihe„ss„ ep„s„„nn”llisin v„lein tehtyj„ lovia. Yhdelle lappeelle uurrettu rengas rei„n ymp„rille ja lis„ksi V-kirjain sek„ viivoja.
IA;uusi 8382;tuntematon;;KHMESIE;4442;;;;;FALSE;FALSE;FALSE;FALSE;FALSE;FALSE;FALSE;FALSE;FALSE;FALSE;TRUE;Stone artefacts;Stone spindle whorl;Spindle whorl;;V„rttin„npy”r„;1;;TRUE;vuolukivi;49;47;14;;;;Lappeille uurrettu numroita ja kirjaimia.
IA;uusi 8382;tuntematon;;KHMESIE;4476;;;;;FALSE;FALSE;FALSE;FALSE;FALSE;FALSE;FALSE;FALSE;FALSE;FALSE;TRUE;Stone artefacts;Stone spindle whorl;Spindle whorl;;V„rttin„npy”r„;1;;FALSE;;60;57;27;;;;
IA;uusi 8382;tuntematon;;KHMESIE;4679;;;;;FALSE;FALSE;FALSE;FALSE;FALSE;FALSE;FALSE;FALSE;FALSE;FALSE;TRUE;Stone artefacts;Stone spindle whorl;Spindle whorl;;V„rttin„npy”r„;2;;TRUE;vuolukivi;56;51;12;;;;
IA;uusi 8382;tuntematon;;KHMESIE;4706;;;;;FALSE;FALSE;FALSE;FALSE;FALSE;FALSE;FALSE;FALSE;FALSE;FALSE;TRUE;Stone artefacts;Stone spindle whorl;Spindle whorl;;V„rttin„npy”r„;2;;FALSE;vuolukivi;;;;45;39;10;Toisella lappeella auringons„detyyppist„ uurrekoristelua.
IA;1000005035;Rautalampi;Koskeloniemi;KHMESIE;5973;;6964540;3474630;111;FALSE;FALSE;FALSE;FALSE;FALSE;FALSE;FALSE;FALSE;FALSE;FALSE;TRUE;Stone artefacts;Stone spindle whorl;Spindle whorl;;V„rttin„npy”r„;2;;TRUE;kiilleliuske;58;56;7;;;;Rei„n l„pimitta 8 mm.
IA;uusi 8309;Sastamala;Halmesm„ki;Kiik;1071;;6823855;3264567;;FALSE;FALSE;FALSE;FALSE;FALSE;FALSE;FALSE;FALSE;FALSE;TRUE;FALSE;Stone artefacts;Fire-striking stone;Fire-striking stone;;Soikea tuluskivi;1;;TRUE;;70;38;21;;;;n„hty kortti Satakunnan museossa
IA;kuopio134;Kiuruvesi;Paala;KIUR;124;2;7061189;3480677;;FALSE;FALSE;FALSE;FALSE;FALSE;FALSE;FALSE;FALSE;FALSE;TRUE;FALSE;Stone artefacts;Fire-striking stone;Fire-striking stone;;Soikea tuluskivi;1;;TRUE;kvartsiitti;72;50;26;0;0;0;
IA;kuopio134;Kiuruvesi;Paala;KIUR;124;39;7061189;3480677;;FALSE;FALSE;FALSE;FALSE;FALSE;FALSE;FALSE;FALSE;FALSE;FALSE;TRUE;Stone artefacts;Stone spindle whorl;Spindle whorl;;V„rttin„npy”r„;1;;FALSE;kiilleliuske;42;42;10;0;0;0;
IA;kuopio134;Kiuruvesi;Paala;KIUR;124;40;7061189;3480677;;FALSE;FALSE;FALSE;FALSE;FALSE;FALSE;FALSE;FALSE;FALSE;FALSE;TRUE;Stone artefacts;Stone spindle whorl;Spindle whorl;;V„rttin„npy”r„;1;;FALSE;kiillepitoinen kivi;58;55;14;0;0;0;
IA;kuopio134;Kiuruvesi;Paala;KIUR;124;41;7061189;3480677;;FALSE;FALSE;FALSE;FALSE;FALSE;FALSE;FALSE;FALSE;FALSE;FALSE;TRUE;Stone artefacts;Stone spindle whorl;Spindle whorl;;V„rttin„npy”r„;1;;FALSE;?;44;39;15;0;0;0;
IA;kuopio134;Kiuruvesi;Paala;KIUR;124;42;7061189;3480677;;FALSE;FALSE;FALSE;FALSE;FALSE;FALSE;FALSE;FALSE;FALSE;FALSE;TRUE;Stone artefacts;Stone spindle whorl;Spindle whorl;;V„rttin„npy”r„;1;;FALSE;?;0;0;0;47;40;27;
IA;kuopio134;Kiuruvesi;Paala;KIUR;124;43;7061189;3480677;;FALSE;FALSE;FALSE;FALSE;FALSE;FALSE;FALSE;FALSE;FALSE;FALSE;TRUE;Stone artefacts;Stone spindle whorl;Spindle whorl;;V„rttin„npy”r„;1;;FALSE;kiilleliuske;47;45;7;0;0;0;
IA;a450;Ilmajoki;Ala-Fossila (Fossila);KM;1031;;6968544;3274272;;FALSE;FALSE;FALSE;FALSE;FALSE;FALSE;FALSE;FALSE;FALSE;TRUE;FALSE;Stone artefacts;Fire-striking stone;Fire-striking stone;;Soikea tuluskivi;;;TRUE;;;;;;;;puuttuu
IA;a462;J„mij„rvi;J„mij„rvi;KM;1070;;6864558;3273175;;FALSE;FALSE;FALSE;FALSE;FALSE;FALSE;FALSE;FALSE;FALSE;TRUE;FALSE;Stone artefacts;Fire-striking stone;Fire-striking stone;;Soikea tuluskivi;;;TRUE;;100;48;35;;;;
IA;a703;Saltvik;Rangsby;KM;1523;;6704926;3116941;;FALSE;FALSE;FALSE;FALSE;FALSE;FALSE;FALSE;FALSE;FALSE;TRUE;FALSE;Stone artefacts;Fire-striking stone;Fire-striking stone;;Soikea tuluskivi;;;FALSE;;120;34;24;;;;
IA;Karjala 218;R„is„l„;Rautakopra;KM;1922;407;6768371;3649519;;FALSE;FALSE;FALSE;FALSE;FALSE;FALSE;FALSE;FALSE;FALSE;FALSE;TRUE;Stone artefacts;Stone spindle whorl;Spindle whorl;;V„rttin„npy”r„;1;;FALSE;vuolukivi;38;34;13;;;;
IA;uusi 6016;Lapua;Tyni„l„;KM;2038;18;6989175;3297346;;FALSE;FALSE;FALSE;FALSE;FALSE;FALSE;FALSE;FALSE;FALSE;TRUE;FALSE;Stone artefacts;Fire-striking stone;Fire-striking stone;;Soikea tuluskivi;3;;FALSE;hiekkakivi;106;31;13;;;;Mahdollisesti historiallista alkuper„„.
IA;108010028;H„meenkyr”;Lehtiniemi;KM;2047;4;6832238;3300948;65;FALSE;FALSE;FALSE;FALSE;FALSE;FALSE;FALSE;FALSE;FALSE;FALSE;TRUE;Stone artefacts;Stone spindle whorl;Spindle whorl;;V„rttin„npy”r„;2;;FALSE;harmaa liuske;49;45;10;;;;Esine symmetrinen, mutta ei t„ysin py”re„.
IA;uusi 6750;Paimio;Merisaaren talo;KM;6750;5;6712704;3263161;;FALSE;FALSE;FALSE;FALSE;FALSE;FALSE;FALSE;FALSE;FALSE;FALSE;TRUE;Stone artefacts;Stone spindle whorl;Spindle whorl;;V„rttin„npy”r„;1;;TRUE;kiilleliuske;61;61;11;;;;
IA;776010020;Salo;Kyl„p„„n Hankalanpelto;KM;7442;6;6700512;3309529;;FALSE;FALSE;FALSE;FALSE;FALSE;FALSE;FALSE;FALSE;FALSE;FALSE;TRUE;Stone artefacts;Stone spindle whorl;Spindle whorl;;V„rttin„npy”r„;1;;TRUE;hiekkakivi;46;44;18;;;;
IA;1000003741;Kirkkonummi;Strand„ng;KM;7691;11;6681335;3361105;17;FALSE;FALSE;FALSE;FALSE;FALSE;FALSE;FALSE;FALSE;FALSE;FALSE;TRUE;Stone artefacts;Stone spindle whorl;Spindle whorl;;V„rttin„npy”r„;1;;TRUE;hiekkakivi;45;44;18;;;;
IA;Kaukola 19;Kaukola;J. Iivosen & S. Lankisen maat;KM;8199;26;6778739;3648504;;FALSE;FALSE;FALSE;FALSE;FALSE;FALSE;FALSE;FALSE;FALSE;FALSE;TRUE;Stone artefacts;Stone spindle whorl;Spindle whorl;;V„rttin„npy”r„;1;;TRUE;kiilleliuske;48;48;10;;;;
IA;729010041;Saarij„rvi;J„nissaari;KM;8980;7;6957538;3416993;121;FALSE;FALSE;FALSE;FALSE;FALSE;FALSE;FALSE;FALSE;FALSE;FALSE;TRUE;Stone artefacts;Stone spindle whorl;Spindle whorl;;V„rttin„npy”r„;2;;TRUE;kiilleliuske;59;52;8;;;;
IA;259010025;Salo;Sillanp„„n Sepp„;KM;9154;4;6687120;3299790;37,5;FALSE;FALSE;FALSE;FALSE;FALSE;FALSE;FALSE;FALSE;FALSE;FALSE;TRUE;Stone artefacts;Stone spindle whorl;Spindle whorl;;V„rttin„npy”r„;2;;TRUE;kiilleliuske;49;45;8;;;;
IA;uusi 4118;S„kkij„rvi;Ristsatama;KM;9172;1;6713058;3557994;;FALSE;FALSE;FALSE;FALSE;FALSE;FALSE;FALSE;FALSE;FALSE;TRUE;FALSE;Stone artefacts;Fire-striking stone;Fire-striking stone;;Soikea tuluskivi;1;;TRUE;kvartsiitti;77;30;25;;;;
IA;233010010;Kauhava;Kriivarinpelto;KM;9428;2;7007777;3310915;55;FALSE;FALSE;FALSE;FALSE;FALSE;FALSE;FALSE;FALSE;FALSE;FALSE;TRUE;Stone artefacts;Stone spindle whorl;Spindle whorl;;V„rttin„npy”r„;1;;TRUE;musta liuske;48;47;5;;;;
IA;776010017;Salo;Mattilan kotopelto;KM;9786;3;6700753;3309740;55;FALSE;FALSE;FALSE;FALSE;FALSE;FALSE;FALSE;FALSE;FALSE;FALSE;TRUE;Stone artefacts;Stone spindle whorl;Spindle whorl;;V„rttin„npy”r„;2;;TRUE;kiilleliuske;50;46;14;;;;
IA;1000016867;Lapinj„rvi;Nider†ker;KM;9932;5;6719800;3458940;20;FALSE;FALSE;FALSE;FALSE;FALSE;FALSE;FALSE;FALSE;FALSE;FALSE;TRUE;Stone artefacts;Stone spindle whorl;Spindle whorl;;V„rttin„npy”r„;2;;TRUE;kiilleliuske;51;50;7;;;;
IA;319010011;S„kyl„;Parkkila;KM;10114;15;6794984;3243174;44;FALSE;FALSE;FALSE;FALSE;FALSE;FALSE;FALSE;FALSE;FALSE;FALSE;TRUE;Stone artefacts;Stone spindle whorl;Spindle whorl;;V„rttin„npy”r„;2;;TRUE;kiilleliuske;43;42;5;;;;
IA;1000009122;Keuruu;Iso-Moijanen;KM;10789;3;6902220;3366683;120;FALSE;FALSE;FALSE;FALSE;FALSE;FALSE;FALSE;FALSE;FALSE;FALSE;TRUE;Stone artefacts;Stone spindle whorl;Spindle whorl;;V„rttin„npy”r„;2;;TRUE;kiilleliuske;59;56;10;;;;
IA;1000009122;Keuruu;Iso-Moijanen;KM;10789;4;6902220;3366683;120;FALSE;FALSE;FALSE;FALSE;FALSE;FALSE;FALSE;FALSE;FALSE;FALSE;TRUE;Stone artefacts;Stone spindle whorl;Spindle whorl;;V„rttin„npy”r„;2;;TRUE;kiilleliuske;47;47;8;;;;
IA;uusi 3175;R„is„l„;Pyh„j„rvi ym.;KM;11220;10;6760251;3649294;;FALSE;FALSE;FALSE;FALSE;FALSE;FALSE;FALSE;FALSE;FALSE;FALSE;TRUE;Stone artefacts;Stone spindle whorl;Spindle whorl;;V„rttin„npy”r„;1;;TRUE;vihre„liuske;42;42;7;;;;
IA;776010001;Salo;Mustionsuo koillinen alue;KM;11408;6;6702049;3308757;55;FALSE;FALSE;FALSE;FALSE;FALSE;FALSE;FALSE;FALSE;FALSE;FALSE;TRUE;Stone artefacts;Stone spindle whorl;Spindle whorl;;V„rttin„npy”r„;2;;FALSE;kiilleliuske;;;;51;29;6;
IA;uusi 3343;Salo;Piekkalanniemi;KM;11483;;6696260;3319206;;FALSE;FALSE;FALSE;FALSE;FALSE;FALSE;FALSE;FALSE;FALSE;FALSE;TRUE;Stone artefacts;Stone spindle whorl;Spindle whorl;;V„rttin„npy”r„;1;;TRUE;kiilleliuske;50;47;8;;;;
IA;734010003;Salo;Myllypelto;KM;11916;7;6696508;3287934;25;FALSE;FALSE;FALSE;FALSE;FALSE;FALSE;FALSE;FALSE;FALSE;FALSE;TRUE;Stone artefacts;Stone spindle whorl;Spindle whorl;;V„rttin„npy”r„;2;;FALSE;kiilleliuske;;;;46;24;17;
IA;uusi 2946;Urjala;Honkola;KM;12027;;6784444;3309541;;FALSE;FALSE;FALSE;FALSE;FALSE;FALSE;FALSE;FALSE;FALSE;FALSE;TRUE;Stone artefacts;Stone spindle whorl;Spindle whorl;;V„rttin„npy”r„;1;;TRUE;kiilleliuske;52;44;10;;;;
IA;uusi 2971;Alavus;Olkkonen;KM;12084;;6929922;3326100;;FALSE;FALSE;FALSE;FALSE;FALSE;FALSE;FALSE;FALSE;FALSE;FALSE;TRUE;Stone artefacts;Stone spindle whorl;Spindle whorl;;V„rttin„npy”r„;1;;TRUE;kiilleliuske;46;43;6;;;;
IA;1000014206;Siikajoki;Ala-Haho;KM;12536;1;7188241;3397817;15;FALSE;FALSE;FALSE;FALSE;FALSE;FALSE;FALSE;FALSE;FALSE;FALSE;TRUE;Stone artefacts;Stone spindle whorl;Spindle whorl;;V„rttin„npy”r„;1;;TRUE;vuolukivi;38;39;13;;;;
IA;uusi 3584;Salo;Harjulan Iso-Niitty;KM;12822;12;6957522;3317923;;FALSE;FALSE;FALSE;FALSE;FALSE;FALSE;FALSE;FALSE;FALSE;FALSE;TRUE;Stone artefacts;Stone spindle whorl;Spindle whorl;;V„rttin„npy”r„;2;;TRUE;kiilleliuske;59;43;9;;;;
IA;uusi 2111;Parikkala;;KM;13210;;6824026;3634747;;FALSE;FALSE;FALSE;FALSE;FALSE;FALSE;FALSE;FALSE;FALSE;FALSE;TRUE;Stone artefacts;Stone spindle whorl;Spindle whorl;;V„rttin„npy”r„;1;;TRUE;harmaa kivilaji;30;30;12;;;;
IA;1000032962;Loppi                                                                                               ;L„yli„inen M„enalusta                                                                               ;KM;13229;2;6726136;3362096;;FALSE;FALSE;FALSE;FALSE;FALSE;FALSE;FALSE;FALSE;FALSE;FALSE;TRUE;Stone artefacts;Stone spindle whorl;Spindle whorl;;V„rttin„npy”r„;1;;TRUE;kiilleliuske;54;40;11;;;;
IA;uusi 2120;Akaa;Suoranta;KM;13249;2;6783289;3320267;;FALSE;FALSE;FALSE;FALSE;FALSE;FALSE;FALSE;FALSE;FALSE;FALSE;TRUE;Stone artefacts;Stone spindle whorl;Spindle whorl;;V„rttin„npy”r„;1;;TRUE;musta liuske;57;57;6;;;;
IA;uusi 8395;Suomi;;KM;13689;19;;;;FALSE;FALSE;FALSE;FALSE;FALSE;FALSE;FALSE;FALSE;FALSE;FALSE;TRUE;Stone artefacts;Stone spindle whorl;Spindle whorl;;V„rttin„npy”r„;2;;TRUE;harmaa kivilaji;34;33;16;;;;
IA;777010049;Suomussalmi;Maikons„rkk„;KM;14835;1;7236703;3615912;199;FALSE;FALSE;FALSE;FALSE;FALSE;FALSE;FALSE;FALSE;TRUE;TRUE;FALSE;Stone artefacts;Fire-striking stone;Fire-striking stone;;Soikea tuluskivi;3;;TRUE;graniitti;46;43;30;;;;iskunj„lki„
IA;853010031;Turku;Saram„ki;KM;15396;33;6718584;3243430;25;FALSE;FALSE;FALSE;FALSE;FALSE;FALSE;FALSE;FALSE;FALSE;TRUE;FALSE;Stone artefacts;Fire-striking stone;Fire-striking stone;;Soikea tuluskivi;2;;FALSE;;;;;55;51;26;
IA;x452;Kankaanp„„;Vihtelj„rvi Jussila;KM;15802;;6856474;3263800;;FALSE;FALSE;FALSE;FALSE;FALSE;FALSE;FALSE;FALSE;FALSE;TRUE;FALSE;Stone artefacts;Fire-striking stone;Fire-striking stone;;Soikea tuluskivi;2;;TRUE;;120;37;29;;;;
IA;92010004;Vantaa;H”gbergsbacka B;KM;15814;;6687276;3397901;20;FALSE;FALSE;FALSE;FALSE;FALSE;FALSE;FALSE;FALSE;FALSE;TRUE;FALSE;Stone artefacts;Fire-striking stone;Fire-striking stone;;Soikea tuluskivi;2;;FALSE;;86;42;26;;;;
IA;220010038;Raasepori;Storladsbacken;KM;15880;3;6665607;3315111;10;FALSE;FALSE;FALSE;FALSE;FALSE;FALSE;FALSE;FALSE;FALSE;TRUE;FALSE;Stone artefacts;Fire-striking stone;Fire-striking stone;;Soikea tuluskivi;2;;FALSE;;91;58;35;;;;
IA;595010014;Pielavesi;Vanhapappila;KM;16705;3;7016439;3484244;105;FALSE;FALSE;FALSE;FALSE;FALSE;FALSE;FALSE;FALSE;FALSE;FALSE;TRUE;Stone artefacts;Stone spindle whorl;Spindle whorl;;V„rttin„npy”r„;1;;FALSE;musta liuske;40;37;6;;;;
IA;x380;Raasepori;Brutub”le Solbacka;KM;16870;;6654340;3283624;;FALSE;FALSE;FALSE;FALSE;FALSE;FALSE;FALSE;FALSE;FALSE;TRUE;FALSE;Stone artefacts;Fire-striking stone;Fire-striking stone;;Soikea tuluskivi;2;;FALSE;;84;50;42;;;;
IA;1000008335;Siuntio;Grotbacka 2;KM;17215;;6680818;3339497;26;FALSE;FALSE;FALSE;FALSE;FALSE;FALSE;FALSE;FALSE;FALSE;FALSE;TRUE;Stone artefacts;Stone spindle whorl;Spindle whorl;;V„rttin„npy”r„;1;;FALSE;harmaa liuske;45;45;9;;;;
IA;x262;Hankasalmi;S„kinm„ki;KM;17639;;6929134;3474539;;FALSE;FALSE;FALSE;FALSE;FALSE;FALSE;FALSE;FALSE;FALSE;TRUE;FALSE;Stone artefacts;Fire-striking stone;Fire-striking stone;;Soikea tuluskivi;2;;TRUE;;77;41;25;;;;
IA;754010003;Kouvola;Penttil„;KM;17791;1;6729620;3486980;25;FALSE;FALSE;FALSE;FALSE;FALSE;FALSE;FALSE;FALSE;FALSE;TRUE;FALSE;Stone artefacts;Fire-striking stone;Fire-striking stone;;Soikea tuluskivi;2;;TRUE;;80;43;30;;;;
IA;754010003;Kouvola;Penttil„;KM;17791;2;6729620;3486980;25;FALSE;FALSE;FALSE;FALSE;FALSE;FALSE;FALSE;FALSE;FALSE;TRUE;FALSE;Stone artefacts;Fire-striking stone;Fire-striking stone;;Soikea tuluskivi;2;;TRUE;;70;51;26;;;;
IA;x74;Parikkala;Savikumpu, Harjula;KM;18553;;6835584;3635553;;FALSE;FALSE;FALSE;FALSE;FALSE;FALSE;FALSE;FALSE;FALSE;TRUE;FALSE;Stone artefacts;Fire-striking stone;Fire-striking stone;;Soikea tuluskivi;1;;FALSE;;89;45;20;;;;
IA;uusi 1422;Kangasniemi;Nikki;KM;19190;;6868444;3477539;;FALSE;FALSE;FALSE;FALSE;FALSE;FALSE;FALSE;FALSE;FALSE;FALSE;TRUE;Stone artefacts;Stone spindle whorl;Spindle whorl;;V„rttin„npy”r„;1;;FALSE;harmaa liuske;47;47;11;;;;
IA;885040004;Kokkola;Saari;KM;19594;;7073497;3342017;75;FALSE;FALSE;FALSE;FALSE;FALSE;FALSE;FALSE;FALSE;FALSE;TRUE;FALSE;Stone artefacts;Fire-striking stone;Fire-striking stone;;Soikea tuluskivi;1;;TRUE;;124;40;27;;;;
IA;909040015;Kouvola;Kiljuniemi;KM;20061;;6757110;3493260;60;FALSE;FALSE;FALSE;FALSE;FALSE;FALSE;FALSE;FALSE;FALSE;TRUE;FALSE;Stone artefacts;Fire-striking stone;Fire-striking stone;;Soikea tuluskivi;1;;TRUE;;79;44;26;;;;
IA;uusi 1586;Ikaalinen;Isotalo-Peltomaa;KM;20272;;6865003;3289733;;FALSE;FALSE;FALSE;FALSE;FALSE;FALSE;FALSE;FALSE;FALSE;TRUE;FALSE;Stone artefacts;Fire-striking stone;Fire-striking stone;;Soikea tuluskivi;2;;TRUE;kvartsiitti;;;;64;43;25;
IA;1000008830;Paimio;Talkooniitty;KM;20276;;6711496;3262653;;FALSE;FALSE;FALSE;FALSE;FALSE;FALSE;FALSE;FALSE;FALSE;TRUE;FALSE;Stone artefacts;Fire-striking stone;Fire-striking stone;;Soikea tuluskivi;2;;FALSE;kvartsiitti;78;48;34;;;;
IA;1000008829;Paimio;Pakurla 2;KM;20277;;6712020;3263017;;FALSE;FALSE;FALSE;FALSE;FALSE;FALSE;FALSE;FALSE;FALSE;TRUE;FALSE;Stone artefacts;Fire-striking stone;Fire-striking stone;;Soikea tuluskivi;2;;FALSE;kvartsiitti;88;54;35;;;;
IA;uusi 1591;Hirvensalmi;M„entalo;KM;20297;;6831371;3487936;;FALSE;FALSE;FALSE;FALSE;FALSE;FALSE;FALSE;FALSE;FALSE;FALSE;TRUE;Stone artefacts;Stone spindle whorl;Spindle whorl;;V„rttin„npy”r„;1;;FALSE;kiilleliuske;57;57;11;;;;
IA;uusi 1599;Salo;Alkoholistihuoltola;KM;20323;;6680811;3271752;;FALSE;FALSE;FALSE;FALSE;FALSE;FALSE;FALSE;FALSE;FALSE;TRUE;FALSE;Stone artefacts;Fire-striking stone;Fire-striking stone;;Soikea tuluskivi;2;;FALSE;kvartsiitti;107;42;32;;;;
IA;777010118;Suomussalmi;Komeronniemi 1;KM;20368;;7228836;3598012;199;FALSE;FALSE;FALSE;FALSE;FALSE;FALSE;FALSE;FALSE;FALSE;TRUE;FALSE;Stone artefacts;Fire-striking stone;Fire-striking stone;;Soikea tuluskivi;2;;FALSE;kvartsiitti;92;63;31;;;;
IA;777010116;Suomussalmi;Putikka;KM;20374;1;7216165;3597431;199;FALSE;FALSE;FALSE;FALSE;FALSE;FALSE;FALSE;FALSE;FALSE;TRUE;FALSE;Stone artefacts;Fire-striking stone;Fire-striking stone;;Soikea tuluskivi;2;;FALSE;kvartsiitti;91;62;30;;;;
IA;1000000421;Sodankyl„;Autiokentt„;KM;20585;15;7513200;3491480;196;FALSE;FALSE;FALSE;FALSE;FALSE;FALSE;FALSE;FALSE;FALSE;FALSE;TRUE;Stone artefacts;Stone spindle whorl;Spindle whorl;;V„rttin„npy”r„;1;;FALSE;vuolukivi;43;43;;;;;
IA;uusi 613;Vaala;Hiisiniemi;KM;20943;;7139260;3496180;120;FALSE;FALSE;FALSE;FALSE;FALSE;FALSE;FALSE;FALSE;FALSE;TRUE;FALSE;Stone artefacts;Fire-striking stone;Fire-striking stone;;Soikea tuluskivi;1;;FALSE;kvartsiitti;116;39;22;;;;molemmilla lappeilla uurteet
IA;uusi 629;Myrskyl„;Kankkila;KM;20996;;6723531;3432440;;FALSE;FALSE;FALSE;FALSE;FALSE;FALSE;FALSE;FALSE;FALSE;TRUE;FALSE;Stone artefacts;Fire-striking stone;Fire-striking stone;;Soikea tuluskivi;1;;FALSE;;44;80;31;;;;
IA;620010004;Puolanka;Arola;KM;21291;;7160360;3535700;167;FALSE;FALSE;FALSE;FALSE;FALSE;FALSE;FALSE;FALSE;FALSE;TRUE;FALSE;Stone artefacts;Fire-striking stone;Fire-striking stone;;Soikea tuluskivi;1;;FALSE;kvartsiitti;118;45;23;;;;
IA;777010209;Suomussalmi;Puras;KM;21333;;7203171;3620296;227;FALSE;FALSE;FALSE;FALSE;FALSE;FALSE;FALSE;FALSE;FALSE;FALSE;TRUE;Stone artefacts;Stone spindle whorl;Spindle whorl;;V„rttin„npy”r„;1;;FALSE;kiilleliuske;52;48;8;;;;
IA;uusi 718;Lapua;Lapua;KM;21422;3;6991065;3296572;;FALSE;FALSE;FALSE;FALSE;FALSE;FALSE;FALSE;FALSE;FALSE;TRUE;FALSE;Stone artefacts;Fire-striking stone;Fire-striking stone;;Soikea tuluskivi;1;;FALSE;kvartsiitti;95;49;28;;;;
IA;uusi 721;Kristiinankaupunki;Dagsmark;KM;21425;3;6914718;3221362;;FALSE;FALSE;FALSE;FALSE;FALSE;FALSE;FALSE;FALSE;FALSE;TRUE;FALSE;Stone artefacts;Fire-striking stone;Fire-striking stone;;Soikea tuluskivi;1;;TRUE;kvartsiitti;70;51;28;;;;
IA;uusi 729;V”yri                                                                                               ;V”yri;KM;21433;;7012155;3261488;;FALSE;FALSE;FALSE;FALSE;FALSE;FALSE;FALSE;FALSE;FALSE;TRUE;FALSE;Stone artefacts;Fire-striking stone;Fire-striking stone;;Soikea tuluskivi;1;;FALSE;kvartsiitti;71;50;24;;;;
IA;uusi 730;N„rpi”;Ylimarkku;KM;21434;;6958093;3215110;;FALSE;FALSE;FALSE;FALSE;FALSE;FALSE;FALSE;FALSE;FALSE;TRUE;FALSE;Stone artefacts;Fire-striking stone;Fire-striking stone;;Soikea tuluskivi;1;;FALSE;kvartsiitti;75;54;30;;;;
IA;uusi 8395;Suomi;;KM;21436;1;;;;FALSE;FALSE;FALSE;FALSE;FALSE;FALSE;FALSE;FALSE;FALSE;TRUE;FALSE;Stone artefacts;Fire-striking stone;Fire-striking stone;;Soikea tuluskivi;1;;FALSE;kvartsiitti;91;49;28;;;;
IA;uusi 8395;Suomi;;KM;21436;2;;;;FALSE;FALSE;FALSE;FALSE;FALSE;FALSE;FALSE;FALSE;FALSE;TRUE;FALSE;Stone artefacts;Fire-striking stone;Fire-striking stone;;Soikea tuluskivi;1;;FALSE;kvartsiitti;82;45;27;;;;
IA;uusi 8395;Suomi;;KM;21436;4;;;;FALSE;FALSE;FALSE;FALSE;FALSE;FALSE;FALSE;FALSE;FALSE;TRUE;FALSE;Stone artefacts;Fire-striking stone;Fire-striking stone;;Soikea tuluskivi;1;;FALSE;;88;58;29;;;;
IA;uusi 8395;Suomi;;KM;21436;9;;;;FALSE;FALSE;FALSE;FALSE;FALSE;FALSE;FALSE;FALSE;FALSE;TRUE;FALSE;Stone artefacts;Fire-striking stone;Fire-striking stone;;Soikea tuluskivi;1;;FALSE;hiekkakivi;87;49;28;;;;
IA;uusi 8395;Suomi;;KM;21436;19;;;;FALSE;FALSE;FALSE;FALSE;FALSE;FALSE;FALSE;FALSE;FALSE;TRUE;FALSE;Stone artefacts;Fire-striking stone;Fire-striking stone;;Soikea tuluskivi;1;;FALSE;kvartsiitti;89;37;25;;;;
IA;uusi 8395;Suomi;;KM;21436;64;;;;FALSE;FALSE;FALSE;FALSE;FALSE;FALSE;FALSE;FALSE;FALSE;TRUE;FALSE;Stone artefacts;Fire-striking stone;Fire-striking stone;;Soikea tuluskivi;1;;FALSE;hiekkakivi;73;44;26;;;;
IA;uusi 746;Maalahti;Kopparby;KM;21496;;6992939;3223227;;FALSE;FALSE;FALSE;FALSE;FALSE;FALSE;FALSE;FALSE;FALSE;TRUE;FALSE;Stone artefacts;Fire-striking stone;Fire-striking stone;;Soikea tuluskivi;;;FALSE;kvartsiitti;88;61;37;;;;
IA;1000006834;Tammela;Aronen;KM;21522;;6743704;3310496;102;FALSE;FALSE;FALSE;FALSE;FALSE;FALSE;FALSE;FALSE;FALSE;TRUE;FALSE;Stone artefacts;Fire-striking stone;Fire-striking stone;;Soikea tuluskivi;1;;FALSE;hiekkakivi;88;51;30;;;;
IA;uusi 782;Urjala;Taka-Hollo;KM;21617;;6782998;3301359;;FALSE;FALSE;FALSE;FALSE;FALSE;FALSE;FALSE;FALSE;FALSE;TRUE;FALSE;Stone artefacts;Fire-striking stone;Fire-striking stone;;Soikea tuluskivi;;;FALSE;hiekkakivi;81;60;36;;;;
IA;1000023573;Hausj„rvi                                                                                           ;Marinaho                                                                                            ;KM;21760;;6743516;3397831;;FALSE;FALSE;FALSE;FALSE;FALSE;FALSE;FALSE;FALSE;FALSE;FALSE;TRUE;Stone artefacts;Stone spindle whorl;Spindle whorl;;V„rttin„npy”r„;1;;FALSE;kiilleliuske;;;;61;33;11;
IA;uusi 839;Haapaj„rvi;Eskola;KM;21915;;7072091;3414810;95;FALSE;FALSE;FALSE;FALSE;FALSE;FALSE;FALSE;FALSE;FALSE;TRUE;FALSE;Stone artefacts;Fire-striking stone;Fire-striking stone;;Soikea tuluskivi;;;TRUE;kvartsiitti;86;45;28;;;;
IA;uusi 842;Muonio;Rantapudas;KM;21930;2;7544764;3360595;;FALSE;FALSE;FALSE;FALSE;FALSE;FALSE;FALSE;FALSE;FALSE;FALSE;TRUE;Stone artefacts;Stone spindle whorl;Spindle whorl;;V„rttin„npy”r„;1;;FALSE;;45;42;8;;;;
IA;uusi 139;Pielavesi;Kana-aho;KM;22794;;7023280;3494550;;FALSE;FALSE;FALSE;FALSE;FALSE;FALSE;FALSE;FALSE;FALSE;FALSE;TRUE;Stone artefacts;Stone spindle whorl;Spindle whorl;;V„rttin„npy”r„;1;;FALSE;vuolukivi;35;35;15;;;;
IA;uusi 154;Tohmaj„rvi;Nousiala;KM;22871;;6917494;3658326;;FALSE;FALSE;FALSE;FALSE;FALSE;FALSE;FALSE;FALSE;FALSE;FALSE;TRUE;Stone artefacts;Stone spindle whorl;Spindle whorl;;V„rttin„npy”r„;1;;FALSE;vuolukivi;31;31;11;;;;
IA;uusi 175;Salo;Str”mma Sand†kern;KM;23042;;6681649;3272356;;FALSE;FALSE;FALSE;FALSE;FALSE;FALSE;FALSE;FALSE;FALSE;TRUE;FALSE;Stone artefacts;Fire-striking stone;Fire-striking stone;;Soikea tuluskivi;1;;TRUE;;105;57;37;;;;
IA;1000005567;Laitila;Ali-Pentti;KM;23089;;6765569;3205487;20;FALSE;FALSE;FALSE;FALSE;FALSE;FALSE;FALSE;FALSE;FALSE;TRUE;FALSE;Stone artefacts;Fire-striking stone;Fire-striking stone;;Soikea tuluskivi;1;;FALSE;kvartsiitti;100;45;31;;;;
IA;uusi 194;Tuusniemi;Karankaniemi;KM;23172;;6978489;3579910;;FALSE;FALSE;FALSE;FALSE;FALSE;FALSE;FALSE;FALSE;FALSE;TRUE;FALSE;Stone artefacts;Fire-striking stone;Fire-striking stone;;Soikea tuluskivi;1;;FALSE;kvartsiitti;86;52;33;;;;
IA;uusi 195;Nakkila;Kuismala;KM;23173;;6818107;3234756;;FALSE;FALSE;FALSE;FALSE;FALSE;FALSE;FALSE;FALSE;FALSE;TRUE;FALSE;Stone artefacts;Fire-striking stone;Fire-striking stone;;Soikea tuluskivi;1;;FALSE;;87;49;35;;;;
IA;uusi 247;Vaasa;Per„luhta;KM;23444;;7012499;3250791;12;FALSE;FALSE;FALSE;FALSE;FALSE;FALSE;FALSE;FALSE;FALSE;TRUE;FALSE;Stone artefacts;Fire-striking stone;Fire-striking stone;;Soikea tuluskivi;1;;FALSE;kvartsiitti;93;38;18;;;;
IA;1000006840;Tammela;Peltola 2;KM;23588;;6743108;3318931;100;FALSE;FALSE;FALSE;FALSE;FALSE;FALSE;FALSE;FALSE;FALSE;TRUE;FALSE;Stone artefacts;Fire-striking stone;Fire-striking stone;;Soikea tuluskivi;1;;FALSE;;89;44;26;;;;
IA;uusi 283;Aura;Kivim„ki;KM;23711;;6780828;3236419;50;FALSE;FALSE;FALSE;FALSE;FALSE;FALSE;FALSE;FALSE;FALSE;FALSE;TRUE;Stone artefacts;Stone spindle whorl;Spindle whorl;;V„rttin„npy”r„;1;;FALSE;;56;56;13;;;;
IA;uusi 309;Viitasaari;Tuntematon;KM;23830;;6998261;3442326;;FALSE;FALSE;FALSE;FALSE;FALSE;FALSE;FALSE;FALSE;FALSE;TRUE;FALSE;Stone artefacts;Fire-striking stone;Fire-striking stone;;Soikea tuluskivi;1;;FALSE;kvartsiitti;103;52;27;;;;
IA;564010022;Oulu;V„likangas;KM;23911;5;7208240;3430760;15;FALSE;FALSE;FALSE;FALSE;FALSE;FALSE;FALSE;FALSE;FALSE;TRUE;FALSE;Stone artefacts;Fire-striking stone;Fire-striking stone;;Soikea tuluskivi;1;;FALSE;;;;;;;;
IA;182040040;J„ms„;Kukkarosaari;KM;24293;;6855737;3420240;79;FALSE;FALSE;FALSE;FALSE;FALSE;FALSE;FALSE;FALSE;FALSE;TRUE;FALSE;Stone artefacts;Fire-striking stone;Fire-striking stone;;Soikea tuluskivi;1;;TRUE;;90;43;25;;;;
IA;uusi 460;Oulainen;Tukala;KM;24833;;7124492;3407156;88;FALSE;FALSE;FALSE;FALSE;FALSE;FALSE;FALSE;FALSE;FALSE;FALSE;TRUE;Stone artefacts;Stone spindle whorl;Spindle whorl;;V„rttin„npy”r„;2;;FALSE;kiillegneissi;37;37;9;;;;
IA;607040013;Polvij„rvi;Nis„j„rvi;KM;25212;;6985750;3619136;98;FALSE;FALSE;FALSE;FALSE;FALSE;FALSE;FALSE;FALSE;FALSE;TRUE;FALSE;Stone artefacts;Fire-striking stone;Fire-striking stone;;Soikea tuluskivi;1;;FALSE;kvartsiitti;88;45;25;;;;
IA;1000002330;Mikkeli;Vanha-Kyyhkyl„;KM;25712;12;6836440;3515540;82,5;FALSE;FALSE;FALSE;FALSE;FALSE;FALSE;FALSE;FALSE;FALSE;FALSE;TRUE;Stone artefacts;Stone spindle whorl;Spindle whorl;;V„rttin„npy”r„;1;;FALSE;;49;49;21;;;;
IA;a117;Veteli;Huhmarniemi;KM;25779;;7034950;3340225;85;FALSE;FALSE;FALSE;FALSE;FALSE;FALSE;FALSE;FALSE;FALSE;FALSE;TRUE;Stone artefacts;Stone spindle whorl;Spindle whorl;;V„rttin„npy”r„;1;;FALSE;hiekkakivi;;;;39;20;13;
IA;a127;Lieto;Rauhamaa;KM;25830;;6722025;3248000;;FALSE;FALSE;FALSE;FALSE;FALSE;FALSE;FALSE;FALSE;FALSE;TRUE;FALSE;Stone artefacts;Fire-striking stone;Fire-striking stone;;Soikea tuluskivi;1;;TRUE;kvartsiitti;96;41;26;;;;
IA;a140;S„kyl„ ;H„rksaari;KM;25889;;6776448;3251494;50;FALSE;FALSE;FALSE;FALSE;FALSE;FALSE;FALSE;FALSE;FALSE;TRUE;FALSE;Stone artefacts;Fire-striking stone;Fire-striking stone;;Soikea tuluskivi;1;;FALSE;kvartsiitti;89;45;24;;;;
IA;109010023;H„meenlinna;Varikonniemi;KM;26058;2215;6768743;3363266;80;FALSE;FALSE;FALSE;FALSE;FALSE;FALSE;FALSE;FALSE;FALSE;FALSE;TRUE;Stone artefacts;Stone spindle whorl;Spindle whorl;;V„rttin„npy”r„;1;;FALSE;kiilleliuske;;;;43;26;13;
IA;uusi 8400;Haapavesi;Haapavesi?;KM;26219;169;7116187;3420535;;FALSE;FALSE;FALSE;FALSE;FALSE;FALSE;FALSE;FALSE;FALSE;FALSE;TRUE;Stone artefacts;Stone spindle whorl;Spindle whorl;;V„rttin„npy”r„;1;;FALSE;kiilleliuske;47;44;11;;;;
IA;uusi 521;Siikajoki;Kankaanp„„;KM;28020;;7171573;3409171;47;FALSE;FALSE;FALSE;FALSE;FALSE;FALSE;FALSE;FALSE;FALSE;TRUE;FALSE;Stone artefacts;Fire-striking stone;Fire-striking stone;;Soikea tuluskivi;1;;FALSE;kvartsiitti;92;39;26;;;;
IA;uusi 528;Kangasala;Haaviston kansakoulu;KM;28078;2;6811596;3347040;;FALSE;FALSE;FALSE;FALSE;FALSE;FALSE;FALSE;FALSE;FALSE;FALSE;TRUE;Stone artefacts;Stone spindle whorl;Spindle whorl;;V„rttin„npy”r„;1;;FALSE;kiilleliuske;39;37;10;;;;
IA;uusi 528;Kangasala;Haaviston kansakoulu;KM;28078;3;6811596;3347040;;FALSE;FALSE;FALSE;FALSE;FALSE;FALSE;FALSE;FALSE;FALSE;FALSE;TRUE;Stone artefacts;Stone spindle whorl;Spindle whorl;;V„rttin„npy”r„;1;;FALSE;kiilleliuske;53;50;9;;;;
IA;uusi 531;Kangasala;Katila;KM;28090;5;6818473;3342307;;FALSE;FALSE;FALSE;FALSE;FALSE;FALSE;FALSE;FALSE;FALSE;FALSE;TRUE;Stone artefacts;Stone spindle whorl;Spindle whorl;;V„rttin„npy”r„;1;;FALSE;kiilleliuske;;;;52;27;8;
IA;uusi 592;Inkoo;M„ntypolku;KM;28362;;6663585;3333242;10;FALSE;FALSE;FALSE;FALSE;FALSE;FALSE;FALSE;FALSE;FALSE;TRUE;FALSE;Stone artefacts;Fire-striking stone;Fire-striking stone;;Soikea tuluskivi;1;;TRUE;kvartsiitti;82;55;30;;;;
IA;1000005575;Laitila;Isoniittu;KM;28735;2;6768109;3207026;12,5;FALSE;FALSE;FALSE;FALSE;FALSE;FALSE;FALSE;FALSE;FALSE;TRUE;FALSE;Stone artefacts;Fire-striking stone;Fire-striking stone;;Soikea tuluskivi;1;;FALSE;hiekkakivi;78;51;37;;;;
IA;b57;Raasepori;Bredsl„tt;KM;28901;;6660540;3313196;;FALSE;FALSE;FALSE;FALSE;FALSE;FALSE;FALSE;FALSE;FALSE;TRUE;FALSE;Stone artefacts;Fire-striking stone;Fire-striking stone;;Soikea tuluskivi;1;;FALSE;kvartsiitti;75;46;30;;;;
IA;b105;P„lk„ne;Kotiseutumuseo;KM;29239;2;6806213;3354074;;FALSE;FALSE;FALSE;FALSE;FALSE;FALSE;FALSE;FALSE;FALSE;FALSE;TRUE;Stone artefacts;Stone spindle whorl;Spindle whorl;;V„rttin„npy”r„;1;;FALSE;;45;45;9;;;;
IA;b163;Juva;Vihotunlampi;KM;29666;;6864400;3540600;;FALSE;FALSE;FALSE;FALSE;FALSE;FALSE;FALSE;FALSE;FALSE;FALSE;TRUE;Stone artefacts;Stone spindle whorl;Spindle whorl;;V„rttin„npy”r„;1;;FALSE;kiilleliuske;42;40;8;;;;
IA;uusi 607;Kemi”nsaari;Helgeboda;KM;30444;;6684592;3253153;;FALSE;FALSE;FALSE;FALSE;FALSE;FALSE;FALSE;FALSE;FALSE;TRUE;FALSE;Stone artefacts;Fire-striking stone;Fire-striking stone;;Soikea tuluskivi;1;;TRUE;;87;53;50;;;;
IA;uusi 879;P„lk„ne;Epaala;KM;30553;2;6808898;3353503;;FALSE;FALSE;FALSE;FALSE;FALSE;FALSE;FALSE;FALSE;FALSE;TRUE;FALSE;Stone artefacts;Fire-striking stone;Fire-striking stone;;Soikea tuluskivi;1;;FALSE;;;;;47;41;34;
IA;uusi 897;Hollola;Hatsina;KM;30772;;6771746;3409860;;FALSE;FALSE;FALSE;FALSE;FALSE;FALSE;FALSE;FALSE;FALSE;FALSE;TRUE;Stone artefacts;Stone spindle whorl;Spindle whorl;;V„rttin„npy”r„;2;;FALSE;kiilleliuske;56;56;;;;;
IA;16010021;Asikkala;Iisakkila;KM;31435;65;6799100;3429340;80;FALSE;FALSE;FALSE;FALSE;FALSE;FALSE;FALSE;FALSE;FALSE;FALSE;TRUE;Stone artefacts;Stone spindle whorl;Spindle whorl;;V„rttin„npy”r„;1;;FALSE;;64;64;10;;;;
IA;604010008;Pirkkala;Kotopelto/Riihentausta;KM;31454;3;6821980;3317846;80;FALSE;FALSE;FALSE;FALSE;FALSE;FALSE;FALSE;FALSE;FALSE;FALSE;TRUE;Stone artefacts;Stone spindle whorl;Spindle whorl;;V„rttin„npy”r„;1;;FALSE;kiilleliuske;;;;;;;koristeltu samankeskisill„ urilla
IA;604010008;Pirkkala;Kotopelto/Riihentausta;KM;31454;3;6821980;3317846;80;FALSE;FALSE;FALSE;FALSE;FALSE;FALSE;FALSE;FALSE;FALSE;FALSE;TRUE;Stone artefacts;Stone spindle whorl;Spindle whorl;;V„rttin„npy”r„;1;;FALSE;kiilleliuske;;;;;;;
IA;604010008;Pirkkala;Kotopelto/Riihentausta;KM;31454;3;6821980;3317846;80;FALSE;FALSE;FALSE;FALSE;FALSE;FALSE;FALSE;FALSE;FALSE;FALSE;TRUE;Stone artefacts;Stone spindle whorl;Spindle whorl;;V„rttin„npy”r„;1;;FALSE;kiilleliuske;;;;;;;yksi koristeura
IA;uusi 995;Salo;Suomela;KM;31553;;6705181;3282930;;FALSE;FALSE;FALSE;FALSE;FALSE;FALSE;FALSE;FALSE;FALSE;TRUE;FALSE;Stone artefacts;Fire-striking stone;Fire-striking stone;;Soikea tuluskivi;1;;FALSE;;81;52;34;;;;
IA;1000016612;Yl”j„rvi;Pappilanniemi;KM;32092;3;6832301;3319501;120;FALSE;FALSE;FALSE;FALSE;FALSE;FALSE;FALSE;FALSE;FALSE;FALSE;TRUE;Stone artefacts;Stone spindle whorl;Spindle whorl;;V„rttin„npy”r„;3;;FALSE;kiilleliuske;;;;54;29;9;puolikas
IA;536010013;Nokia;Mattila;KM;32213;25;6822157;3311605;90;FALSE;FALSE;FALSE;FALSE;FALSE;FALSE;FALSE;FALSE;FALSE;FALSE;TRUE;Stone artefacts;Stone spindle whorl;Spindle whorl;;V„rttin„npy”r„;1;;FALSE;;52;52;7;;;;
IA;uusi 1138;Raasepori;Grannas;KM;32868;;6663337;3297039;30;FALSE;FALSE;FALSE;FALSE;FALSE;FALSE;FALSE;FALSE;FALSE;TRUE;FALSE;Stone artefacts;Fire-striking stone;Fire-striking stone;;Soikea tuluskivi;1;;FALSE;kvartsi;55;40;30;;;;
IA;uusi 1139;Raasepori;Skjed”;KM;32869;;6644176;3297742;10;FALSE;FALSE;FALSE;FALSE;FALSE;FALSE;FALSE;FALSE;FALSE;TRUE;FALSE;Stone artefacts;Fire-striking stone;Fire-striking stone;;Soikea tuluskivi;1;;FALSE;kvartsiitti;67;43;25;;;;
IA;97040001;Hirvensalmi;Kuusela;KM;33138;;6835420;3488420;127;FALSE;FALSE;FALSE;FALSE;FALSE;FALSE;FALSE;FALSE;FALSE;FALSE;TRUE;Stone artefacts;Stone spindle whorl;Spindle whorl;;V„rttin„npy”r„;1;;FALSE;kiilleliuske;49;49;10;;;;
IA;uusi 1192;Salo;Falkinpelto;KM;33309;;6677308;3273235;;FALSE;FALSE;FALSE;FALSE;FALSE;FALSE;FALSE;FALSE;FALSE;TRUE;FALSE;Stone artefacts;Fire-striking stone;Fire-striking stone;;Soikea tuluskivi;1;;FALSE;kvartsiitti;83;35;24;;;;
IA;uusi 1194;Orimattila;Tokkola;KM;33314;;6745320;3433320;75;FALSE;FALSE;FALSE;FALSE;FALSE;FALSE;FALSE;FALSE;FALSE;TRUE;FALSE;Stone artefacts;Fire-striking stone;Fire-striking stone;;Soikea tuluskivi;1;;FALSE;kvartsiitti;86;42;19;;;;
IA;493010002;Sastamala;Tiainen;KM;33749;4;6827140;3293510;59;FALSE;FALSE;FALSE;FALSE;FALSE;FALSE;FALSE;FALSE;FALSE;FALSE;TRUE;Stone artefacts;Stone spindle whorl;Spindle whorl;;V„rttin„npy”r„;1;;FALSE;kiilleliuske;;;;51;51;6;
IA;uusi 1251;Virolahti;Hyypi„nhiekka;KM;34001;;6710380;3537400;0;FALSE;FALSE;FALSE;FALSE;FALSE;FALSE;FALSE;FALSE;FALSE;FALSE;TRUE;Stone artefacts;Stone spindle whorl;Spindle whorl;;V„rttin„npy”r„;1;;FALSE;keramiikka;44;44;19;;;;tai jotain kive„
IA;uusi 1257;Sauvo;Raitniemi;KM;34026;;6695400;3260880;;FALSE;FALSE;FALSE;FALSE;FALSE;FALSE;FALSE;FALSE;FALSE;TRUE;FALSE;Stone artefacts;Fire-striking stone;Fire-striking stone;;Soikea tuluskivi;1;;FALSE;kvartsiitti;79;43;28;;;;
IA;uusi 1263;Laitila;Sonkki;KM;34045;;6761093;3218638;;FALSE;FALSE;FALSE;FALSE;FALSE;FALSE;FALSE;FALSE;FALSE;FALSE;TRUE;Stone artefacts;Stone spindle whorl;Spindle whorl;;V„rttin„npy”r„;1;;FALSE;hiekkakivi;50;46;9;;;;
IA;uusi 1283;Tuusula;Pirjola;KM;34365;1;6700348;3394289;45;FALSE;FALSE;FALSE;FALSE;FALSE;FALSE;FALSE;FALSE;FALSE;FALSE;TRUE;Stone artefacts;Stone spindle whorl;Spindle whorl;;V„rttin„npy”r„;1;;FALSE;hiekkakivi;49;49;13;;;;
IA;uusi 1283;Tuusula;Pirjola;KM;34365;2;6700348;3394289;45;FALSE;FALSE;FALSE;FALSE;FALSE;FALSE;FALSE;FALSE;FALSE;FALSE;TRUE;Stone artefacts;Stone spindle whorl;Spindle whorl;;V„rttin„npy”r„;1;;FALSE;hiekkakivi;49;49;13;;;;
IA;uusi 1283;Tuusula;Pirjola;KM;34365;3;6700348;3394289;45;FALSE;FALSE;FALSE;FALSE;FALSE;FALSE;FALSE;FALSE;FALSE;FALSE;TRUE;Stone artefacts;Stone spindle whorl;Spindle whorl;;V„rttin„npy”r„;1;;FALSE;hiekkakivi;49;49;13;;;;
IA;1000001432;Hartola;Ekonpelto 1;KM;35039;43;6829830;3448390;97,5;FALSE;FALSE;FALSE;FALSE;FALSE;FALSE;FALSE;FALSE;FALSE;FALSE;TRUE;Stone artefacts;Stone spindle whorl;Spindle whorl;;V„rttin„npy”r„;1;;FALSE;kiilleliuske;57;57;16;;;;
IA;1000003341;Kitee;Hiidenniemi;KM;36423;4491;6863023;3642452;75;FALSE;FALSE;FALSE;FALSE;FALSE;FALSE;FALSE;FALSE;FALSE;FALSE;TRUE;Stone artefacts;Stone spindle whorl;Spindle whorl;;V„rttin„npy”r„;1;;FALSE;harmaa liuske;40;40;10;;;;
IA;uusi 1900;Haapavesi;Pyh„jokivarsi;KM        ;38153;6;7119189;3412582;;FALSE;FALSE;FALSE;FALSE;FALSE;FALSE;FALSE;FALSE;FALSE;FALSE;TRUE;Stone artefacts;Stone spindle whorl;Spindle whorl;;V„rttin„npy”r„;1;;FALSE;kiilleliuske;60;60;13;;;;
IA;50010047;Eura;Kauttuan vanhan kyl„n paikka;KM        ;38201;20;6788201;3238791;30;FALSE;FALSE;FALSE;FALSE;FALSE;FALSE;FALSE;FALSE;FALSE;FALSE;TRUE;Stone artefacts;Stone spindle whorl;Spindle whorl;;V„rttin„npy”r„;1;;FALSE;hiekkakivi;47;47;12;;;;
IA;uusi 8334;Kokem„ki;Ylistaro;Koke;2870;;6802393;3253214;;FALSE;FALSE;FALSE;FALSE;FALSE;FALSE;FALSE;FALSE;FALSE;FALSE;TRUE;Stone artefacts;Stone spindle whorl;Spindle whorl;;V„rttin„npy”r„;1;;TRUE;;49;44;7;;;;n„hty kortti Satakunnan museossa
IA;turku65 ;;;Linder;19;;6676220;3325707;;FALSE;FALSE;FALSE;FALSE;FALSE;FALSE;FALSE;FALSE;FALSE;TRUE;FALSE;Stone artefacts;Fire-striking stone;Fire-striking stone;;Soikea tuluskivi;1;;TRUE;kvartsi;76;37;19;0;0;0;
IA;turku121;;;Linder;68;;6688045;3339371;;FALSE;FALSE;FALSE;FALSE;FALSE;FALSE;FALSE;FALSE;FALSE;FALSE;TRUE;Stone artefacts;Stone spindle whorl;Spindle whorl;;V„rttin„npy”r„;2;;TRUE;vaaleanruskea liuske;40;38;12;0;0;0;
IA;turku121;;;Linder;68;;6688045;3339371;;FALSE;FALSE;FALSE;FALSE;FALSE;FALSE;FALSE;FALSE;FALSE;FALSE;TRUE;Stone artefacts;Stone spindle whorl;Spindle whorl;;V„rttin„npy”r„;2;;TRUE;vaaleanruskea liuske;40;38;12;0;0;0;
IA;turku94;;;Linder;125;;6678452;3333011;;FALSE;FALSE;FALSE;FALSE;FALSE;FALSE;FALSE;FALSE;FALSE;FALSE;TRUE;Stone artefacts;Stone spindle whorl;Spindle whorl;;V„rttin„npy”r„;2;;TRUE;vuolukivi;58;57;9;0;0;0;
IA;turku94;;;Linder;125;;6678452;3333011;;FALSE;FALSE;FALSE;FALSE;FALSE;FALSE;FALSE;FALSE;FALSE;FALSE;TRUE;Stone artefacts;Stone spindle whorl;Spindle whorl;;V„rttin„npy”r„;2;;TRUE;vuolukivi;58;57;9;0;0;0;
IA;turku115;;;Linder;244;;6674548;3386008;;FALSE;FALSE;FALSE;FALSE;FALSE;FALSE;FALSE;FALSE;FALSE;TRUE;FALSE;Stone artefacts;Fire-striking stone;Fire-striking stone;;Soikea tuluskivi;1;;TRUE;kvartsiitti;86;41;29;0;0;0;
IA;turku115;;;Linder;244;;6674548;3386008;;FALSE;FALSE;FALSE;FALSE;FALSE;FALSE;FALSE;FALSE;FALSE;TRUE;FALSE;Stone artefacts;Fire-striking stone;Fire-striking stone;;Soikea tuluskivi;1;;TRUE;kvartsiitti;86;41;29;0;0;0;
IA;turku122;;;Linder;304;;6687790;3338913;;FALSE;FALSE;FALSE;FALSE;FALSE;FALSE;FALSE;FALSE;FALSE;TRUE;FALSE;Stone artefacts;Fire-striking stone;Fire-striking stone;;Soikea tuluskivi;1;;TRUE;hiekkakivi;75;48;25;0;0;0;
IA;turku146;Lohja;Koivula;Linder;305;;6690258;3337747;;FALSE;FALSE;FALSE;FALSE;FALSE;FALSE;FALSE;FALSE;FALSE;TRUE;FALSE;Stone artefacts;Fire-striking stone;Fire-striking stone;;Soikea tuluskivi;1;;TRUE;kvartsiitti;74;43;29;0;0;0;
IA;turku146;Huittinen;M„kil„;Linder;305;;6783027;3266257;;FALSE;FALSE;FALSE;FALSE;FALSE;FALSE;FALSE;FALSE;FALSE;TRUE;FALSE;Stone artefacts;Fire-striking stone;Fire-striking stone;;Soikea tuluskivi;1;;TRUE;kvartsiitti;74;43;29;0;0;0;
IA;turku121;;;Linder;306;;6688045;3339371;;FALSE;FALSE;FALSE;FALSE;FALSE;FALSE;FALSE;FALSE;FALSE;TRUE;FALSE;Stone artefacts;Fire-striking stone;Fire-striking stone;;Soikea tuluskivi;1;;TRUE;harmaa kivilaji;80;51;37;0;0;0;
IA;turku121;;;Linder;306;;6688045;3339371;;FALSE;FALSE;FALSE;FALSE;FALSE;FALSE;FALSE;FALSE;FALSE;TRUE;FALSE;Stone artefacts;Fire-striking stone;Fire-striking stone;;Soikea tuluskivi;1;;TRUE;harmaa kivilaji;80;51;37;0;0;0;
IA;turku119;;;Linder;327;;6682297;3313072;;FALSE;FALSE;FALSE;FALSE;FALSE;FALSE;FALSE;FALSE;FALSE;TRUE;FALSE;Stone artefacts;Fire-striking stone;Fire-striking stone;;Soikea tuluskivi;1;;TRUE;kvartsiitti;83;51;27;0;0;0;
IA;turku119;;;Linder;327;;6682297;3313072;;FALSE;FALSE;FALSE;FALSE;FALSE;FALSE;FALSE;FALSE;FALSE;TRUE;FALSE;Stone artefacts;Fire-striking stone;Fire-striking stone;;Soikea tuluskivi;1;;TRUE;kvartsiitti;83;51;27;0;0;0;
IA;uusi 8402;Suomi;;Linder;349;;;;;FALSE;FALSE;FALSE;FALSE;FALSE;FALSE;FALSE;FALSE;FALSE;TRUE;FALSE;Stone artefacts;Fire-striking stone;Fire-striking stone;;Soikea tuluskivi;1;;TRUE;kvartsiitti;77;45;22;0;0;0;
IA;uusi 8361;Raasepori;Borgm„stars;Nyberg;73;;6665978;3314564;;FALSE;FALSE;FALSE;FALSE;FALSE;FALSE;FALSE;FALSE;FALSE;TRUE;FALSE;Stone artefacts;Fire-striking stone;Fire-striking stone;;Soikea tuluskivi;1;;TRUE;kvartsiitti;;;;49;59;24;
IA;uusi 8361;Raasepori;Borgm„stars;Nyberg;73;;6665978;3314564;;FALSE;FALSE;FALSE;FALSE;FALSE;FALSE;FALSE;FALSE;FALSE;TRUE;FALSE;Stone artefacts;Fire-striking stone;Fire-striking stone;;Soikea tuluskivi;1;;TRUE;kvartsiitti;69;52;32;0;0;0;
IA;perni” 0;Salo;Perni”;Per;50;1;6683138;3285410;;FALSE;FALSE;FALSE;FALSE;FALSE;FALSE;FALSE;FALSE;FALSE;TRUE;FALSE;Stone artefacts;Fire-striking stone;Fire-striking stone;;Soikea tuluskivi;1;;TRUE;kvartsiitti;89;51;26;;;;
IA;perni” 18;Salo;Teijon kansakoulu;Per;1502;;6689084;3276275;;FALSE;FALSE;FALSE;FALSE;FALSE;FALSE;FALSE;FALSE;FALSE;TRUE;FALSE;Stone artefacts;Fire-striking stone;Fire-striking stone;;Soikea tuluskivi;1;;TRUE;kvartsiitti;82;42;24;;;;
IA;perni” 24;Salo;Kosken koulu;Per;2093;;6679707;3293731;;FALSE;FALSE;FALSE;FALSE;FALSE;FALSE;FALSE;FALSE;FALSE;FALSE;TRUE;Stone artefacts;Stone spindle whorl;Spindle whorl;;V„rttin„npy”r„;2;;TRUE;kiilleliuske;34;34;7;;;;
IA;perni” 0;Salo;Perni”;Per;3090;;6683138;3285410;;FALSE;FALSE;FALSE;FALSE;FALSE;FALSE;FALSE;FALSE;FALSE;TRUE;FALSE;Stone artefacts;Fire-striking stone;Fire-striking stone;;Soikea tuluskivi;1;;TRUE;hiekkakivi;101;47;41;;;;
IA;uusi 8044;Sastamala;Godmundila;SatM;215;;6808569;3276259;;FALSE;FALSE;FALSE;FALSE;FALSE;FALSE;FALSE;FALSE;FALSE;TRUE;FALSE;Stone artefacts;Fire-striking stone;Fire-striking stone;;Soikea tuluskivi;1;;TRUE;kvartsiitti;86;52;26;;;;
IA;uusi 7105;Ulvila;?;SatM;275;;6827870;3242024;;FALSE;FALSE;FALSE;FALSE;FALSE;FALSE;FALSE;FALSE;FALSE;FALSE;TRUE;Stone artefacts;Stone spindle whorl;Spindle whorl;;V„rttin„npy”r„;2;;TRUE;musta liuske;53;45;9;;;;
IA;uusi 7185;Pori;Riuttula;SatM;984;;6837376;3264684;;FALSE;FALSE;FALSE;FALSE;FALSE;FALSE;FALSE;FALSE;FALSE;FALSE;TRUE;Stone artefacts;Stone spindle whorl;Spindle whorl;;V„rttin„npy”r„;1;;TRUE;musta kivilaji;50;50;10;;;;
IA;uusi 7193;Kokem„ki;?;SatM;1126;;6803048;3250769;;FALSE;FALSE;FALSE;FALSE;FALSE;FALSE;FALSE;FALSE;FALSE;FALSE;TRUE;Stone artefacts;Stone spindle whorl;Spindle whorl;;V„rttin„npy”r„;1;;TRUE;harmaa liuske;55;52;6;;;;
IA;uusi 7226;Lapua;?;SatM;1727;;6991478;3297752;;FALSE;FALSE;FALSE;FALSE;FALSE;FALSE;FALSE;FALSE;FALSE;FALSE;TRUE;Stone artefacts;Stone spindle whorl;Spindle whorl;;V„rttin„npy”r„;2;;TRUE;harmaa liuske;25;23;6;;;;
IA;uusi 7233;Pori;?;SatM;2015;;6842519;3227970;;FALSE;FALSE;FALSE;FALSE;FALSE;FALSE;FALSE;FALSE;FALSE;TRUE;FALSE;Stone artefacts;Fire-striking stone;Fire-striking stone;;Soikea tuluskivi;1;;TRUE;kvartsiitti;76;45;28;;;;
IA;uusi 7240;Kokem„ki;?;SatM;2148;;6811493;3259568;;FALSE;FALSE;FALSE;FALSE;FALSE;FALSE;FALSE;FALSE;FALSE;FALSE;TRUE;Stone artefacts;Stone spindle whorl;Spindle whorl;;V„rttin„npy”r„;2;;TRUE;harmaa kivilaji;47;45;16;;;;
IA;uusi 7253;Sotkamo;?;SatM;2205;;7115440;3567750;;FALSE;FALSE;FALSE;FALSE;FALSE;FALSE;FALSE;FALSE;FALSE;FALSE;TRUE;Stone artefacts;Stone spindle whorl;Spindle whorl;;V„rttin„npy”r„;1;;TRUE;vuolukivi;40;40;10;;;;
IA;uusi 7254;S„kyl„;Kangas;SatM;2209;;6783385;3251591;;FALSE;FALSE;FALSE;FALSE;FALSE;FALSE;FALSE;FALSE;FALSE;TRUE;FALSE;Stone artefacts;Fire-striking stone;Fire-striking stone;;Soikea tuluskivi;1;;TRUE;kvartsiitti;90;51;34;;;;
IA;uusi 7270;Eura;K„ylypolvi;SatM;2419;;6800948;3234830;;FALSE;FALSE;FALSE;FALSE;FALSE;FALSE;FALSE;FALSE;FALSE;TRUE;FALSE;Stone artefacts;Fire-striking stone;Fire-striking stone;;Soikea tuluskivi;1;;TRUE;kvartsiitti;88;40;24;;;;
IA;uusi 7272;Nokia;Maurin talo;SatM;2533;;6820665;3298333;;FALSE;FALSE;FALSE;FALSE;FALSE;FALSE;FALSE;FALSE;FALSE;TRUE;FALSE;Stone artefacts;Fire-striking stone;Fire-striking stone;;Soikea tuluskivi;1;;TRUE;kvartsiitti;89;45;34;;;;
IA;uusi 7281;Pori;Rudanmaa;SatM;2602;;6840091;3237213;;FALSE;FALSE;FALSE;FALSE;FALSE;FALSE;FALSE;FALSE;FALSE;FALSE;TRUE;Stone artefacts;Stone spindle whorl;Spindle whorl;;V„rttin„npy”r„;1;;TRUE;kiilleliuske;39;35;8;;;;
IA;uusi 7285;Pori;Kaupunki;SatM;3033;;6831151;3223099;;FALSE;FALSE;FALSE;FALSE;FALSE;FALSE;FALSE;FALSE;FALSE;FALSE;TRUE;Stone artefacts;Stone spindle whorl;Spindle whorl;;V„rttin„npy”r„;1;;TRUE;kiilleliuske;44;42;8;;;;
IA;1000008628;H„meenkyr”;Jaskara;SatM;3036;;6831620;3301830;102,5;FALSE;FALSE;FALSE;FALSE;FALSE;FALSE;FALSE;FALSE;FALSE;TRUE;FALSE;Stone artefacts;Fire-striking stone;Fire-striking stone;;Soikea tuluskivi;1;;TRUE;kvartsiitti;97;41;22;;;;
IA;uusi 7347;Nakkila;Lammaisten koski;SatM;5550;;6813065;3238582;;FALSE;FALSE;FALSE;FALSE;FALSE;FALSE;FALSE;FALSE;FALSE;FALSE;TRUE;Stone artefacts;Stone spindle whorl;Spindle whorl;;V„rttin„npy”r„;1;;TRUE;hiekkakivi;43;43;17;;;;
IA;uusi 7354;Kankaanp„„;Vihtelj„rvi;SatM;6155;;6856540;3263834;;FALSE;FALSE;FALSE;FALSE;FALSE;FALSE;FALSE;FALSE;FALSE;TRUE;FALSE;Stone artefacts;Fire-striking stone;Fire-striking stone;;Soikea tuluskivi;1;;TRUE;kvartsiitti;90;64;28;;;;
IA;uusi 7463;Kankaanp„„;Vihtelj„rvi;SatM;7244;;6852548;3262282;;FALSE;FALSE;FALSE;FALSE;FALSE;FALSE;FALSE;FALSE;FALSE;TRUE;FALSE;Stone artefacts;Fire-striking stone;Fire-striking stone;;Soikea tuluskivi;2;;TRUE;harmaa kivilaji;54;40;26;;;;
IA;uusi 7472;Kankaanp„„;Vihtelj„rvi;SatM;7254;;6856540;3263834;;FALSE;FALSE;FALSE;FALSE;FALSE;FALSE;FALSE;FALSE;FALSE;FALSE;TRUE;Stone artefacts;Stone spindle whorl;Spindle whorl;;V„rttin„npy”r„;2;;TRUE;kiilleliuske;67;67;12;;;;
IA;1000013541;Karvia;Patoranta;SatM;7629;;6898022;3267974;;FALSE;FALSE;FALSE;FALSE;FALSE;FALSE;FALSE;FALSE;FALSE;TRUE;FALSE;Stone artefacts;Fire-striking stone;Fire-striking stone;;Soikea tuluskivi;1;;TRUE;kvartsiitti;82;43;28;;;;
IA;uusi 7546;Kankaanp„„;Lauhala;SatM;7707;;6894704;3256738;;FALSE;FALSE;FALSE;FALSE;FALSE;FALSE;FALSE;FALSE;FALSE;TRUE;FALSE;Stone artefacts;Fire-striking stone;Fire-striking stone;;Soikea tuluskivi;2;;TRUE;kvartsiitti;102;41;36;;;;
IA;uusi 7654;Kankaanp„„;Vihtelj„rven kyl„;SatM;8125;;6857250;3264491;;FALSE;FALSE;FALSE;FALSE;FALSE;FALSE;FALSE;FALSE;FALSE;TRUE;FALSE;Stone artefacts;Fire-striking stone;Fire-striking stone;;Soikea tuluskivi;1;;TRUE;porfyyri;92;43;27;;;;
IA;uusi 7655;Huittinen;?;SatM;8126;;6776539;3266856;;FALSE;FALSE;FALSE;FALSE;FALSE;FALSE;FALSE;FALSE;FALSE;TRUE;FALSE;Stone artefacts;Fire-striking stone;Fire-striking stone;;Soikea tuluskivi;1;;TRUE;kvartsiitti;82;38;33;;;;
IA;uusi 7667;Kauhajoki;Kauhajoen kyl„;SatM;8190;;6933737;3251161;;FALSE;FALSE;FALSE;FALSE;FALSE;FALSE;FALSE;FALSE;FALSE;TRUE;FALSE;Stone artefacts;Fire-striking stone;Fire-striking stone;;Soikea tuluskivi;1;;TRUE;kvartsiitti;93;56;23;;;;
IA;uusi 7711;Ilmajoki;Kokkolan kyl„;SatM;8240;;6962289;3268094;;FALSE;FALSE;FALSE;FALSE;FALSE;FALSE;FALSE;FALSE;FALSE;TRUE;FALSE;Stone artefacts;Fire-striking stone;Fire-striking stone;;Soikea tuluskivi;1;;TRUE;kvartsiitti;91;41;28;;;;
IA;uusi 7762;Kurikka;?;SatM;8506;;6939103;3281862;;FALSE;FALSE;FALSE;FALSE;FALSE;FALSE;FALSE;FALSE;FALSE;TRUE;FALSE;Stone artefacts;Fire-striking stone;Fire-striking stone;;Soikea tuluskivi;1;;TRUE;kvartsiitti;85;41;28;;;;
IA;uusi 7851;Sastamala;Ulvin kyl„;SatM;8749;;6806917;3274241;;FALSE;FALSE;FALSE;FALSE;FALSE;FALSE;FALSE;FALSE;FALSE;TRUE;FALSE;Stone artefacts;Fire-striking stone;Fire-striking stone;;Soikea tuluskivi;1;;TRUE;kvartsiitti;72;32;26;;;;
IA;uusi 7831;Eura;Panelian kyl„;SatM;8834;;6800155;3230295;;FALSE;FALSE;FALSE;FALSE;FALSE;FALSE;FALSE;FALSE;FALSE;TRUE;FALSE;Stone artefacts;Fire-striking stone;Fire-striking stone;;Soikea tuluskivi;1;;TRUE;kvartsiitti;98;43;31;;;;
IA;uusi 7871;Sastamala;Vesunnin kyl„;SatM;8896;;6828615;3278564;;FALSE;FALSE;FALSE;FALSE;FALSE;FALSE;FALSE;FALSE;FALSE;TRUE;FALSE;Stone artefacts;Fire-striking stone;Fire-striking stone;;Soikea tuluskivi;1;;TRUE;hiekkakivi;85;43;23;;;;
IA;uusi 7867;Sastamala;Kairilan kyl„;SatM;8912;;6824912;3296299;;FALSE;FALSE;FALSE;FALSE;FALSE;FALSE;FALSE;FALSE;FALSE;TRUE;FALSE;Stone artefacts;Fire-striking stone;Fire-striking stone;;Soikea tuluskivi;1;;TRUE;kvartsiitti;80;51;27;;;;
IA;uusi 7874;Sastamala;?;SatM;8919;;6829376;3287531;;FALSE;FALSE;FALSE;FALSE;FALSE;FALSE;FALSE;FALSE;FALSE;FALSE;TRUE;Stone artefacts;Stone spindle whorl;Spindle whorl;;V„rttin„npy”r„;1;;TRUE;harmaa liuske;57;52;8;;;;
IA;uusi 7874;Sastamala;?;SatM;8919;;6829376;3287531;;FALSE;FALSE;FALSE;FALSE;FALSE;FALSE;FALSE;FALSE;FALSE;FALSE;TRUE;Stone artefacts;Stone spindle whorl;Spindle whorl;;V„rttin„npy”r„;1;;TRUE;harmaa liuske;57;52;8;;;;
IA;1000008652;H„meenkyr”;Enonselk„;SatM;8998;;6834720;3304150;60;FALSE;FALSE;FALSE;FALSE;FALSE;FALSE;FALSE;FALSE;FALSE;FALSE;TRUE;Stone artefacts;Stone spindle whorl;Spindle whorl;;V„rttin„npy”r„;1;;TRUE;musta liuske;52;52;14;;;;
IA;1000008652;H„meenkyr”;Enonselk„;SatM;8999;;6834720;3304150;60;FALSE;FALSE;FALSE;FALSE;FALSE;FALSE;FALSE;FALSE;FALSE;FALSE;TRUE;Stone artefacts;Stone spindle whorl;Spindle whorl;;V„rttin„npy”r„;1;;TRUE;kiilleliuske;55;51;12;;;;
IA;uusi 7880;H„meenkyr”;?;SatM;9039;;6832765;3300586;;FALSE;FALSE;FALSE;FALSE;FALSE;FALSE;FALSE;FALSE;FALSE;TRUE;FALSE;Stone artefacts;Fire-striking stone;Fire-striking stone;;Soikea tuluskivi;1;;TRUE;kvartsiitti;77;41;28;;;;
IA;uusi 7822;H„meenkyr”;Lemmakkalan kyl„;SatM;9043;;6835356;3306151;;FALSE;FALSE;FALSE;FALSE;FALSE;FALSE;FALSE;FALSE;FALSE;FALSE;FALSE;Stone artefacts;Grinding stone;;;Kuutiokivi;1;;TRUE;hiekkakivi;65;65;61;;;;
IA;uusi 8189;Ikaalinen;Sammin kyl„;SatM;9147;;6856780;3285931;;FALSE;FALSE;FALSE;FALSE;FALSE;FALSE;FALSE;FALSE;FALSE;TRUE;FALSE;Stone artefacts;Fire-striking stone;Fire-striking stone;;Soikea tuluskivi;1;;TRUE;kvartsiitti;92;33;18;;;;
IA;uusi 8197;Ikaalinen;Ikaalinen;SatM;9150;;6859881;3291779;;FALSE;FALSE;FALSE;FALSE;FALSE;FALSE;FALSE;FALSE;FALSE;TRUE;FALSE;Stone artefacts;Fire-striking stone;Fire-striking stone;;Soikea tuluskivi;1;;TRUE;kvartsiitti;79;43;26;;;;
IA;uusi 8219;Ikaalinen;?;SatM;9154;;6866215;3290694;;FALSE;FALSE;FALSE;FALSE;FALSE;FALSE;FALSE;FALSE;FALSE;TRUE;FALSE;Stone artefacts;Fire-striking stone;Fire-striking stone;;Soikea tuluskivi;1;;TRUE;kvartsiitti;91;46;30;;;;
IA;uusi 8219;Ikaalinen;?;SatM;9154;;6866215;3290694;;FALSE;FALSE;FALSE;FALSE;FALSE;FALSE;FALSE;FALSE;FALSE;TRUE;FALSE;Stone artefacts;Fire-striking stone;Fire-striking stone;;Soikea tuluskivi;1;;TRUE;kvartsiitti;91;46;30;;;;
IA;uusi 8219;Ikaalinen;H”yt„l„n kyl„;SatM;9154;;6866215;3290694;;FALSE;FALSE;FALSE;FALSE;FALSE;FALSE;FALSE;FALSE;FALSE;TRUE;FALSE;Stone artefacts;Fire-striking stone;Fire-striking stone;;Soikea tuluskivi;1;;TRUE;kvartsiitti;91;46;30;;;;
IA;uusi 8219;Ikaalinen;?;SatM;9154;;6866215;3290694;;FALSE;FALSE;FALSE;FALSE;FALSE;FALSE;FALSE;FALSE;FALSE;TRUE;FALSE;Stone artefacts;Fire-striking stone;Fire-striking stone;;Soikea tuluskivi;1;;TRUE;kvartsiitti;91;46;30;;;;
IA;uusi 8191;Ikaalinen;?;SatM;9164;;6857492;3293013;;FALSE;FALSE;FALSE;FALSE;FALSE;FALSE;FALSE;FALSE;FALSE;FALSE;TRUE;Stone artefacts;Stone spindle whorl;Spindle whorl;;V„rttin„npy”r„;1;;TRUE;kiilleliuske;52;52;10;;;;
IA;uusi 8191;Ikaalinen;Hietalan kyl„;SatM;9164;;6857492;3293013;;FALSE;FALSE;FALSE;FALSE;FALSE;FALSE;FALSE;FALSE;FALSE;FALSE;TRUE;Stone artefacts;Stone spindle whorl;Spindle whorl;;V„rttin„npy”r„;1;;TRUE;kiilleliuske;52;52;10;;;;
IA;uusi 8191;Ikaalinen;L„ykin kyl„;SatM;9164;;6857492;3293013;;FALSE;FALSE;FALSE;FALSE;FALSE;FALSE;FALSE;FALSE;FALSE;FALSE;TRUE;Stone artefacts;Stone spindle whorl;Spindle whorl;;V„rttin„npy”r„;1;;TRUE;kiilleliuske;52;52;10;;;;
IA;uusi 8191;Ikaalinen;?;SatM;9164;;6857492;3293013;;FALSE;FALSE;FALSE;FALSE;FALSE;FALSE;FALSE;FALSE;FALSE;FALSE;TRUE;Stone artefacts;Stone spindle whorl;Spindle whorl;;V„rttin„npy”r„;1;;TRUE;kiilleliuske;52;52;10;;;;
IA;uusi 8191;Ikaalinen;Ikaalinen;SatM;9164;;6857492;3293013;;FALSE;FALSE;FALSE;FALSE;FALSE;FALSE;FALSE;FALSE;FALSE;FALSE;TRUE;Stone artefacts;Stone spindle whorl;Spindle whorl;;V„rttin„npy”r„;1;;TRUE;kiilleliuske;52;52;10;;;;
IA;uusi 8191;Ikaalinen;?;SatM;9164;;6857492;3293013;;FALSE;FALSE;FALSE;FALSE;FALSE;FALSE;FALSE;FALSE;FALSE;FALSE;TRUE;Stone artefacts;Stone spindle whorl;Spindle whorl;;V„rttin„npy”r„;1;;TRUE;kiilleliuske;52;52;10;;;;
IA;uusi 8191;Ikaalinen;?;SatM;9164;;6857492;3293013;;FALSE;FALSE;FALSE;FALSE;FALSE;FALSE;FALSE;FALSE;FALSE;FALSE;TRUE;Stone artefacts;Stone spindle whorl;Spindle whorl;;V„rttin„npy”r„;1;;TRUE;kiilleliuske;52;52;10;;;;
IA;uusi 8191;Ikaalinen;?;SatM;9164;;6857492;3293013;;FALSE;FALSE;FALSE;FALSE;FALSE;FALSE;FALSE;FALSE;FALSE;FALSE;TRUE;Stone artefacts;Stone spindle whorl;Spindle whorl;;V„rttin„npy”r„;1;;TRUE;kiilleliuske;52;52;10;;;;
IA;uusi 8191;Ikaalinen;?;SatM;9165;;6857492;3293013;;FALSE;FALSE;FALSE;FALSE;FALSE;FALSE;FALSE;FALSE;FALSE;FALSE;TRUE;Stone artefacts;Stone spindle whorl;Spindle whorl;;V„rttin„npy”r„;1;;TRUE;kiilleliuske;52;52;10;;;;
IA;uusi 8191;Ikaalinen;?;SatM;9165;;6857492;3293013;;FALSE;FALSE;FALSE;FALSE;FALSE;FALSE;FALSE;FALSE;FALSE;FALSE;TRUE;Stone artefacts;Stone spindle whorl;Spindle whorl;;V„rttin„npy”r„;1;;TRUE;kiilleliuske;52;52;10;;;;
IA;uusi 8191;Ikaalinen;?;SatM;9165;;6857492;3293013;;FALSE;FALSE;FALSE;FALSE;FALSE;FALSE;FALSE;FALSE;FALSE;FALSE;TRUE;Stone artefacts;Stone spindle whorl;Spindle whorl;;V„rttin„npy”r„;1;;TRUE;kiilleliuske;52;52;10;;;;
IA;uusi 8191;Ikaalinen;?;SatM;9165;;6857492;3293013;;FALSE;FALSE;FALSE;FALSE;FALSE;FALSE;FALSE;FALSE;FALSE;FALSE;TRUE;Stone artefacts;Stone spindle whorl;Spindle whorl;;V„rttin„npy”r„;1;;TRUE;kiilleliuske;52;52;10;;;;
IA;uusi 8191;Ikaalinen;Ikaalinen;SatM;9165;;6857492;3293013;;FALSE;FALSE;FALSE;FALSE;FALSE;FALSE;FALSE;FALSE;FALSE;FALSE;TRUE;Stone artefacts;Stone spindle whorl;Spindle whorl;;V„rttin„npy”r„;1;;TRUE;kiilleliuske;52;52;10;;;;
IA;uusi 8191;Ikaalinen;?;SatM;9165;;6857492;3293013;;FALSE;FALSE;FALSE;FALSE;FALSE;FALSE;FALSE;FALSE;FALSE;FALSE;TRUE;Stone artefacts;Stone spindle whorl;Spindle whorl;;V„rttin„npy”r„;1;;TRUE;kiilleliuske;52;52;10;;;;
IA;uusi 8191;Ikaalinen;Hietalan kyl„;SatM;9165;;6857492;3293013;;FALSE;FALSE;FALSE;FALSE;FALSE;FALSE;FALSE;FALSE;FALSE;FALSE;TRUE;Stone artefacts;Stone spindle whorl;Spindle whorl;;V„rttin„npy”r„;1;;TRUE;kiilleliuske;52;52;10;;;;
IA;uusi 8191;Ikaalinen;L„ykin kyl„;SatM;9165;;6857492;3293013;;FALSE;FALSE;FALSE;FALSE;FALSE;FALSE;FALSE;FALSE;FALSE;FALSE;TRUE;Stone artefacts;Stone spindle whorl;Spindle whorl;;V„rttin„npy”r„;1;;TRUE;kiilleliuske;52;52;10;;;;
IA;uusi 8191;Ikaalinen;?;SatM;9166;;6857492;3293013;;FALSE;FALSE;FALSE;FALSE;FALSE;FALSE;FALSE;FALSE;FALSE;FALSE;TRUE;Stone artefacts;Stone spindle whorl;Spindle whorl;;V„rttin„npy”r„;1;;TRUE;kiilleliuske;57;57;10;;;;
IA;uusi 8191;Ikaalinen;?;SatM;9166;;6857492;3293013;;FALSE;FALSE;FALSE;FALSE;FALSE;FALSE;FALSE;FALSE;FALSE;FALSE;TRUE;Stone artefacts;Stone spindle whorl;Spindle whorl;;V„rttin„npy”r„;1;;TRUE;kiilleliuske;57;57;10;;;;
IA;uusi 8191;Ikaalinen;?;SatM;9166;;6857492;3293013;;FALSE;FALSE;FALSE;FALSE;FALSE;FALSE;FALSE;FALSE;FALSE;FALSE;TRUE;Stone artefacts;Stone spindle whorl;Spindle whorl;;V„rttin„npy”r„;1;;TRUE;kiilleliuske;57;57;10;;;;
IA;uusi 8191;Ikaalinen;?;SatM;9166;;6857492;3293013;;FALSE;FALSE;FALSE;FALSE;FALSE;FALSE;FALSE;FALSE;FALSE;FALSE;TRUE;Stone artefacts;Stone spindle whorl;Spindle whorl;;V„rttin„npy”r„;1;;TRUE;kiilleliuske;57;57;10;;;;
IA;uusi 8191;Ikaalinen;L„ykin kyl„;SatM;9166;;6857492;3293013;;FALSE;FALSE;FALSE;FALSE;FALSE;FALSE;FALSE;FALSE;FALSE;FALSE;TRUE;Stone artefacts;Stone spindle whorl;Spindle whorl;;V„rttin„npy”r„;1;;TRUE;kiilleliuske;57;57;10;;;;
IA;uusi 8191;Ikaalinen;?;SatM;9166;;6857492;3293013;;FALSE;FALSE;FALSE;FALSE;FALSE;FALSE;FALSE;FALSE;FALSE;FALSE;TRUE;Stone artefacts;Stone spindle whorl;Spindle whorl;;V„rttin„npy”r„;1;;TRUE;kiilleliuske;57;57;10;;;;
IA;uusi 8191;Ikaalinen;Hietalan kyl„;SatM;9166;;6857492;3293013;;FALSE;FALSE;FALSE;FALSE;FALSE;FALSE;FALSE;FALSE;FALSE;FALSE;TRUE;Stone artefacts;Stone spindle whorl;Spindle whorl;;V„rttin„npy”r„;1;;TRUE;kiilleliuske;57;57;10;;;;
IA;uusi 8191;Ikaalinen;Ikaalinen;SatM;9166;;6857492;3293013;;FALSE;FALSE;FALSE;FALSE;FALSE;FALSE;FALSE;FALSE;FALSE;FALSE;TRUE;Stone artefacts;Stone spindle whorl;Spindle whorl;;V„rttin„npy”r„;1;;TRUE;kiilleliuske;57;57;10;;;;
IA;uusi 8256;Parkano;Kuivaskyl„;SatM;9191;;6900018;3290944;;FALSE;FALSE;FALSE;FALSE;FALSE;FALSE;FALSE;FALSE;FALSE;TRUE;FALSE;Stone artefacts;Fire-striking stone;Fire-striking stone;;Soikea tuluskivi;1;;TRUE;kvartsiitti;82;43;18;;;;
IA;uusi 8257;Parkano;Kankarin kyl„;SatM;9272;;6903754;3296238;;FALSE;FALSE;FALSE;FALSE;FALSE;FALSE;FALSE;FALSE;FALSE;TRUE;FALSE;Stone artefacts;Fire-striking stone;Fire-striking stone;;Soikea tuluskivi;1;;TRUE;kvartsiitti;87;48;31;;;;
IA;uusi 8257;Parkano;?;SatM;9272;;6903754;3296238;;FALSE;FALSE;FALSE;FALSE;FALSE;FALSE;FALSE;FALSE;FALSE;TRUE;FALSE;Stone artefacts;Fire-striking stone;Fire-striking stone;;Soikea tuluskivi;1;;TRUE;kvartsiitti;87;48;31;;;;
IA;uusi 7974;S„kyl„;?;SatM;9299;;6794641;3243725;;FALSE;FALSE;FALSE;FALSE;FALSE;FALSE;FALSE;FALSE;FALSE;TRUE;FALSE;Stone artefacts;Fire-striking stone;Fire-striking stone;;Soikea tuluskivi;1;;TRUE;kvartsiitti;68;35;31;;;;
IA;uusi 7974;S„kyl„;?;SatM;9299;;6794641;3243725;;FALSE;FALSE;FALSE;FALSE;FALSE;FALSE;FALSE;FALSE;FALSE;TRUE;FALSE;Stone artefacts;Fire-striking stone;Fire-striking stone;;Soikea tuluskivi;1;;TRUE;kvartsiitti;68;35;31;;;;
IA;uusi 7974;S„kyl„;?;SatM;9299;;6794641;3243725;;FALSE;FALSE;FALSE;FALSE;FALSE;FALSE;FALSE;FALSE;FALSE;TRUE;FALSE;Stone artefacts;Fire-striking stone;Fire-striking stone;;Soikea tuluskivi;1;;TRUE;kvartsiitti;68;35;31;;;;
IA;uusi 7974;S„kyl„;Tuiskulan kyl„;SatM;9299;;6794641;3243725;;FALSE;FALSE;FALSE;FALSE;FALSE;FALSE;FALSE;FALSE;FALSE;TRUE;FALSE;Stone artefacts;Fire-striking stone;Fire-striking stone;;Soikea tuluskivi;1;;TRUE;kvartsiitti;68;35;31;;;;
IA;uusi 8208;Kankaanp„„;Hongiston kyl„;SatM;9308;;6863752;3257475;;FALSE;FALSE;FALSE;FALSE;FALSE;FALSE;FALSE;FALSE;FALSE;FALSE;TRUE;Stone artefacts;Stone spindle whorl;Spindle whorl;;V„rttin„npy”r„;1;;TRUE;kiilleliuske;53;53;12;;;;
IA;uusi 8208;Kankaanp„„;?;SatM;9308;;6863752;3257475;;FALSE;FALSE;FALSE;FALSE;FALSE;FALSE;FALSE;FALSE;FALSE;FALSE;TRUE;Stone artefacts;Stone spindle whorl;Spindle whorl;;V„rttin„npy”r„;1;;TRUE;kiilleliuske;53;53;12;;;;
IA;uusi 8208;Kankaanp„„;Hirvikosken kyl„;SatM;9308;;6863752;3257475;;FALSE;FALSE;FALSE;FALSE;FALSE;FALSE;FALSE;FALSE;FALSE;FALSE;TRUE;Stone artefacts;Stone spindle whorl;Spindle whorl;;V„rttin„npy”r„;1;;TRUE;kiilleliuske;53;53;12;;;;
IA;uusi 8208;Kankaanp„„;Kirkonkyl„;SatM;9308;;6863752;3257475;;FALSE;FALSE;FALSE;FALSE;FALSE;FALSE;FALSE;FALSE;FALSE;FALSE;TRUE;Stone artefacts;Stone spindle whorl;Spindle whorl;;V„rttin„npy”r„;1;;TRUE;kiilleliuske;53;53;12;;;;
IA;uusi 8208;Kankaanp„„;?;SatM;9308;;6863752;3257475;;FALSE;FALSE;FALSE;FALSE;FALSE;FALSE;FALSE;FALSE;FALSE;FALSE;TRUE;Stone artefacts;Stone spindle whorl;Spindle whorl;;V„rttin„npy”r„;1;;TRUE;kiilleliuske;53;53;12;;;;
IA;uusi 8208;Kankaanp„„;?;SatM;9308;;6863752;3257475;;FALSE;FALSE;FALSE;FALSE;FALSE;FALSE;FALSE;FALSE;FALSE;FALSE;TRUE;Stone artefacts;Stone spindle whorl;Spindle whorl;;V„rttin„npy”r„;1;;TRUE;kiilleliuske;53;53;12;;;;
IA;uusi 8208;Kankaanp„„;?;SatM;9308;;6863752;3257475;;FALSE;FALSE;FALSE;FALSE;FALSE;FALSE;FALSE;FALSE;FALSE;FALSE;TRUE;Stone artefacts;Stone spindle whorl;Spindle whorl;;V„rttin„npy”r„;1;;TRUE;kiilleliuske;53;53;12;;;;
IA;uusi 8208;Kankaanp„„;?;SatM;9308;;6863752;3257475;;FALSE;FALSE;FALSE;FALSE;FALSE;FALSE;FALSE;FALSE;FALSE;FALSE;TRUE;Stone artefacts;Stone spindle whorl;Spindle whorl;;V„rttin„npy”r„;1;;TRUE;kiilleliuske;53;53;12;;;;
IA;uusi 8208;Kankaanp„„;Kankaanp„„n kyl„;SatM;9308;;6863752;3257475;;FALSE;FALSE;FALSE;FALSE;FALSE;FALSE;FALSE;FALSE;FALSE;FALSE;TRUE;Stone artefacts;Stone spindle whorl;Spindle whorl;;V„rttin„npy”r„;1;;TRUE;kiilleliuske;53;53;12;;;;
IA;uusi 8208;Kankaanp„„;?;SatM;9308;;6863752;3257475;;FALSE;FALSE;FALSE;FALSE;FALSE;FALSE;FALSE;FALSE;FALSE;FALSE;TRUE;Stone artefacts;Stone spindle whorl;Spindle whorl;;V„rttin„npy”r„;1;;TRUE;kiilleliuske;53;53;12;;;;
IA;uusi 8208;Kankaanp„„;Riihim„ki;SatM;9308;;6863752;3257475;;FALSE;FALSE;FALSE;FALSE;FALSE;FALSE;FALSE;FALSE;FALSE;FALSE;TRUE;Stone artefacts;Stone spindle whorl;Spindle whorl;;V„rttin„npy”r„;1;;TRUE;kiilleliuske;53;53;12;;;;
IA;uusi 8208;Kankaanp„„;Riihim„ki;SatM;9308;;6863752;3257475;;FALSE;FALSE;FALSE;FALSE;FALSE;FALSE;FALSE;FALSE;FALSE;FALSE;TRUE;Stone artefacts;Stone spindle whorl;Spindle whorl;;V„rttin„npy”r„;1;;TRUE;kiilleliuske;53;53;12;;;;
IA;uusi 8208;Kankaanp„„;Kirkonkyl„;SatM;9308;;6863752;3257475;;FALSE;FALSE;FALSE;FALSE;FALSE;FALSE;FALSE;FALSE;FALSE;FALSE;TRUE;Stone artefacts;Stone spindle whorl;Spindle whorl;;V„rttin„npy”r„;1;;TRUE;kiilleliuske;53;53;12;;;;
IA;uusi 8208;Kankaanp„„;Hirvikosken kyl„;SatM;9308;;6863752;3257475;;FALSE;FALSE;FALSE;FALSE;FALSE;FALSE;FALSE;FALSE;FALSE;FALSE;TRUE;Stone artefacts;Stone spindle whorl;Spindle whorl;;V„rttin„npy”r„;1;;TRUE;kiilleliuske;53;53;12;;;;
IA;uusi 8245;Isojoki;Kortesj„rven kyl„;SatM;9309;;6890993;3242760;;FALSE;FALSE;FALSE;FALSE;FALSE;FALSE;FALSE;FALSE;FALSE;TRUE;FALSE;Stone artefacts;Fire-striking stone;Fire-striking stone;;Soikea tuluskivi;1;;TRUE;kvartsiitti;103;51;28;;;;
IA;uusi 7950;S„kyl„;Yttil„n kyl„;SatM;9657;;6786796;3251019;;FALSE;FALSE;FALSE;FALSE;FALSE;FALSE;FALSE;FALSE;FALSE;TRUE;FALSE;Stone artefacts;Fire-striking stone;Fire-striking stone;;Soikea tuluskivi;1;;TRUE;kvartsiitti;75;40;24;;;;
IA;uusi 7938;Eura;Mannilan kyl„;SatM;9662;;6777124;3239112;;FALSE;FALSE;FALSE;FALSE;FALSE;FALSE;FALSE;FALSE;FALSE;TRUE;FALSE;Stone artefacts;Fire-striking stone;Fire-striking stone;;Soikea tuluskivi;1;;TRUE;kvartsiitti;79;42;30;;;;
IA;uusi 8217;Kankaanp„„;Kankaanp„„;SatM;10067;;6865830;3254046;;FALSE;FALSE;FALSE;FALSE;FALSE;FALSE;FALSE;FALSE;FALSE;FALSE;TRUE;Stone artefacts;Stone spindle whorl;Spindle whorl;;V„rttin„npy”r„;1;;TRUE;kiilleliuske;43;43;13;;;;
IA;uusi 7985;Eura;?;SatM;10214;;6799234;3236155;;FALSE;FALSE;FALSE;FALSE;FALSE;FALSE;FALSE;FALSE;FALSE;TRUE;FALSE;Stone artefacts;Fire-striking stone;Fire-striking stone;;Soikea tuluskivi;1;;TRUE;hiekkakivi;71;48;34;;;;
IA;uusi 7985;Eura;?;SatM;10214;;6799234;3236155;;FALSE;FALSE;FALSE;FALSE;FALSE;FALSE;FALSE;FALSE;FALSE;TRUE;FALSE;Stone artefacts;Fire-striking stone;Fire-striking stone;;Soikea tuluskivi;1;;TRUE;hiekkakivi;71;48;34;;;;
IA;uusi 7985;Eura;?;SatM;10214;;6799234;3236155;;FALSE;FALSE;FALSE;FALSE;FALSE;FALSE;FALSE;FALSE;FALSE;TRUE;FALSE;Stone artefacts;Fire-striking stone;Fire-striking stone;;Soikea tuluskivi;1;;TRUE;hiekkakivi;71;48;34;;;;
IA;uusi 7985;Eura;?;SatM;10214;;6799234;3236155;;FALSE;FALSE;FALSE;FALSE;FALSE;FALSE;FALSE;FALSE;FALSE;TRUE;FALSE;Stone artefacts;Fire-striking stone;Fire-striking stone;;Soikea tuluskivi;1;;TRUE;hiekkakivi;71;48;34;;;;
IA;uusi 7985;Eura;?;SatM;10214;;6799234;3236155;;FALSE;FALSE;FALSE;FALSE;FALSE;FALSE;FALSE;FALSE;FALSE;TRUE;FALSE;Stone artefacts;Fire-striking stone;Fire-striking stone;;Soikea tuluskivi;1;;TRUE;hiekkakivi;71;48;34;;;;
IA;1000012592;J„mij„rvi;Ala-Rotu;SatM;10255;;6863693;3273831;102,5;FALSE;FALSE;FALSE;FALSE;FALSE;FALSE;FALSE;FALSE;FALSE;TRUE;FALSE;Stone artefacts;Fire-striking stone;Fire-striking stone;;Soikea tuluskivi;1;;TRUE;kvartsiitti;78;62;29;;;;
IA;uusi 8209;J„mij„rvi;?;SatM;10259;;6864558;3273176;;FALSE;FALSE;FALSE;FALSE;FALSE;FALSE;FALSE;FALSE;FALSE;FALSE;TRUE;Stone artefacts;Stone spindle whorl;Spindle whorl;;V„rttin„npy”r„;1;;TRUE;kiilleliuske;56;56;9;;;;
IA;uusi 8209;J„mij„rvi;?;SatM;10259;;6864558;3273176;;FALSE;FALSE;FALSE;FALSE;FALSE;FALSE;FALSE;FALSE;FALSE;FALSE;TRUE;Stone artefacts;Stone spindle whorl;Spindle whorl;;V„rttin„npy”r„;1;;TRUE;kiilleliuske;56;56;9;;;;
IA;uusi 8213;Ikaalinen;Mietoisten kyl„;SatM;10319;;6865038;3296855;;FALSE;FALSE;FALSE;FALSE;FALSE;FALSE;FALSE;FALSE;FALSE;TRUE;FALSE;Stone artefacts;Fire-striking stone;Fire-striking stone;;Soikea tuluskivi;1;;TRUE;kvartsiitti;91;50;22;;;;
IA;uusi 8004;Eurajoki;Auvin kyl„;SatM;10336;;6802786;3213356;;FALSE;FALSE;FALSE;FALSE;FALSE;FALSE;FALSE;FALSE;FALSE;FALSE;TRUE;Stone artefacts;Stone spindle whorl;Spindle whorl;;V„rttin„npy”r„;1;;TRUE;vuolukivi;53;53;8;;;;
IA;uusi 8208;Kankaanp„„;?;SatM;10348;;6863752;3257475;;FALSE;FALSE;FALSE;FALSE;FALSE;FALSE;FALSE;FALSE;FALSE;FALSE;TRUE;Stone artefacts;Stone spindle whorl;Spindle whorl;;V„rttin„npy”r„;;;FALSE;hiekkakivi;53;53;10;;;;
IA;uusi 8208;Kankaanp„„;Kirkonkyl„;SatM;10348;;6863752;3257475;;FALSE;FALSE;FALSE;FALSE;FALSE;FALSE;FALSE;FALSE;FALSE;FALSE;TRUE;Stone artefacts;Stone spindle whorl;Spindle whorl;;V„rttin„npy”r„;;;FALSE;hiekkakivi;53;53;10;;;;
IA;uusi 8208;Kankaanp„„;?;SatM;10348;;6863752;3257475;;FALSE;FALSE;FALSE;FALSE;FALSE;FALSE;FALSE;FALSE;FALSE;FALSE;TRUE;Stone artefacts;Stone spindle whorl;Spindle whorl;;V„rttin„npy”r„;;;FALSE;hiekkakivi;53;53;10;;;;
IA;uusi 8208;Kankaanp„„;?;SatM;10348;;6863752;3257475;;FALSE;FALSE;FALSE;FALSE;FALSE;FALSE;FALSE;FALSE;FALSE;FALSE;TRUE;Stone artefacts;Stone spindle whorl;Spindle whorl;;V„rttin„npy”r„;;;FALSE;hiekkakivi;53;53;10;;;;
IA;uusi 8208;Kankaanp„„;Hirvikosken kyl„;SatM;10348;;6863752;3257475;;FALSE;FALSE;FALSE;FALSE;FALSE;FALSE;FALSE;FALSE;FALSE;FALSE;TRUE;Stone artefacts;Stone spindle whorl;Spindle whorl;;V„rttin„npy”r„;;;FALSE;hiekkakivi;53;53;10;;;;
IA;uusi 8208;Kankaanp„„;Hirvikosken kyl„;SatM;10348;;6863752;3257475;;FALSE;FALSE;FALSE;FALSE;FALSE;FALSE;FALSE;FALSE;FALSE;FALSE;TRUE;Stone artefacts;Stone spindle whorl;Spindle whorl;;V„rttin„npy”r„;;;FALSE;hiekkakivi;53;53;10;;;;
IA;uusi 8208;Kankaanp„„;Kirkonkyl„;SatM;10348;;6863752;3257475;;FALSE;FALSE;FALSE;FALSE;FALSE;FALSE;FALSE;FALSE;FALSE;FALSE;TRUE;Stone artefacts;Stone spindle whorl;Spindle whorl;;V„rttin„npy”r„;;;FALSE;hiekkakivi;53;53;10;;;;
IA;uusi 8208;Kankaanp„„;?;SatM;10348;;6863752;3257475;;FALSE;FALSE;FALSE;FALSE;FALSE;FALSE;FALSE;FALSE;FALSE;FALSE;TRUE;Stone artefacts;Stone spindle whorl;Spindle whorl;;V„rttin„npy”r„;;;FALSE;hiekkakivi;53;53;10;;;;
IA;uusi 8208;Kankaanp„„;Hongiston kyl„;SatM;10348;;6863752;3257475;;FALSE;FALSE;FALSE;FALSE;FALSE;FALSE;FALSE;FALSE;FALSE;FALSE;TRUE;Stone artefacts;Stone spindle whorl;Spindle whorl;;V„rttin„npy”r„;;;FALSE;hiekkakivi;53;53;10;;;;
IA;uusi 8208;Kankaanp„„;?;SatM;10348;;6863752;3257475;;FALSE;FALSE;FALSE;FALSE;FALSE;FALSE;FALSE;FALSE;FALSE;FALSE;TRUE;Stone artefacts;Stone spindle whorl;Spindle whorl;;V„rttin„npy”r„;;;FALSE;hiekkakivi;53;53;10;;;;
IA;uusi 8208;Kankaanp„„;Kankaanp„„n kyl„;SatM;10348;;6863752;3257475;;FALSE;FALSE;FALSE;FALSE;FALSE;FALSE;FALSE;FALSE;FALSE;FALSE;TRUE;Stone artefacts;Stone spindle whorl;Spindle whorl;;V„rttin„npy”r„;;;FALSE;hiekkakivi;53;53;10;;;;
IA;uusi 8208;Kankaanp„„;Riihim„ki;SatM;10348;;6863752;3257475;;FALSE;FALSE;FALSE;FALSE;FALSE;FALSE;FALSE;FALSE;FALSE;FALSE;TRUE;Stone artefacts;Stone spindle whorl;Spindle whorl;;V„rttin„npy”r„;;;FALSE;hiekkakivi;53;53;10;;;;
IA;uusi 8208;Kankaanp„„;?;SatM;10348;;6863752;3257475;;FALSE;FALSE;FALSE;FALSE;FALSE;FALSE;FALSE;FALSE;FALSE;FALSE;TRUE;Stone artefacts;Stone spindle whorl;Spindle whorl;;V„rttin„npy”r„;;;FALSE;hiekkakivi;53;53;10;;;;
IA;uusi 8208;Kankaanp„„;Riihim„ki;SatM;10348;;6863752;3257475;;FALSE;FALSE;FALSE;FALSE;FALSE;FALSE;FALSE;FALSE;FALSE;FALSE;TRUE;Stone artefacts;Stone spindle whorl;Spindle whorl;;V„rttin„npy”r„;;;FALSE;hiekkakivi;53;53;10;;;;
IA;uusi 8291;Kurikka;Kurikka;SatM;10436;;6954463;3264125;;FALSE;FALSE;FALSE;FALSE;FALSE;FALSE;FALSE;FALSE;FALSE;TRUE;FALSE;Stone artefacts;Fire-striking stone;Fire-striking stone;;Soikea tuluskivi;1;;TRUE;hiekkakivi;101;54;38;;;;
IA;uusi 8291;Kurikka;Saaren kyl„;SatM;10436;;6955443;3265665;;FALSE;FALSE;FALSE;FALSE;FALSE;FALSE;FALSE;FALSE;FALSE;TRUE;FALSE;Stone artefacts;Fire-striking stone;Fire-striking stone;;Soikea tuluskivi;1;;TRUE;hiekkakivi;101;54;38;;;;
IA;uusi 7928;Myn„m„ki;;SatM;12079;;6740280;3226401;;FALSE;FALSE;FALSE;FALSE;FALSE;FALSE;FALSE;FALSE;FALSE;TRUE;FALSE;Stone artefacts;Fire-striking stone;Fire-striking stone;;Soikea tuluskivi;1;;TRUE;hiekkakivi;89;61;44;;;;
IA;uusi 7928;Myn„m„ki;;SatM;12079;;6740280;3226401;;FALSE;FALSE;FALSE;FALSE;FALSE;FALSE;FALSE;FALSE;FALSE;TRUE;FALSE;Stone artefacts;Fire-striking stone;Fire-striking stone;;Soikea tuluskivi;1;;TRUE;hiekkakivi;89;61;44;;;;
IA;uusi 8094;Ulvila;?;SatM;16262;;6826450;3234905;;FALSE;FALSE;FALSE;FALSE;FALSE;FALSE;FALSE;FALSE;FALSE;FALSE;TRUE;Stone artefacts;Stone spindle whorl;Spindle whorl;;V„rttin„npy”r„;1;;TRUE;harmaa liuske;50;50;10;;;;
IA;uusi 8082;Nakkila;Lattomeri;SatM;16409;;6821702;3221854;;FALSE;FALSE;FALSE;FALSE;FALSE;FALSE;FALSE;FALSE;FALSE;TRUE;FALSE;Stone artefacts;Fire-striking stone;Fire-striking stone;;Soikea tuluskivi;1;;TRUE;kvartsiitti;83;35;46;;;;
IA;uusi 8082;Pori;Lattomeri;SatM;16409;;6821702;3221854;;FALSE;FALSE;FALSE;FALSE;FALSE;FALSE;FALSE;FALSE;FALSE;TRUE;FALSE;Stone artefacts;Fire-striking stone;Fire-striking stone;;Soikea tuluskivi;1;;TRUE;kvartsiitti;83;35;46;;;;
IA;uusi 8082;Nakkila;Latomeren kyl„;SatM;16409;;6821702;3221854;;FALSE;FALSE;FALSE;FALSE;FALSE;FALSE;FALSE;FALSE;FALSE;TRUE;FALSE;Stone artefacts;Fire-striking stone;Fire-striking stone;;Soikea tuluskivi;1;;TRUE;kvartsiitti;83;35;46;;;;
IA;uusi 8079;Ulvila;Kaasmarkku;SatM;17004;;6821178;3237135;;FALSE;FALSE;FALSE;FALSE;FALSE;FALSE;FALSE;FALSE;FALSE;TRUE;FALSE;Stone artefacts;Fire-striking stone;Fire-striking stone;;Soikea tuluskivi;1;;TRUE;kvartsiitti;92;47;32;;;;
IA;uusi 8006;Kokem„ki;;SatM;17502;;6803048;3250769;;FALSE;FALSE;FALSE;FALSE;FALSE;FALSE;FALSE;FALSE;FALSE;FALSE;FALSE;Stone artefacts;Grinding stone;;;Kuutiokivi;2;;TRUE;hiekkakivi;67;66;62;;;;
IA;uusi 8006;Kokem„ki;?;SatM;17502;;6803048;3250769;;FALSE;FALSE;FALSE;FALSE;FALSE;FALSE;FALSE;FALSE;FALSE;FALSE;FALSE;Stone artefacts;Grinding stone;;;Kuutiokivi;2;;TRUE;hiekkakivi;67;66;62;;;;
IA;uusi 8006;Kokem„ki;Peruskartta 1134 12;SatM;17502;;6803048;3250769;;FALSE;FALSE;FALSE;FALSE;FALSE;FALSE;FALSE;FALSE;FALSE;FALSE;FALSE;Stone artefacts;Grinding stone;;;Kuutiokivi;2;;TRUE;hiekkakivi;67;66;62;;;;
IA;uusi 8006;Kokem„ki;?;SatM;17502;;6803048;3250769;;FALSE;FALSE;FALSE;FALSE;FALSE;FALSE;FALSE;FALSE;FALSE;FALSE;FALSE;Stone artefacts;Grinding stone;;;Kuutiokivi;2;;TRUE;hiekkakivi;67;66;62;;;;
IA;uusi 8006;Kokem„ki;Kokem„ki;SatM;17502;;6803048;3250769;;FALSE;FALSE;FALSE;FALSE;FALSE;FALSE;FALSE;FALSE;FALSE;FALSE;FALSE;Stone artefacts;Grinding stone;;;Kuutiokivi;2;;TRUE;hiekkakivi;67;66;62;;;;
IA;uusi 8006;Kokem„ki;?;SatM;17502;;6803048;3250769;;FALSE;FALSE;FALSE;FALSE;FALSE;FALSE;FALSE;FALSE;FALSE;FALSE;FALSE;Stone artefacts;Grinding stone;;;Kuutiokivi;2;;TRUE;hiekkakivi;67;66;62;;;;
IA;uusi 8006;Kokem„ki;?;SatM;17502;;6803048;3250769;;FALSE;FALSE;FALSE;FALSE;FALSE;FALSE;FALSE;FALSE;FALSE;FALSE;FALSE;Stone artefacts;Grinding stone;;;Kuutiokivi;2;;TRUE;hiekkakivi;67;66;62;;;;
IA;uusi 8006;Kokem„ki;?;SatM;17502;;6803048;3250769;;FALSE;FALSE;FALSE;FALSE;FALSE;FALSE;FALSE;FALSE;FALSE;FALSE;FALSE;Stone artefacts;Grinding stone;;;Kuutiokivi;2;;TRUE;hiekkakivi;67;66;62;;;;
IA;uusi 8006;Kokem„ki;Karneojan kyl„;SatM;17502;;6803048;3250769;;FALSE;FALSE;FALSE;FALSE;FALSE;FALSE;FALSE;FALSE;FALSE;FALSE;FALSE;Stone artefacts;Grinding stone;;;Kuutiokivi;2;;TRUE;hiekkakivi;67;66;62;;;;
IA;uusi 8006;Kokem„ki;M„kikyl„;SatM;17502;;6803048;3250769;;FALSE;FALSE;FALSE;FALSE;FALSE;FALSE;FALSE;FALSE;FALSE;FALSE;FALSE;Stone artefacts;Grinding stone;;;Kuutiokivi;2;;TRUE;hiekkakivi;67;66;62;;;;
IA;uusi 8006;Kokem„ki;Sonnisaari;SatM;17502;;6803048;3250769;;FALSE;FALSE;FALSE;FALSE;FALSE;FALSE;FALSE;FALSE;FALSE;FALSE;FALSE;Stone artefacts;Grinding stone;;;Kuutiokivi;2;;TRUE;hiekkakivi;67;66;62;;;;
IA;uusi 8006;Kokem„ki;Kotkasten kyl„;SatM;17502;;6803048;3250769;;FALSE;FALSE;FALSE;FALSE;FALSE;FALSE;FALSE;FALSE;FALSE;FALSE;FALSE;Stone artefacts;Grinding stone;;;Kuutiokivi;2;;TRUE;hiekkakivi;67;66;62;;;;
IA;uusi 8006;Kokem„ki;?;SatM;17502;;6803048;3250769;;FALSE;FALSE;FALSE;FALSE;FALSE;FALSE;FALSE;FALSE;FALSE;FALSE;FALSE;Stone artefacts;Grinding stone;;;Kuutiokivi;2;;TRUE;hiekkakivi;67;66;62;;;;
IA;uusi 8006;Kokem„ki;Ruoholan talo;SatM;17502;;6803048;3250769;;FALSE;FALSE;FALSE;FALSE;FALSE;FALSE;FALSE;FALSE;FALSE;FALSE;FALSE;Stone artefacts;Grinding stone;;;Kuutiokivi;2;;TRUE;hiekkakivi;67;66;62;;;;
IA;uusi 8006;Kokem„ki;?;SatM;17502;;6803048;3250769;;FALSE;FALSE;FALSE;FALSE;FALSE;FALSE;FALSE;FALSE;FALSE;FALSE;FALSE;Stone artefacts;Grinding stone;;;Kuutiokivi;2;;TRUE;hiekkakivi;67;66;62;;;;
IA;uusi 8006;Kokem„ki;Leikkim„ki;SatM;17502;;6803048;3250769;;FALSE;FALSE;FALSE;FALSE;FALSE;FALSE;FALSE;FALSE;FALSE;FALSE;FALSE;Stone artefacts;Grinding stone;;;Kuutiokivi;2;;TRUE;hiekkakivi;67;66;62;;;;
IA;uusi 8006;Kokem„ki;;SatM;17502;;6803048;3250769;;FALSE;FALSE;FALSE;FALSE;FALSE;FALSE;FALSE;FALSE;FALSE;FALSE;FALSE;Stone artefacts;Grinding stone;;;Kuutiokivi;2;;TRUE;hiekkakivi;67;66;62;;;;
IA;uusi 8006;Kokem„ki;;SatM;17502;;6803048;3250769;;FALSE;FALSE;FALSE;FALSE;FALSE;FALSE;FALSE;FALSE;FALSE;FALSE;FALSE;Stone artefacts;Grinding stone;;;Kuutiokivi;2;;TRUE;hiekkakivi;67;66;62;;;;
IA;uusi 8011;Eurajoki;Tarvola;SatM;17600;;6803672;3221656;;FALSE;FALSE;FALSE;FALSE;FALSE;FALSE;FALSE;FALSE;FALSE;TRUE;FALSE;Stone artefacts;Fire-striking stone;Fire-striking stone;;Soikea tuluskivi;1;Suorakaide tuluskivi;TRUE;kvartsiitti;93;41;30;;;;
IA;271010010;Kokem„ki;Linnaluoto;SatM;17825;5;6805255;3252772;43;FALSE;FALSE;FALSE;FALSE;FALSE;FALSE;FALSE;FALSE;FALSE;TRUE;FALSE;Stone artefacts;Fire-striking stone;Fire-striking stone;;Soikea tuluskivi;1;;TRUE;kvartsiitti;91;41;30;;;;
IA;uusi 8076;Nakkila;Viikkala;SatM;19695;;6818107;3234756;;FALSE;FALSE;FALSE;FALSE;FALSE;FALSE;FALSE;FALSE;FALSE;TRUE;FALSE;Stone artefacts;Fire-striking stone;Fire-striking stone;;Soikea tuluskivi;1;;TRUE;kvartsiitti;87;48;35;;;;
IA;turku11;;;TMM;164;1;6712704;3263161;;FALSE;FALSE;FALSE;FALSE;FALSE;FALSE;FALSE;FALSE;FALSE;TRUE;FALSE;Stone artefacts;Fire-striking stone;Fire-striking stone;;Soikea tuluskivi;2;;TRUE;diabaasi;90;39;24;0;0;0;OK 2010
IA;turku31;Turku;;TMM;6161;1;6713895;3239820;;FALSE;FALSE;FALSE;FALSE;FALSE;FALSE;FALSE;FALSE;FALSE;TRUE;FALSE;Stone artefacts;Fire-striking stone;Fire-striking stone;;Soikea tuluskivi;1;;TRUE;hiekkakivi;76;46;27;0;0;0;TL n„yttely
IA;turku43;Turku;Maaria;TMM;13032;48;6723070;3245046;;FALSE;FALSE;FALSE;FALSE;FALSE;FALSE;FALSE;FALSE;FALSE;FALSE;FALSE;Stone artefacts;Grinding stone;;;Kuutiokivi;2;;TRUE;hiekkakivi;60;58;57;0;0;0;puuttuu 1997. OK 2010
IA;turku175;Salo;Kiikala;TMM;14846;3;6710464;3310553;;FALSE;FALSE;FALSE;FALSE;FALSE;FALSE;FALSE;FALSE;FALSE;FALSE;TRUE;Stone artefacts;Stone spindle whorl;Spindle whorl;;V„rttin„npy”r„;2;;TRUE;kiilleliuske;53;45;7;0;0;0;OK 2010
IA;turku251;Loimaa;Kankareen kansakoulu;TMM;15338;1;6766422;3279543;;FALSE;FALSE;FALSE;FALSE;FALSE;FALSE;FALSE;FALSE;FALSE;FALSE;TRUE;Stone artefacts;Stone spindle whorl;Spindle whorl;;V„rttin„npy”r„;1;;TRUE;kiilleliuske;46;38;4;0;0;0;OK 2010
IA;tya 49;Laitila;Salo, Seikola;TYA;130;;6763240;3209485;;FALSE;FALSE;FALSE;FALSE;FALSE;FALSE;FALSE;FALSE;FALSE;TRUE;FALSE;Stone artefacts;Fire-striking stone;Fire-striking stone;;Soikea tuluskivi;2;;TRUE;kvartsiitti;97;78;46;;;;
IA;tya 60;Paimio;Pakurla;TYA;152;5;6712131;3263005;;FALSE;FALSE;FALSE;FALSE;FALSE;FALSE;FALSE;FALSE;FALSE;FALSE;TRUE;Stone artefacts;Stone spindle whorl;Spindle whorl;;V„rttin„npy”r„;1;;TRUE;harmaa liuske;53;50;6;;;;
IA;783010007;S„kyl„;Tupam„ki;TYA;463;2;6776461;3251499;55;FALSE;FALSE;FALSE;FALSE;FALSE;FALSE;FALSE;FALSE;FALSE;FALSE;TRUE;Stone artefacts;Stone spindle whorl;Spindle whorl;;V„rttin„npy”r„;1;;TRUE;harmaa liuske;50;50;11;;;;
IA;tya 281;Turku;Virnam„en ja P„hkin„m„en v„liset peltoalueet;TYA;907;1;6715268;3243154;;FALSE;FALSE;FALSE;FALSE;FALSE;FALSE;FALSE;FALSE;FALSE;FALSE;TRUE;Stone artefacts;Stone spindle whorl;Spindle whorl;;V„rttin„npy”r„;1;;FALSE;kiilleliuske;49;49;9;;;;
IA;uusi 4997;Saltvik;Bertby;M;310;;6705713;3118260;;FALSE;FALSE;FALSE;FALSE;FALSE;FALSE;FALSE;FALSE;FALSE;TRUE;FALSE;Stone artefacts;Fire-striking stone;Fire-striking stone;;Soikea tuluskivi;1;;TRUE;kvartsiitti;105;45;25;;;;
