Phase;Site id;Municipality;Site name;Collection;Main number;Subnumber;p;i;z;Category;Type;Subtype;Type (Finnish);Subtype (Finnish);Certainty;Preroman IA;Early Roman IA;Late Roman IA;Migration period;Merovingian period;Viking period;Crusade period;1100-1300;1400-1500;Settlement site;Cremation cemetery;Inhumation cemetery;Cairn;Stray find;Hoard;Other context;Integrity;Length (mm);Width (mm);Thickness (mm);Fragment length (mm);Fragment width (mm);Fragment thickness (mm);Other notes (Finnish);PhotoID;X;Y
IA;853010014;Turku;Virusmäki;KM;6645;1;6715604;3240847;15;Silver artefact;Cross pendant;Silver crucifix pendant;Krusifiksi;Krusifiksi;1;FALSE;FALSE;FALSE;FALSE;FALSE;TRUE;TRUE;FALSE;FALSE;FALSE;FALSE;FALSE;FALSE;TRUE;FALSE;FALSE;FALSE;;;;;;;peisen tasavartisen kaksipuoleisen krusifiksin katkelma. Ristissä ihmishahmo kädet levällään.;KM 6645_1;22,28321948;60,46764428
IA;853010014;Turku;Virusmäki;KM;6645;2;6715604;3240847;15;Silver artefact;Cross pendant;Silver cross pendant, eastern type;Risti;"Hopearisti; kolmipyöryläristi";1;FALSE;FALSE;FALSE;FALSE;FALSE;TRUE;TRUE;FALSE;FALSE;FALSE;FALSE;FALSE;FALSE;TRUE;FALSE;FALSE;FALSE;;;;;;;Fragmentti;KM 6645_2;22,28321948;60,46764428
IA;853010014;Turku;Virusmäki;KM;6645;4;6715604;3240847;15;Silver artefact;Coin pendant;Bysantic silver coin pendant;Rahariipus;"Bysanttilainen hopearaha; rahariipus";1;FALSE;FALSE;FALSE;FALSE;FALSE;TRUE;TRUE;FALSE;FALSE;FALSE;FALSE;FALSE;FALSE;TRUE;FALSE;FALSE;FALSE;;;;;;;a, jossa ripustusreikä. Raha oheisen lapun mukaan Basileios II - Konstantinus VIII (976-1025).;KM 6645_4;22,28321948;60,46764428
IA;853010014;Turku;Virusmäki;KM;6645;7;6715604;3240847;15;Silver artefact;Arm ring;Silver arm ring;Rengas;Rannerengas;2;FALSE;FALSE;FALSE;FALSE;FALSE;TRUE;TRUE;FALSE;FALSE;FALSE;FALSE;FALSE;FALSE;TRUE;FALSE;FALSE;FALSE;;;;;;;Kaksi koristeltua hopealevyn palaa kaarevasta esineestä, mahdollisesti rannerenkaasta. Toisessa palassa vyömäistä koristelua, jossa nuorakuviota muistuttavaa leimausta, toisessa palassa rengasleimaa, pisteviivaa ja kolmiopisteleimaa.;KM 6645_7;22,28321948;60,46764428
IA;979010006;Pöytyä;Anivehmaanmäki;KM;14196;226;6759038;3251588;55;Silver artefact;Coin pendant;Oriental silver coin imitation pendant;Rahariipus;"Arabialainen hopearaha; jäljitelmä; rahariipus";1;FALSE;FALSE;FALSE;FALSE;FALSE;TRUE;FALSE;FALSE;FALSE;FALSE;FALSE;TRUE;FALSE;FALSE;FALSE;FALSE;FALSE;;;;;;;H LVIII, barbaarijäljennös Nass'ibn Ahmedin samanididirhemistä AD 913-942. Lyöntipaikka tuntematon.;KM 14196_226;22,42291347;60,86298054
IA;979010006;Pöytyä;Anivehmaanmäki;KM;14196;664;6759038;3251588;55;Silver artefact;Coin pendant;German silver coin pendant;Rahariipus;"Saksalainen hopearaha; rahahariipus";1;FALSE;FALSE;FALSE;FALSE;FALSE;TRUE;FALSE;FALSE;FALSE;FALSE;FALSE;TRUE;FALSE;FALSE;FALSE;FALSE;TRUE;19;;;;;;Hauta LXXXII, Luettelo: Otto Adelheid, reunassa pieni reikä.;KM 14196_664;22,42291347;60,86298054
IA;423010001;Lieto;Vanhalinna;KM;14318;356;6717351;3246141;10;Silver artefact;Coin;Silver coin;Raha;Hopearaha;1;FALSE;FALSE;FALSE;FALSE;FALSE;FALSE;TRUE;FALSE;FALSE;FALSE;FALSE;FALSE;FALSE;FALSE;FALSE;TRUE;TRUE;;;;;;;Augsburg 1045-63;KM 14318_356;22,37691305;60,48663787
IA;423010001;Lieto;Vanhalinna;KM;14318;388;6717351;3246141;10;Silver artefact;Coin;Silver coin;Raha;Hopearaha;1;FALSE;FALSE;FALSE;FALSE;FALSE;FALSE;FALSE;TRUE;FALSE;FALSE;FALSE;FALSE;FALSE;FALSE;FALSE;TRUE;TRUE;;;;;;;Hyvin pieni, arvioitu kuuluvan Thordman. Ryhmään III, ajoitus mahd. 1225-1250.;KM 14318_388;22,37691305;60,48663787
IA;980010024;Ylöjärvi;Mikkola;KM;14622;194;6831452;3319394;125;Silver artefact;Coin pendant;Oriental silver coin pendant;Rahariipus;"Arabialainen hopearaha; rahariipus";1;FALSE;FALSE;FALSE;FALSE;FALSE;FALSE;TRUE;FALSE;FALSE;FALSE;FALSE;TRUE;FALSE;FALSE;FALSE;FALSE;TRUE;;;;;;;Rahassa kiinni pronssilenkki. Hauta 4, AD 996-1000 Mosulissa lyöty Husam addaulah;KM 14622_194;23,59909162;61,54836752
IA;980010024;Ylöjärvi;Mikkola;KM;14622;340;6831452;3319394;125;Silver artefact;Coin;German silver coin;Raha;Saksalainen hopearaha;1;FALSE;FALSE;FALSE;FALSE;FALSE;FALSE;TRUE;FALSE;FALSE;FALSE;FALSE;TRUE;FALSE;FALSE;FALSE;FALSE;FALSE;;;;;;;Puolikas;KM 14622_340;23,59909162;61,54836752
IA;400010252;Laitila;Untamalan kirkko;KM;15140;1;6767416;3209250;;Silver artefact;Cross pendant;Crucifix silver pendant;Krusifiksi;Krusifiksi;1;FALSE;FALSE;FALSE;FALSE;FALSE;FALSE;TRUE;TRUE;FALSE;FALSE;FALSE;FALSE;FALSE;FALSE;FALSE;FALSE;TRUE;58;41;4;;;;Ristiinnaulitun kuva reliefinä, toisella puolella pään päällä risti, toiselta puolelta tämä yksityiskohta puuttuu;KM 15140_1;21,63447571;60,909118
IA;400010252;Laitila;Untamalan kirkko;KM;15140;2;6767416;3209250;;Silver artefact;Mount;Silver animal head mount;Hela;"Hela; Eläinpäähela";1;FALSE;FALSE;FALSE;FALSE;FALSE;FALSE;TRUE;TRUE;FALSE;FALSE;FALSE;FALSE;FALSE;FALSE;FALSE;FALSE;TRUE;18;7;7;;;;Kaksi pientä eläinpäähelaa, toisen sisällä punosta (samaa kuin :3?) hopeaa;KM 15140_2;21,63447571;60,909118
IA;400010252;Laitila;Untamalan kirkko;KM;15140;3;6767416;3209250;;Silver artefact;Braid;Silver braid;Punos;Hopeapunos;1;FALSE;FALSE;FALSE;FALSE;FALSE;FALSE;TRUE;TRUE;FALSE;FALSE;FALSE;FALSE;FALSE;FALSE;FALSE;FALSE;FALSE;;;;;;;Punosta neljässä osassa;KM 15140_3;21,63447571;60,909118
IA;400010252;Laitila;Untamalan kirkko;KM;15140;5;6767416;3209250;;Silver artefact;Ring;Silver ring;Rengas;Hopearengas;1;FALSE;FALSE;FALSE;FALSE;FALSE;FALSE;TRUE;TRUE;FALSE;FALSE;FALSE;FALSE;FALSE;FALSE;FALSE;FALSE;FALSE;;;;27;;2;Päät katkenneet, luettelon mukaan kuuluu krusifiksi-ketjulaitteeseen;KM 15140_5;21,63447571;60,909118
IA;400010252;Laitila;Untamalan kirkko;KM;15140;6;6767416;3209250;;Silver artefact;Finger ring;Silver finger ring;Sormus;Sormus;1;FALSE;FALSE;FALSE;FALSE;FALSE;FALSE;TRUE;TRUE;FALSE;FALSE;FALSE;FALSE;FALSE;FALSE;FALSE;FALSE;TRUE;22;;2;;;;hopeaesineitä, nahkaa;KM 15140_6;21,63447571;60,909118
IA;400010252;Laitila;Untamalan kirkko;KM;15140;7;6767416;3209250;;Silver artefact;Finger ring;Silver finger ring;Sormus;Sormus;1;FALSE;FALSE;FALSE;FALSE;FALSE;FALSE;TRUE;TRUE;FALSE;FALSE;FALSE;FALSE;FALSE;FALSE;FALSE;FALSE;TRUE;;;;;;;Urilla koristeltu, keskellä kasviornamentiikka-aihe;KM 15140_7;21,63447571;60,909118
IA;400010252;Laitila;Untamalan kirkko;KM;15140;9;6767416;3209250;;Silver artefact;Penannular brooch;Silver penannular brooch with rolled terminals;Hevosenkenkäsolki;"Hevosenkenkäsolki; rullapäinen";1;FALSE;FALSE;FALSE;FALSE;FALSE;FALSE;TRUE;TRUE;FALSE;FALSE;FALSE;FALSE;FALSE;FALSE;FALSE;FALSE;FALSE;;;;;10;3;katkelmallinen rullapäinen hevosenkenkäsolki, hopeaa, vinoneliöleimoja ja keskiharjanne, levymäinen;KM 15140_9;21,63447571;60,909118
IA;400010252;Laitila;Untamalan kirkko;KM;15140;10;6767416;3209250;;Silver artefact;Penannular brooch;Silver penannular brooch with faceted knobs;Hevosenkenkäsolki;"Hevosenkenkäsolki; fasettinuppinen";1;FALSE;FALSE;FALSE;FALSE;FALSE;TRUE;TRUE;TRUE;FALSE;FALSE;FALSE;FALSE;FALSE;FALSE;FALSE;FALSE;TRUE;47;36;;;;;Fasetoidut nupit, kolmioleima- ja nauhapunoskoristelua;KM 15140_10;21,63447571;60,909118
IA;400010252;Laitila;Untamalan kirkko;KM;15140;11;6767416;3209250;;Silver artefact;Coin;German silver coin;Raha;Saksalainen hopearaha;1;FALSE;FALSE;FALSE;FALSE;FALSE;TRUE;FALSE;FALSE;FALSE;FALSE;FALSE;FALSE;FALSE;FALSE;FALSE;FALSE;TRUE;18;;;;;;Otto II tai Otto III (973-1002);KM 15140_11;21,63447571;60,909118
IA;853010031;Turku;Saramäki;KM;15189;121;6718584;3243430;25;Silver artefact;Coin pendant;Bysantic silver coin imitation pendant;Rahariipus;"Bysanttilainen hopearaha; jäljitelmä; rahariipus";1;FALSE;FALSE;FALSE;FALSE;FALSE;TRUE;TRUE;FALSE;FALSE;FALSE;FALSE;TRUE;FALSE;FALSE;FALSE;FALSE;TRUE;31;;;;;;Bysanttilaisen rahan imitaatio (n1028-55), muistuttaa Romanus III/KonstantinusIX;KM 15189_121;22,32617605;60,49595143
IA;853010031;Turku;Saramäki;KM;15189;143;6718584;3243430;25;Silver artefact;Coin pendant;Oriental silver coin pendant;Rahariipus;"Arabialainen hopearaha; rahariipus";1;FALSE;FALSE;FALSE;FALSE;FALSE;TRUE;FALSE;FALSE;FALSE;FALSE;FALSE;TRUE;FALSE;FALSE;FALSE;FALSE;TRUE;30;;;;;;Buhara 961-976, reunassa ollut kiinnityslenkki, joka irronnut tai poistettu;KM 15189_143;22,32617605;60,49595143
IA;853010031;Turku;Saramäki;KM;15396;32;6718584;3243430;25;Silver artefact;Penannular brooch;Silver penannular brooch with rolled terminals;Hevosenkenkäsolki;"Hevosenkenkäsolki; rullapäinen";1;FALSE;FALSE;FALSE;FALSE;FALSE;TRUE;TRUE;FALSE;FALSE;FALSE;TRUE;TRUE;FALSE;FALSE;FALSE;FALSE;TRUE;37;31;;;;;"hopealevyä, ""kömpelöä pisteviivaa"", kivilaji; kuonaa, savitiivistettä, messinkiä?, hopeaesine, hampaita, luuesine, tuohta";KM 15396_32;22,32617605;60,49595143
IA;831010015;Taipalsaari;Mammonniemi;KM;15436;2;6784290;3554550;78;Silver artefact;Penannular brooch;Silver penannular brooch with rolled terminals;Hevosenkenkäsolki;"Hevosenkenkäsolki; rullapäinen";1;FALSE;FALSE;FALSE;FALSE;FALSE;TRUE;TRUE;FALSE;FALSE;FALSE;FALSE;FALSE;FALSE;FALSE;FALSE;FALSE;TRUE;33;30;;;;;"litteä, harjava varras; rullat litistyneet ja niissä pistekoristelua, kehällä sitä ei näy; neula puuttuu";KM 15436_2;28,01026572;61,16373378
IA;942010004;Vaasa;Housulanmäki;KM;15499;1;7003363;3253187;17;Silver artefact;Coin;Oriental silver coin;Raha;Arabialainen hopearaha;1;FALSE;FALSE;FALSE;FALSE;FALSE;TRUE;FALSE;FALSE;FALSE;FALSE;FALSE;FALSE;FALSE;FALSE;TRUE;FALSE;TRUE;;;;;;;Laatikossa olevassa lapussa lukee Harun ar Rashid AD 786-809 Madinatu-s-Salam AD 806/7;KM 15499_1;22,11425849;63,04889932
IA;942010004;Vaasa;Housulanmäki;KM;15499;2;7003363;3253187;17;Silver artefact;Coin;Oriental silver coin;Raha;Arabialainen hopearaha;1;FALSE;FALSE;FALSE;FALSE;FALSE;TRUE;FALSE;FALSE;FALSE;FALSE;FALSE;FALSE;FALSE;FALSE;TRUE;FALSE;FALSE;;;;;;;"Puolikas; laatikossa olevassa lapussa lukee Sassaniidir Hormuz IV AD 578-590 Drakma Abrashahr";KM 15499_2;22,11425849;63,04889932
IA;x728;Hollola;Mömmölä;KM;16284;1;6772875;3414976;;Silver artefact;Penannular brooch;Silver penannular brooch with rolled terminals;Hevosenkenkäsolki;"Hevosenkenkäsolki; rullapäinen";1;FALSE;FALSE;FALSE;FALSE;FALSE;TRUE;TRUE;FALSE;FALSE;FALSE;FALSE;FALSE;FALSE;FALSE;TRUE;FALSE;FALSE;;;103;75;;;"Litteä, harjava kaari; rullat ja neulan kilpi koristeltu pisteviivoin; kahdessa osassa";KM 16284_1;25,42259523;61,05584669
IA;x728;Hollola;Mömmölä;KM;16284;1;6772875;3414976;;Silver artefact;Penannular brooch;Silver penannular brooch with rolled terminals;Hevosenkenkäsolki;"Hevosenkenkäsolki; rullapäinen";1;FALSE;FALSE;FALSE;FALSE;FALSE;TRUE;TRUE;FALSE;FALSE;FALSE;FALSE;FALSE;FALSE;FALSE;FALSE;FALSE;TRUE;80;50;;;;;"Litteä, harjava kaari; rullat ja neulan kilpi koristeltu pisteviivoin";KM 16284_1;25,42259523;61,05584669
IA;x728;Hollola;Mömmölä;KM;16284;3;6772875;3414976;;Silver artefact;Penannular brooch;Silver penannular brooch with rolled terminals;Hevosenkenkäsolki;"Hevosenkenkäsolki; rullapäinen";1;FALSE;FALSE;FALSE;FALSE;FALSE;TRUE;TRUE;FALSE;FALSE;FALSE;FALSE;FALSE;FALSE;FALSE;TRUE;FALSE;TRUE;100;91;;;;;"Litteä, harjava kaari; rullat ja neulan kilpi koristeltu pisteviivoin; neula poikki";KM 16284_3;25,42259523;61,05584669
IA;x728;Hollola;Mömmölä;KM;16284;4;6772875;3414976;;Silver artefact;Penannular brooch;Silver penannular brooch with rolled terminals;Hevosenkenkäsolki;"Hevosenkenkäsolki; rullapäinen";1;FALSE;FALSE;FALSE;FALSE;FALSE;TRUE;TRUE;FALSE;FALSE;FALSE;FALSE;FALSE;FALSE;FALSE;TRUE;FALSE;FALSE;55;50;;;;;"Litteä, harjava kaari; rullat ja neulan kilpi koristeltu pisteviivoin; kahdessa osassa, neula poikki ja vain neulan levy jäljellä";KM 16284_4;25,42259523;61,05584669
IA;x728;Hollola;Mömmölä;KM;16284;5;6772875;3414976;;Silver artefact;Penannular brooch;Silver penannular brooch with rolled terminals;Hevosenkenkäsolki;"Hevosenkenkäsolki; rullapäinen";1;FALSE;FALSE;FALSE;FALSE;FALSE;TRUE;TRUE;FALSE;FALSE;FALSE;FALSE;FALSE;FALSE;FALSE;TRUE;FALSE;FALSE;;;;;;;"Litteä, harjava kaari; rullat ja neulan kilpi koristeltu pisteviivoin; kahdessa osassa, neula poikki";KM 16284_5;25,42259523;61,05584669
IA;x728;Hollola;Mömmölä;KM;16284;6;6772875;3414976;;Silver artefact;Penannular brooch;Silver penannular brooch with rolled terminals;Hevosenkenkäsolki;"Hevosenkenkäsolki; rullapäinen";1;FALSE;FALSE;FALSE;FALSE;FALSE;TRUE;TRUE;FALSE;FALSE;FALSE;FALSE;FALSE;FALSE;FALSE;TRUE;FALSE;FALSE;;;;;;;"Litteä, harjava kaari; rullat ja neulan kilpi koristeltu pisteviivoin; kahdessa osassa, neula poikki";KM 16284_6;25,42259523;61,05584669
IA;781010049;Sysmä;Siivolanpelto;KM;17181;26;6823880;3440670;87;Silver artefact;Disc pendant;Silver disc pendant;Riipus;Hopealevyriipus;2;FALSE;FALSE;FALSE;FALSE;FALSE;TRUE;TRUE;FALSE;FALSE;FALSE;TRUE;FALSE;FALSE;FALSE;FALSE;FALSE;TRUE;41;;;;;;hopeaa? Hyvin kevyt ja ohut, reunaa kiertää kaksi ohutta pisteviivaa.;KM 17181_26;25,88203935;61,51819355
IA;837010023;Tampere;Vilusenharju;KM;17208;188;6822432;3333690;120;Silver artefact;Penannular brooch;Silver penannular brooch with end knobs;Hevosenkenkäsolki;"Hevosenkenkäsolki; nuppipäinen";1;FALSE;FALSE;FALSE;FALSE;FALSE;TRUE;TRUE;FALSE;FALSE;FALSE;FALSE;TRUE;FALSE;FALSE;FALSE;FALSE;TRUE;46;35;;;;;Hauta 31, kehällä pisteviivaa ja poikittaisia uurteita tai leimoja;KM 17208_188;23,87567295;61,47397425
IA;837010023;Tampere;Vilusenharju;KM;17208;189;6822432;3333690;120;Silver artefact;Finger ring;Silver finger ring;Sormus;Sormus;1;FALSE;FALSE;FALSE;FALSE;FALSE;TRUE;TRUE;FALSE;FALSE;FALSE;FALSE;TRUE;FALSE;FALSE;FALSE;FALSE;FALSE;20;;;;;;Hauta 31, päihin kapenevan sormus, koristeeton;KM 17208_189;23,87567295;61,47397425
IA;837010023;Tampere;Vilusenharju;KM;17208;206;6822432;3333690;120;Silver artefact;Bead;Silver filigree bead;Helmi;"Helmi; filigraanihelmi";1;FALSE;FALSE;FALSE;FALSE;FALSE;TRUE;TRUE;FALSE;FALSE;FALSE;FALSE;TRUE;FALSE;FALSE;FALSE;FALSE;FALSE;;;;;;;Heuta 32, aivan muruina ja paloina, nystykoristelua, ympyröiden keskellä ristikuvia;KM 17208_206;23,87567295;61,47397425
IA;837010023;Tampere;Vilusenharju;KM;17208;264;6822432;3333690;120;Silver artefact;Penannular brooch;Silver penannular brooch with flower-shaped terminals;Hevosenkenkäsolki;"Hevosenkenkäsolki; kukkapäinen";1;FALSE;FALSE;FALSE;FALSE;FALSE;TRUE;TRUE;FALSE;FALSE;FALSE;FALSE;TRUE;FALSE;FALSE;FALSE;FALSE;TRUE;;;;;;;Hauta 39, päät kukkalevymäiset, nyörimäistä koristelua, neulan levyssä ympyräkoristelua. Ei nähty, Birckala-näyttelyssä;KM 17208_264;23,87567295;61,47397425
IA;837010023;Tampere;Vilusenharju;KM;17208;281;6822432;3333690;120;Silver artefact;Coin;Oriental silver coin imitation;Raha;"Arabialainen hopearaha; jäljitelmä";1;FALSE;FALSE;FALSE;FALSE;FALSE;TRUE;TRUE;FALSE;FALSE;FALSE;FALSE;TRUE;FALSE;FALSE;FALSE;FALSE;TRUE;;;;;;;Hauta 41, samanididirhamin jäljennös, esikuva Nasr ibn Ahmed 913-42, käytetty riipuksena, reunassa reikä ja mahdollisesti kiinnityslenkin jäänne;KM 17208_281;23,87567295;61,47397425
IA;837010023;Tampere;Vilusenharju;KM;17208;298;6822432;3333690;120;Silver artefact;Coin pendant;Oriental silver coin pendant;Rahariipus;"Arabialainen hopearaha; rahariipus";1;FALSE;FALSE;FALSE;FALSE;FALSE;TRUE;TRUE;FALSE;FALSE;FALSE;FALSE;TRUE;FALSE;FALSE;FALSE;FALSE;TRUE;;;;;;;Hauta 41, samanididirham, Ismail ibn Ahmed AD 892-907, rahassa reikä ja eri kohdassa ripustuslenkki;KM 17208_298;23,87567295;61,47397425
IA;837010023;Tampere;Vilusenharju;KM;17208;345;6822432;3333690;120;Silver artefact;Coin;Anglo-Saxon silver coin;Raha;Anglosaksinen raha;1;FALSE;FALSE;FALSE;FALSE;FALSE;TRUE;TRUE;FALSE;FALSE;FALSE;FALSE;TRUE;FALSE;FALSE;FALSE;FALSE;FALSE;;;;;;;Hauta 42, Knut Suuri 1016-1035. Lapun mukaan Hämeenlinnassa 1989 kuten vastaava raha nrolla :346;KM 17208_345;23,87567295;61,47397425
IA;837010023;Tampere;Vilusenharju;KM;17208;510;6822432;3333690;120;Silver artefact;Penannular brooch;Silver penannular brooch;Hevosenkenkäsolki;Hevosenkenkäsolki;1;FALSE;FALSE;FALSE;FALSE;FALSE;TRUE;TRUE;FALSE;FALSE;FALSE;FALSE;TRUE;FALSE;FALSE;FALSE;FALSE;TRUE;25;23;;;;;"Päät katkenneet, luettelon mukaan hopeoitua pronssia. Kuitenkin mieluummin hopeaa, neula ehkä pronssia. ""Ruumishaudan osasta"" ruudussa G:9.";KM 17208_510;23,87567295;61,47397425
IA;837010023;Tampere;Vilusenharju;KM;17208;549;6822432;3333690;120;Silver artefact;Arm ring;Silver arm ring;Rannerengas;Rannerengas;1;FALSE;FALSE;FALSE;FALSE;FALSE;TRUE;TRUE;FALSE;FALSE;FALSE;FALSE;TRUE;FALSE;FALSE;FALSE;FALSE;TRUE;70;52;21;;;;Hauta 12. Avonainen, ohutta levyä, kolme leimariviä: kolmioleimoja reunoilla;KM 17208_549;23,87567295;61,47397425
IA;837010023;Tampere;Vilusenharju;KM;17208;619;6822432;3333690;120;Silver artefact;Finger ring;Silver finger ring;Sormus;Sormus;1;FALSE;FALSE;FALSE;FALSE;FALSE;TRUE;TRUE;FALSE;FALSE;FALSE;FALSE;TRUE;FALSE;FALSE;FALSE;FALSE;TRUE;25;;;;;;Hauta 2, kahdessa osassa (luettelon mukaan neljässä? Missä kaksi muuta palaa?) Koristelua;KM 17208_619;23,87567295;61,47397425
IA;777010073;Suomussalmi;Kivisaari;KM;18057;1;7256683;3592673;245;Silver artefact;Penannular brooch;Silver penannular brooch with end knobs;Hevosenkenkäsolki;"Hevosenkenkäsolki; nuppipäinen";1;FALSE;FALSE;FALSE;FALSE;FALSE;TRUE;FALSE;FALSE;FALSE;FALSE;TRUE;FALSE;FALSE;FALSE;FALSE;TRUE;TRUE;55;50;;;;;Suomussalmen kotiseututalolle 1997;KM 18057_1;28,9902842;65,39239618
IA;680010008;Raisio;Tuomala;KM;19000;15;6718440;3235246;17;Silver artefact;Coin;German silver coin;Raha;Saksalainen hopearaha;1;FALSE;FALSE;FALSE;FALSE;FALSE;TRUE;TRUE;FALSE;FALSE;FALSE;FALSE;TRUE;FALSE;FALSE;FALSE;FALSE;TRUE;;;;;;;"Hauta 1; Adelheid I 999-1044";KM 19000_15;22,17799026;60,48937197
IA;680010008;Raisio;Tuomala;KM;19000;25;6718440;3235246;17;Silver artefact;Ring brooch;Silver ring brooch;Solki;Rengassolki;1;FALSE;FALSE;FALSE;FALSE;FALSE;FALSE;TRUE;FALSE;FALSE;FALSE;FALSE;TRUE;FALSE;FALSE;FALSE;FALSE;TRUE;13;;2;;;;Hauta 1, kierretyn näköinen varras;KM 19000_25;22,17799026;60,48937197
IA;680010008;Raisio;Tuomala;KM;19000;43;6718440;3235246;17;Silver artefact;Penannular brooch;Silver penannular brooch with end knobs;Hevosenkenkäsolki;"Hevosenkenkäsolki; nuppipäinen";1;FALSE;FALSE;FALSE;FALSE;FALSE;FALSE;TRUE;FALSE;FALSE;FALSE;TRUE;TRUE;FALSE;FALSE;FALSE;FALSE;TRUE;47;52;;;;;Kuutiomaiset nupit, joissa pisteympyräleima, kehällä kolmioleimoja, joiden sisällä kolme pistettä, neulassa levy, jossa pistekoristelua;KM 19000_43;22,17799026;60,48937197
IA;680010008;Raisio;Tuomala;KM;19000;44;6718440;3235246;17;Silver artefact;Brooch;Silver hat-shaped brooch;Solki;Hattusolki;2;FALSE;FALSE;FALSE;FALSE;FALSE;FALSE;TRUE;TRUE;FALSE;FALSE;FALSE;TRUE;FALSE;FALSE;FALSE;FALSE;TRUE;37;;;;;;Kasviornamentiikkaa, keskellä kvartsiupotus, kolme lasipalluraa, ollut neljä ja neljäs pudonnut pois. Taustapuolella ei ole mitään jälkiä kiinnityssysteemistä. Reunasta lohjennut hieman pois. Onko varmasti solki? Voisiko olla käytetty riipuksena?;KM 19000_44;22,17799026;60,48937197
IA;680010008;Raisio;Tuomala;KM;19000;1546;6718440;3235246;17;Silver artefact;Penannular brooch;Silver penannular brooch;Hevosenkenkäsolki;Hevosenkenkäsolki;1;FALSE;FALSE;FALSE;FALSE;FALSE;TRUE;TRUE;FALSE;FALSE;FALSE;TRUE;TRUE;FALSE;FALSE;FALSE;FALSE;FALSE;29;;;;;;Päädyt poikki, kehällä koristelua ks. Kuva;KM 19000_1546;22,17799026;60,48937197
IA;680010008;Raisio;Tuomala;KM;19000;2420;6718440;3235246;17;Silver artefact;Coin;Silver coin;Raha;Hopearaha;1;FALSE;FALSE;FALSE;FALSE;FALSE;TRUE;FALSE;FALSE;FALSE;FALSE;TRUE;TRUE;FALSE;FALSE;FALSE;FALSE;TRUE;;;;;;;Otto III (996-1002). Ei merkkejä riipuskäytöstä. Ehjä.;KM 19000_2420;22,17799026;60,48937197
IA;680010008;Raisio;Tuomala;KM;19000;2423;6718440;3235246;17;Silver artefact;Neck ring;Twisted silver neck ring;Kaularengas;"Kaularengas; kierretty";1;FALSE;FALSE;FALSE;FALSE;FALSE;TRUE;FALSE;FALSE;FALSE;FALSE;TRUE;TRUE;FALSE;FALSE;FALSE;FALSE;TRUE;;;;;;;Fragmentti;KM 19000_2423;22,17799026;60,48937197
IA;680010008;Raisio;Tuomala;KM;19000;2641;6718440;3235246;17;Silver artefact;Mount;Heart-shaped oriental silver mount;Hela;"Hela; Itämainen hela; sydämenmuotoinen";1;FALSE;FALSE;FALSE;FALSE;FALSE;TRUE;TRUE;FALSE;FALSE;FALSE;TRUE;TRUE;FALSE;FALSE;FALSE;FALSE;TRUE;16;;;;;;Hautalöytöjen perusteella sydänhelmat viikkari-rra;KM 19000_2641;22,17799026;60,48937197
IA;680010008;Raisio;Tuomala;KM;19000;2641;6718440;3235246;17;Silver artefact;Mount;Heart-shaped oriental silver mount;Hela;"Hela; Itämainen hela; sydämenmuotoinen";1;FALSE;FALSE;FALSE;FALSE;FALSE;TRUE;TRUE;FALSE;FALSE;FALSE;TRUE;TRUE;FALSE;FALSE;FALSE;FALSE;TRUE;16;;;;;;Myös nrolla :3166 (H19), omalla rivillä;KM 19000_2641;22,17799026;60,48937197
IA;680010008;Raisio;Tuomala;KM;19000;2664;6718440;3235246;17;Silver artefact;Mount;Heart-shaped oriental silver mount;Hela;"Hela; Itämainen hela; sydämenmuotoinen";1;FALSE;FALSE;FALSE;FALSE;FALSE;TRUE;TRUE;FALSE;FALSE;FALSE;TRUE;TRUE;FALSE;FALSE;FALSE;FALSE;TRUE;16;;;;;;Myös nrolla :3166 (H19), tämä omalla rivillä, ei erikseen kuvattu;KM 19000_2664;22,17799026;60,48937197
IA;680010008;Raisio;Tuomala;KM;19000;3166;6718440;3235246;17;Silver artefact;Mount;Heart-shaped oriental silver mount;Hela;"Hela; Itämainen hela; sydämenmuotoinen";1;FALSE;FALSE;FALSE;FALSE;FALSE;TRUE;TRUE;FALSE;FALSE;FALSE;TRUE;TRUE;FALSE;FALSE;FALSE;FALSE;TRUE;16;;;;;;;KM 19000_3166;22,17799026;60,48937197
IA;680010008;Raisio;Tuomala;KM;19000;3232;6718440;3235246;17;Silver artefact;Penannular brooch;Silver penannular brooch with end knobs;Hevosenkenkäsolki;"Hevosenkenkäsolki; nuppipäinen";1;FALSE;FALSE;FALSE;FALSE;FALSE;TRUE;FALSE;FALSE;FALSE;FALSE;TRUE;TRUE;FALSE;FALSE;FALSE;FALSE;TRUE;30;;;;;;litteät, heikosti fasetoidut nupit, kaarella koristelua pistein;KM 19000_3232;22,17799026;60,48937197
IA;680010008;Raisio;Tuomala;KM;19000;9842;6718440;3235246;17;Silver artefact;Coin pendant;Anglo-Saxon silver coin pendant;Rahariipus;"Anglosaksinen hopearaha; rahariipus";1;FALSE;FALSE;FALSE;FALSE;FALSE;TRUE;FALSE;FALSE;FALSE;FALSE;TRUE;FALSE;FALSE;FALSE;FALSE;FALSE;TRUE;;;;;;;Talvion määritys: Ethelred II small cross barb.jäljennös? Ripustuslenkin jäljet näkyvissä.;KM 19000_9842;22,17799026;60,48937197
IA;680010008;Raisio;Tuomala;KM;19000;11442;6718440;3235246;17;Silver artefact;Mount;Heart-shaped oriental silver mount;Hela;"Hela; Itämainen hela; sydämenmuotoinen";1;FALSE;FALSE;FALSE;FALSE;FALSE;TRUE;TRUE;FALSE;FALSE;FALSE;TRUE;TRUE;FALSE;FALSE;FALSE;FALSE;TRUE;16;11;;;;;Kuten aikaisemmat;KM 19000_11442;22,17799026;60,48937197
IA;491010006;Mikkeli;Närepelto;KM;19158;1;6844160;3518020;90;Silver artefact;Coin pendant;Oriental silver coin pendant;Rahariipus;"Arabialainen hopearaha; rahariipus";1;FALSE;FALSE;FALSE;FALSE;FALSE;TRUE;FALSE;FALSE;FALSE;FALSE;FALSE;FALSE;FALSE;TRUE;FALSE;FALSE;TRUE;24;;;;;;Abbasidi 940-944. Pronssilenkin jäänteet;KM 19158_1;27,33738995;61,70434228
IA;980010024;Ylöjärvi;Mikkola;KM;19162;52;6831452;3319394;125;Silver artefact;Coin pendant;German silver coin pendant;Rahariipus;"Saksalainen hopearaha; rahariipus";1;FALSE;FALSE;FALSE;FALSE;FALSE;TRUE;FALSE;FALSE;FALSE;FALSE;TRUE;FALSE;FALSE;FALSE;FALSE;FALSE;TRUE;;;;;;;Reunat kuluneet, pieni reikä reunassa, Mainz oboli (1/2 den.) Otto III - Henrik II? (983-1024);KM 19162_52;23,59909162;61,54836752
IA;853010010;Turku;Kylämäki;KM;19444;50;6714845;3243872;20;Silver artefact;Rod;Twisted silver rod;Varras;Hopeavarras;1;FALSE;FALSE;FALSE;FALSE;FALSE;TRUE;TRUE;FALSE;FALSE;TRUE;TRUE;FALSE;FALSE;FALSE;FALSE;FALSE;FALSE;;;;33;4;;Toisesta päästä murrettu. Maksuhopeaa?;KM 19444_50;22,33900187;60,46278614
IA;853010010;Turku;Kylämäki;KM;19444;51;6714845;3243872;20;Silver artefact;Rod;Twisted silver rod;Varras;Kierretty hopeavarras;1;FALSE;FALSE;FALSE;FALSE;FALSE;TRUE;TRUE;FALSE;FALSE;TRUE;TRUE;FALSE;FALSE;FALSE;FALSE;FALSE;FALSE;;;;32;4;;molemmista päistä murrettu. Maksuhopeaa?;KM 19444_51;22,33900187;60,46278614
IA;853010005;Turku;Kirkkomäki;KM;22078;;6715213;3241394;13;Silver artefact;Penannular brooch;Silver penannular brooch with rolled terminals;Hevosenkenkäsolki;"Hevosenkenkäsolki; rullapäinen";1;FALSE;FALSE;FALSE;FALSE;FALSE;TRUE;TRUE;FALSE;FALSE;FALSE;FALSE;TRUE;FALSE;FALSE;FALSE;FALSE;TRUE;54;50;;;;;Litteä, keskellä varrasta harja, kolmioleimaa, rullapäinen, KORJATTU, kaari mennyt poikki kahdesta kohdasta ja juotettu yhteen uudelleen. Villatoimikasta säilynyt, luettelon mukaan sinistä. H1, jossa miekka ja viikate, vyönsolki;KM 22078_;22,29363688;60,4644978
IA;291010007;Kuhmoinen;Päijälän Linnavuori;KM;22445;148;6837283;3404482;140;Silver artefact;Penannular brooch;Silver penannular brooch;Hevosenkenkäsolki;Hevosenkenkäsolki;1;FALSE;FALSE;FALSE;FALSE;FALSE;FALSE;TRUE;FALSE;FALSE;FALSE;FALSE;FALSE;FALSE;FALSE;FALSE;TRUE;TRUE;50;45;;;;;Levystä tehty. Ks vielä Hillfortsia, Salmo 26;KM 22445_148;25,19544373;61,63114363
IA;853010005;Turku;Kirkkomäki;KM;22631;56;6715213;3241394;13;Silver artefact;Penannular brooch;Silver penannular brooch with flat knobs;Hevosenkenkäsolki;"Hevosenkenkäsolki; litteänuppinen";1;FALSE;FALSE;FALSE;FALSE;FALSE;TRUE;TRUE;FALSE;FALSE;FALSE;FALSE;TRUE;FALSE;FALSE;FALSE;FALSE;TRUE;37;39;;;;;Luettelon mukaan tekstiilijäänteitä mutta niitä ei laatikossa. Viivakoristelua. Hauta D/1985;KM 22631_56;22,29363688;60,4644978
IA;853010005;Turku;Kirkkomäki;KM;22631;195;6715213;3241394;13;Silver artefact;Coin pendant;Oriental silver coin pendant;Rahariipus;"Arabialainen hopearaha; rahariipus";1;FALSE;FALSE;FALSE;FALSE;FALSE;TRUE;TRUE;FALSE;FALSE;FALSE;FALSE;TRUE;FALSE;FALSE;FALSE;FALSE;TRUE;;;;;;;Dirhemi, kaksi kertaa perforoitu, rahaan raapustettu ruksi. Paperin mukaan kysymysmerkillä Phjois-Afrikassa lyöty? Luettelo Harun al-Rashid AD 786-809. Hauta D, jossa myös englantilainen raha 1100-l.;KM 22631_195;22,29363688;60,4644978
IA;50010032;Eura;Luistari;KM;23183;29;6787882;3238661;38;Silver artefact;Penannular brooch;Silver penannular brooch;Hevosenkenkäsolki;Hevosenkenkäsolki;1;FALSE;FALSE;FALSE;FALSE;FALSE;TRUE;FALSE;FALSE;FALSE;FALSE;FALSE;TRUE;FALSE;FALSE;FALSE;FALSE;TRUE;38;37;;;;;H 529? Tekstiiliä hieman irrallaan seä pieni tuntematon pala kuitua tai karvaa, orgaanista.;KM 23183_29;22,14658916;61,11261932
IA;1000000130;Laitila;Kuivala/Hällynen;KM;24282;3;6768200;3212490;17,5;Silver artefact;Coin pendant;Oriental silver coin pendant;Rahariipus;"Arabialainen hopearaha; rahariipus";1;FALSE;FALSE;FALSE;FALSE;FALSE;TRUE;FALSE;FALSE;FALSE;FALSE;FALSE;FALSE;FALSE;TRUE;FALSE;FALSE;TRUE;;;;;;;Samanidi-dirhem Ismail b Ahmad, Andarabah 906/7;KM 24282_3;21,69276122;60,91848679
IA;220010002;Raasepori;Domargård I;KM;24459;21;6663430;3312339;25;Silver artefact;Arm ring;Silver arm ring;Rengas;Rannerengas;3;FALSE;FALSE;FALSE;FALSE;FALSE;TRUE;FALSE;FALSE;FALSE;FALSE;TRUE;FALSE;FALSE;FALSE;FALSE;FALSE;FALSE;;;;33;4;;Rengaskorun katkelma. Aika ohut kierretty varras, sen ja kaareutumisen perusteella olisiko rannekorusta?;KM 24459_21;23,62884517;60,03980989
IA;1000019161;Hattula;Vesunnan kartano 5;KM;38960;1;6778508;3358001;;Silver artefact;Coin;Oriental silver coin;Raha;Arabialainen hopearaha;;FALSE;FALSE;FALSE;FALSE;FALSE;TRUE;FALSE;FALSE;FALSE;FALSE;FALSE;FALSE;FALSE;FALSE;FALSE;FALSE;FALSE;;;;;;;;KM         38960_1;24,3645297;61,08991361
IA;491010031;Mikkeli;Moisionpelto;KM;38963;1;6838179;3514670;90;Silver artefact;Plate;Silver plate;Levy;Hopealevy;3;FALSE;FALSE;FALSE;FALSE;FALSE;FALSE;FALSE;FALSE;FALSE;FALSE;FALSE;FALSE;FALSE;FALSE;FALSE;FALSE;FALSE;;;;;;;;KM         38963_1;27,27359545;61,65081414
IA;912010017;Sastamala;Hiukkasaari;TYA;161;8;6809795;3278156;58;Silver artefact;Coin;Oriental silver coin;Raha;Arabialainen hopearaha;1;FALSE;FALSE;FALSE;FALSE;FALSE;TRUE;FALSE;FALSE;FALSE;FALSE;FALSE;FALSE;FALSE;FALSE;FALSE;FALSE;FALSE;;;;;;;Kappale, ei reikää tai lenkin jäänteitä;TYA 161_8;22,85135835;61,33304318
IA;271010014;Kokemäki;Leikkimäki;TYA;250;2;6803374;3252247;40;Silver artefact;Penannular brooch;Silver penannular brooch;Hevosenkenkäsolki;Hevosenkenkäsolki;1;FALSE;FALSE;FALSE;FALSE;FALSE;TRUE;FALSE;FALSE;FALSE;FALSE;TRUE;FALSE;FALSE;FALSE;FALSE;FALSE;FALSE;;;25;;;;Fragmentti, litteä kaari, jossa harjanne. Pieni solki;TYA 250_2;22,37745385;61,25999457
IA;271010014;Kokemäki;Leikkimäki;TYA;250;3;6803374;3252247;40;Silver artefact;Penannular brooch;Silver penannular brooch with rolled terminals;Hevosenkenkäsolki;"Hevosenkenkäsolki; rullapäinen";1;FALSE;FALSE;FALSE;FALSE;FALSE;TRUE;FALSE;FALSE;FALSE;FALSE;TRUE;FALSE;FALSE;FALSE;FALSE;FALSE;FALSE;;;;;;;Päätyfragmentti,;TYA 250_3;22,37745385;61,25999457
IA;602010019;Kaarina;Huttalanmäki;TYA;334;78;6710261;3254305;24;Silver artefact;Coin pendant;Silver coin pendant;Raha;"Hopearaha; rahariipus";2;FALSE;FALSE;FALSE;FALSE;FALSE;FALSE;FALSE;FALSE;FALSE;FALSE;FALSE;TRUE;FALSE;FALSE;FALSE;FALSE;TRUE;;;;;;;Hyvin pieni, rei'itetty, ei näy kuvioita, halk. 11 mm. Löytynyt päänauhan yhteydestä.;TYA 334_78;22,53368986;60,42825643
IA;602010019;Kaarina;Huttalanmäki;TYA;334;209;6710261;3254305;24;Silver artefact;Coin;Anglo-Saxon silver coin;Raha;Anglosaksinen hopearaha;1;FALSE;FALSE;FALSE;FALSE;FALSE;TRUE;TRUE;FALSE;FALSE;FALSE;FALSE;TRUE;FALSE;FALSE;FALSE;FALSE;FALSE;;;;;;;Lähes ehjä;TYA 334_209;22,53368986;60,42825643
IA;602010019;Kaarina;Huttalanmäki;TYA;334;232;6710261;3254305;24;Silver artefact;Coin;Anglo-Saxon silver coin;Raha;Anglosaksinen hopearaha;1;FALSE;FALSE;FALSE;FALSE;FALSE;FALSE;FALSE;FALSE;FALSE;FALSE;FALSE;TRUE;FALSE;FALSE;FALSE;FALSE;FALSE;;;;;;;;TYA 334_232;22,53368986;60,42825643
IA;602010019;Kaarina;Huttalanmäki;TYA;334;235;6710261;3254305;24;Silver artefact;Coin pendant;Oriental silver coin pendant;Rahariipus;"Arabialainen hopearaha; rahariipus";1;FALSE;FALSE;FALSE;FALSE;FALSE;TRUE;FALSE;FALSE;FALSE;FALSE;FALSE;TRUE;FALSE;FALSE;FALSE;FALSE;FALSE;;;;;;;Lenkki, lenkin läpi kulkee z- ja s -kierrettyä villalankaa. Orgaanista / tekstiiliä.;TYA 334_235;22,53368986;60,42825643
IA;680010009;Raisio;Siiri 1;TYA;413;1;6716488;3235581;19;Silver artefact;Coin;Oriental silver coin;Raha;Arabialainen hopearaha;1;FALSE;FALSE;FALSE;FALSE;FALSE;TRUE;FALSE;FALSE;FALSE;FALSE;TRUE;FALSE;FALSE;FALSE;FALSE;FALSE;FALSE;;;;;;;Ajoittunee 910-919, Samarkand? Samanidi-dirhem. Liimattu kahdesta fragmentista, osa puuttuu.;TYA 413_1;22,18665542;60,47213444
IA;680010009;Raisio;Siiri 1;TYA;413;2;6716488;3235581;19;Silver artefact;Coin;Oriental silver coin;Raha;Arabialainen hopearaha;1;FALSE;FALSE;FALSE;FALSE;FALSE;TRUE;FALSE;FALSE;FALSE;FALSE;TRUE;FALSE;FALSE;FALSE;FALSE;FALSE;FALSE;;;;;;;Fragmentti, leikattu;TYA 413_2;22,18665542;60,47213444
IA;680010009;Raisio;Siiri 1;TYA;454;3;6716488;3235581;19;Silver artefact;Coin;Oriental silver coin;Raha;Arabialainen hopearaha;1;FALSE;FALSE;FALSE;FALSE;FALSE;TRUE;FALSE;FALSE;FALSE;FALSE;TRUE;FALSE;FALSE;FALSE;FALSE;FALSE;FALSE;;;;;;;Fragmentti;TYA 454_3;22,18665542;60,47213444
IA;680010009;Raisio;Siiri 1;TYA;454;1763;6716488;3235581;19;Silver artefact;Coin pendant;Oriental silver coin imitation pendant;Rahariipus;"Arabialainen hopearaha; jäljitelmä; rahariipus";1;FALSE;FALSE;FALSE;FALSE;FALSE;TRUE;FALSE;FALSE;FALSE;FALSE;TRUE;FALSE;FALSE;FALSE;FALSE;FALSE;FALSE;;;;;;;Kaksi reikää. On imitaatio.;TYA 454_1763;22,18665542;60,47213444
IA;680010009;Raisio;Siiri 1;TYA;544;1;6716488;3235581;19;Silver artefact;Coin pendant;Oriental silver coin pendant;Rahariipus;"Arabialainen hopearaha; rahariipus";1;FALSE;FALSE;FALSE;FALSE;FALSE;TRUE;FALSE;FALSE;FALSE;FALSE;FALSE;FALSE;FALSE;FALSE;FALSE;FALSE;FALSE;;;;;;;Reunasta puuttuu pala, rahan läpi reikä;TYA 544_1;22,18665542;60,47213444
IA;853010035;Turku;Hankkismäki;TYA;592;3;6719700;3244407;25;Silver artefact;Mount;Silver mount;Hela;Hela;1;FALSE;FALSE;FALSE;FALSE;FALSE;FALSE;FALSE;FALSE;FALSE;FALSE;FALSE;FALSE;FALSE;FALSE;FALSE;FALSE;FALSE;;;;;;;Ks luettelo;TYA 592_3;22,34245783;60,50655512
