Phase;Site id;Municipality;Site name;Collection;Main number;Subnumber;p;i;z;m1;m2;m3;n1;n2;n3;n4;p1;p2;r1;r2;Category;Type;Subtype;Subtype (Finnish);Certainty;Integrity;Length (mm);Width (mm);Thickness (mm);Fragment length (mm);Fragment width (mm);Fragment thickness (mm);Other notes (Finnish);Photo ID;X;Y
SA;Karjala 61;Viipuri;Häyrynmäki;KM;5428;988;6737415;3599675;;FALSE;TRUE;FALSE;TRUE;TRUE;TRUE;FALSE;TRUE;FALSE;FALSE;FALSE;Birch bark tar;Chewing pitch;;Purupihka;;TRUE;28;19;11;;;;;KM 5428_988;28,82397783;60,73443034
SA;246010004;Savonlinna;Kankaanlaita a;KM;9135;35;6876514;3616302;80;FALSE;FALSE;FALSE;FALSE;TRUE;FALSE;FALSE;FALSE;FALSE;FALSE;FALSE;Birch bark tar;Chewing pitch;;Purupihka;1;FALSE;;;;;;;;KM 9135_35;29,21498006;61,97729515
SA;254010002;Sastamala;Uusi-Jaara;KM;9409;130;6821756;3263541;80;FALSE;FALSE;FALSE;TRUE;FALSE;TRUE;FALSE;FALSE;FALSE;FALSE;FALSE;Birch bark tar;Hafting pitch;;Varttamispihka;2;FALSE;;;;;;;kaksi yhteensopivaa pientä palaa;KM 9409_130;22,5640216;61,43146019
SA;580010014;Parikkala;Kosinonniemi;KM;10084;8;6834735;3629365;70;FALSE;FALSE;FALSE;TRUE;TRUE;TRUE;FALSE;FALSE;FALSE;FALSE;FALSE;Birch bark tar;Chewing pitch;;Purupihka;1;TRUE;30;10;8;;;;hampaanjäljet;KM 10084_8;29,43406205;61,5985212
SA;605010001;Närpiö;Pörtom-Raineåsen;KM;12545;131;6971720;3221046;37,8;FALSE;FALSE;FALSE;FALSE;FALSE;FALSE;TRUE;FALSE;FALSE;FALSE;FALSE;Birch bark tar;Hafting pitch;;Varttamispihka;1;FALSE;;;;;;;;KM 12545_131;21,53476633;62,74300306
SA;18010058;Askola;Taka-Piskulan Ruoksmaa;KM;12931;247;6718060;3423120;30;FALSE;TRUE;TRUE;FALSE;TRUE;FALSE;FALSE;TRUE;FALSE;TRUE;TRUE;Birch bark tar;Chewing pitch;;Purupihka;1;TRUE;31;11;7;;;;hampaanjäljet;KM 12931_247;25,59505609;60,56573385
SA;18010004;Askola;Tallikäärö;KM;12934;236;6710780;3423000;25;FALSE;FALSE;FALSE;TRUE;FALSE;FALSE;FALSE;FALSE;FALSE;FALSE;FALSE;Birch bark tar;Chewing pitch;;Purupihka;1;TRUE;20;13;10;;;;;KM 12934_236;25,59570162;60,50039305
SA;18010058;Askola;Taka-Piskulan Ruoksmaa;KM;13067;649;6718060;3423120;30;FALSE;TRUE;TRUE;FALSE;TRUE;TRUE;FALSE;TRUE;FALSE;TRUE;TRUE;Birch bark tar;Chewing pitch;;Purupihka;1;TRUE;19;14;9;;;;;KM 13067_649;25,59505609;60,56573385
SA;18010058;Askola;Taka-Piskulan Ruoksmaa;KM;13303;64;6718060;3423120;30;FALSE;TRUE;TRUE;FALSE;TRUE;TRUE;FALSE;TRUE;FALSE;TRUE;TRUE;Birch bark tar;Chewing pitch;;Purupihka;3;FALSE;;;;;;;;KM 13303_64;25,59505609;60,56573385
SA;777010025;Suomussalmi;Kalmosärkkä;KM;14830;502;7237045;3614621;199;FALSE;FALSE;TRUE;TRUE;TRUE;TRUE;FALSE;TRUE;TRUE;FALSE;FALSE;Birch bark tar;Chewing pitch;;Purupihka;1;FALSE;;;;;;;ei mittoja;KM 14830_502;29,44567113;65,2094768
SA;777010027;Suomussalmi;Kellolaisten Tuli;KM;14831;835;7237822;3614945;199;FALSE;FALSE;FALSE;FALSE;TRUE;TRUE;FALSE;TRUE;FALSE;FALSE;FALSE;Birch bark tar;Chewing pitch;;Purupihka;1;FALSE;21;18;15;0;0;0;;KM 14831_835;29,45323205;65,21632654
SA;777010027;Suomussalmi;Kellolaisten Tuli;KM;14831;1407;7237822;3614945;199;FALSE;FALSE;FALSE;TRUE;TRUE;TRUE;FALSE;TRUE;FALSE;FALSE;FALSE;Birch bark tar;Chewing pitch;;Purupihka;1;FALSE;;;;;;;2 kpl, molemmissa hampaanjälkiä;KM 14831_1407;29,45323205;65,21632654
SA;50010033;Eura;Kolmhaara;KM;15218;160;6770412;3232884;42;FALSE;FALSE;FALSE;TRUE;TRUE;FALSE;FALSE;FALSE;FALSE;FALSE;FALSE;Birch bark tar;Chewing pitch;;Purupihka;1;TRUE;14;12;5;0;0;0;;KM 15218_160;22,06422915;60,95254064
SA;105010018;Hyrynsalmi;Vonkka 2;KM;15393;200;7177900;3571460;156;FALSE;TRUE;TRUE;TRUE;TRUE;TRUE;FALSE;TRUE;FALSE;FALSE;FALSE;Birch bark tar;Chewing pitch;;Purupihka;1;FALSE;32;19;14;;;;;KM 15393_200;28,49402038;64,69134666
SA;105010018;Hyrynsalmi;Vonkka 2;KM;15393;416;7177900;3571460;156;FALSE;TRUE;TRUE;TRUE;TRUE;TRUE;FALSE;TRUE;FALSE;FALSE;FALSE;Birch bark tar;Chewing pitch;;Purupihka;1;FALSE;32;26;13;;;;;KM 15393_416;28,49402038;64,69134666
SA;105010018;Hyrynsalmi;Vonkka 2;KM;15393;2106;7177900;3571460;156;FALSE;TRUE;TRUE;TRUE;TRUE;TRUE;FALSE;TRUE;FALSE;FALSE;FALSE;Birch bark tar;Chewing pitch;;Purupihka;2;FALSE;;;;;;;3 kpl;KM 15393_2106;28,49402038;64,69134666
SA;320010103;Kemijärvi;Neitilä 3;KM;15670;20;7374030;3516850;146;FALSE;FALSE;TRUE;FALSE;FALSE;FALSE;FALSE;TRUE;FALSE;FALSE;FALSE;Birch bark tar;Chewing pitch;;Purupihka;1;FALSE;;;;0;;;;KM 15670_20;27,37402885;66,45742558
SA;320010104;Kemijärvi;Neitilä 4;KM;16145;1016;7373790;3516815;146;FALSE;TRUE;FALSE;TRUE;TRUE;TRUE;FALSE;TRUE;FALSE;FALSE;FALSE;Birch bark tar;Chewing pitch;;Purupihka;1;FALSE;;;;;;;pallo;KM 16145_1016;27,37321181;66,45527531
SA;1000016017;Kemijärvi;Neitilä 6;KM;16491;320;7373605;3516795;146;FALSE;FALSE;FALSE;TRUE;TRUE;TRUE;FALSE;TRUE;FALSE;FALSE;FALSE;Birch bark tar;Chewing pitch;;Purupihka;1;FALSE;;;;;;;hampaanjälkiä;KM 16491_320;27,3727386;66,45361744
SA;40010015;Kemiönsaari;Jordbro;KM;16544;87;6670194;3247004;;FALSE;FALSE;FALSE;FALSE;FALSE;FALSE;TRUE;FALSE;FALSE;FALSE;FALSE;Birch bark tar;Chewing pitch;;Purupihka;2;FALSE;;;;;;;olleet koristeltuja;KM 16544_87;22,45163388;60,06528389
SA;831010010;Taipalsaari;Syrjälä 1;KM;16545;36;6789890;3559700;82;FALSE;FALSE;FALSE;FALSE;TRUE;FALSE;FALSE;FALSE;FALSE;FALSE;FALSE;Birch bark tar;Chewing pitch;;Purupihka;2;FALSE;;;;;;;;KM 16545_36;28,10768347;61,21323163
SA;300010004;Kuortane;Lahdenkangas 1;KM;16856;50;6960893;3323028;95;FALSE;FALSE;TRUE;FALSE;FALSE;FALSE;FALSE;FALSE;FALSE;FALSE;FALSE;Birch bark tar;Chewing pitch;;Purupihka;2;FALSE;;;;;;;;KM 16856_50;23,53732672;62,70945899
SA;407010011;Lapinjärvi;Gammelby;KM;16916;108;6725600;3455740;25;FALSE;FALSE;FALSE;TRUE;FALSE;FALSE;FALSE;FALSE;FALSE;FALSE;FALSE;Birch bark tar;Chewing pitch;;Purupihka;1;FALSE;;;;;;;;KM 16916_108;26,18806374;60,63832741
SA;309010002;Outokumpu;Sätös;KM;17284;109;6959520;3607260;86;FALSE;FALSE;FALSE;TRUE;TRUE;TRUE;FALSE;FALSE;FALSE;FALSE;FALSE;Birch bark tar;Chewing pitch;;Purupihka;1;FALSE;;;;;;;;KM 17284_109;29,09388764;62,72424211
SA;309010002;Outokumpu;Sätös;KM;17284;140;6959520;3607260;86;FALSE;FALSE;FALSE;TRUE;TRUE;TRUE;FALSE;FALSE;FALSE;FALSE;FALSE;Birch bark tar;Chewing pitch;;Purupihka;1;FALSE;;;;;;;;KM 17284_140;29,09388764;62,72424211
SA;309010002;Outokumpu;Sätös;KM;17284;328;6959520;3607260;86;FALSE;FALSE;FALSE;TRUE;TRUE;TRUE;FALSE;FALSE;FALSE;FALSE;FALSE;Birch bark tar;Chewing pitch;;Purupihka;1;FALSE;;;;;;;;KM 17284_328;29,09388764;62,72424211
SA;309010002;Outokumpu;Sätös;KM;17284;525;6959520;3607260;86;FALSE;FALSE;FALSE;TRUE;TRUE;TRUE;FALSE;FALSE;FALSE;FALSE;FALSE;Birch bark tar;Chewing pitch;;Purupihka;2;FALSE;;;;;;;;KM 17284_525;29,09388764;62,72424211
SA;494010040;Muhos;Halosentörmä;KM;17646;143;7200150;3442850;32,5;FALSE;FALSE;FALSE;FALSE;FALSE;FALSE;FALSE;TRUE;FALSE;FALSE;FALSE;Birch bark tar;Chewing pitch;;Purupihka;2;FALSE;;;;;;;;KM 17646_143;25,78968889;64,89353249
SA;494010040;Muhos;Halosentörmä;KM;17646;163;7200150;3442850;32,5;FALSE;FALSE;FALSE;FALSE;FALSE;FALSE;FALSE;TRUE;FALSE;FALSE;FALSE;Birch bark tar;Chewing pitch;;Purupihka;2;FALSE;;;;;;;;KM 17646_163;25,78968889;64,89353249
SA;285010033;Kotka;Tuuli;KM;17687;42;6718400;3499820;15;FALSE;FALSE;FALSE;FALSE;TRUE;FALSE;FALSE;FALSE;FALSE;FALSE;FALSE;Birch bark tar;Chewing pitch;;Purupihka;1;FALSE;;;;;;;"""ravunmuotoinen"" iso pala";KM 17687_42;26,99362126;60,57617287
SA;912010046;Sastamala;Liekolankatu;KM;18251;724;6810662;3281080;60;FALSE;FALSE;FALSE;FALSE;TRUE;TRUE;FALSE;TRUE;FALSE;FALSE;FALSE;Birch bark tar;Chewing pitch;;Purupihka;1;FALSE;;;;;;;;KM 18251_724;22,90481686;61,34245845
SA;1000012003;Utajärvi;Pikkarainen ja Vesala;KM;18562;36;7173070;3473470;100;FALSE;FALSE;FALSE;FALSE;TRUE;TRUE;FALSE;TRUE;FALSE;FALSE;FALSE;Birch bark tar;Chewing pitch;;Purupihka;2;FALSE;35;25;10;;;;;KM 18562_36;26,44119883;64,65450242
SA;1000012003;Utajärvi;Pikkarainen ja Vesala;KM;18562;81;7173070;3473470;100;FALSE;FALSE;FALSE;FALSE;TRUE;TRUE;FALSE;TRUE;FALSE;FALSE;FALSE;Birch bark tar;Chewing pitch;;Purupihka;2;FALSE;30;15;6;;;;;KM 18562_81;26,44119883;64,65450242
SA;52010009;Evijärvi;Timonen 1;KM;18710;98;7044415;3317898;60;FALSE;FALSE;FALSE;FALSE;TRUE;TRUE;FALSE;FALSE;FALSE;FALSE;FALSE;Birch bark tar;Chewing pitch;;Purupihka;1;FALSE;;;;;;;ei mittoja;KM 18710_98;23,34449807;63,45479043
SA;248010002;Kitee;Sirnihta;KM;18910;236;6867261;3640136;78;FALSE;FALSE;FALSE;FALSE;TRUE;FALSE;FALSE;FALSE;TRUE;TRUE;FALSE;Birch bark tar;Chewing pitch;;Purupihka;1;FALSE;;;;;;;2 kpl, toinen levy;KM 18910_236;29,6618031;61,88631442
SA;52010009;Evijärvi;Timonen 1;KM;19050;173;7044415;3317898;60;FALSE;FALSE;FALSE;FALSE;TRUE;TRUE;FALSE;FALSE;FALSE;FALSE;FALSE;Birch bark tar;Chewing pitch;;Purupihka;1;FALSE;;;;;;;hampaanjälkiä;KM 19050_173;23,34449807;63,45479043
SA;52010009;Evijärvi;Timonen 1;KM;19050;492;7044415;3317898;60;FALSE;FALSE;FALSE;FALSE;TRUE;TRUE;FALSE;FALSE;FALSE;FALSE;FALSE;Birch bark tar;Chewing pitch;;Purupihka;1;FALSE;;;;;;;;KM 19050_492;23,34449807;63,45479043
SA;52010052;Evijärvi;Kotikangas;KM;19261;361;7043477;3318676;65;FALSE;FALSE;FALSE;FALSE;TRUE;FALSE;FALSE;FALSE;FALSE;FALSE;FALSE;Birch bark tar;Chewing pitch;;Purupihka;2;FALSE;;;;;;;;KM 19261_361;23,36113076;63,44678977
SA;91010026;Helsinki;Vartiokylän linnavuori;KM;19270;12;6680427;3396105;;FALSE;FALSE;FALSE;FALSE;FALSE;FALSE;FALSE;FALSE;FALSE;FALSE;TRUE;Birch bark tar;Chewing pitch;;Purupihka;2;FALSE;22;18;12;;;;;KM 19270_12;25,1222806;60,22207132
SA;92010031;Vantaa;Jönsas;KM;19275;439;6685309;3381283;31;FALSE;FALSE;TRUE;FALSE;FALSE;TRUE;FALSE;FALSE;FALSE;FALSE;FALSE;Birch bark tar;Chewing pitch;;Purupihka;1;FALSE;33;27;10;;;;;KM 19275_439;24,85217506;60,26180494
SA;853010029;Turku;Kanttorinmäki;KM;19808;743;6714757;3241322;23;FALSE;FALSE;FALSE;FALSE;FALSE;FALSE;TRUE;FALSE;FALSE;FALSE;FALSE;Birch bark tar;Chewing pitch;;Purupihka;1;FALSE;;;;;;;hampaanjälkiä;KM 19808_743;22,2929244;60,46037285
SA;777010026;Suomussalmi;Nuolisärkkä;KM;19843;44;7236095;3613658;199;FALSE;FALSE;FALSE;FALSE;TRUE;FALSE;FALSE;TRUE;TRUE;TRUE;FALSE;Birch bark tar;Chewing pitch;;Purupihka;2;FALSE;;;;;;;;KM 19843_44;29,4243359;65,20129711
SA;52010009;Evijärvi;Timonen 1;KM;20083;122;7044415;3317898;60;FALSE;FALSE;FALSE;FALSE;TRUE;TRUE;FALSE;FALSE;FALSE;FALSE;FALSE;Birch bark tar;Chewing pitch;;Purupihka;1;FALSE;;;;;;;hampaanjälkiä;KM 20083_122;23,34449807;63,45479043
SA;92010031;Vantaa;Jönsas;KM;20087;437;6685309;3381283;31;FALSE;FALSE;TRUE;FALSE;FALSE;TRUE;FALSE;FALSE;FALSE;FALSE;FALSE;Birch bark tar;Chewing pitch;;Purupihka;2;FALSE;;;;;;;;KM 20087_437;24,85217506;60,26180494
SA;777010114;Suomussalmi;Kukkosaari;KM;20593;87;7201478;3592642;199;FALSE;FALSE;TRUE;TRUE;TRUE;TRUE;TRUE;TRUE;TRUE;TRUE;FALSE;Birch bark tar;Chewing pitch;;Purupihka;1;FALSE;18;12;8;;;;;KM 20593_87;28,95289744;64,89756391
SA;52010071;Evijärvi;Isokangas;KM;20603;123;7047065;3316500;57;FALSE;FALSE;FALSE;FALSE;TRUE;TRUE;FALSE;FALSE;FALSE;FALSE;FALSE;Birch bark tar;Chewing pitch;;Purupihka;1;FALSE;;;;;;;hampaanjälkiä;KM 20603_123;23,31347421;63,47779654
SA;52010071;Evijärvi;Isokangas;KM;20603;699;7047065;3316500;57;FALSE;FALSE;FALSE;FALSE;TRUE;TRUE;FALSE;FALSE;FALSE;FALSE;FALSE;Birch bark tar;Chewing pitch;;Purupihka;1;FALSE;;;;;;;;KM 20603_699;23,31347421;63,47779654
SA;52010071;Evijärvi;Isokangas;KM;20603;1341;7047065;3316500;57;FALSE;FALSE;FALSE;FALSE;TRUE;TRUE;FALSE;FALSE;FALSE;FALSE;FALSE;Birch bark tar;Chewing pitch;;Purupihka;2;FALSE;;;;;;;;KM 20603_1341;23,31347421;63,47779654
SA;52010071;Evijärvi;Isokangas;KM;20603;1458;7047065;3316500;57;FALSE;FALSE;FALSE;FALSE;TRUE;TRUE;FALSE;FALSE;FALSE;FALSE;FALSE;Birch bark tar;Chewing pitch;;Purupihka;1;FALSE;;;;;;;hampaanjälkiä;KM 20603_1458;23,31347421;63,47779654
SA;52010071;Evijärvi;Isokangas;KM;20603;1472;7047065;3316500;57;FALSE;FALSE;FALSE;FALSE;TRUE;TRUE;FALSE;FALSE;FALSE;FALSE;FALSE;Birch bark tar;Chewing pitch;;Purupihka;1;FALSE;;;;;;;hampaanjälkiä;KM 20603_1472;23,31347421;63,47779654
SA;52010071;Evijärvi;Isokangas;KM;20603;1568;7047065;3316500;57;FALSE;FALSE;FALSE;FALSE;TRUE;TRUE;FALSE;FALSE;FALSE;FALSE;FALSE;Birch bark tar;Chewing pitch;;Purupihka;1;FALSE;;;;;;;;KM 20603_1568;23,31347421;63,47779654
SA;621010016;Pedersöre;Purmo-Hundbacken/Myllykangas;KM;20723;211;7034739;3305968;55;FALSE;FALSE;FALSE;FALSE;TRUE;FALSE;FALSE;FALSE;FALSE;FALSE;FALSE;Birch bark tar;Chewing pitch;;Purupihka;1;FALSE;;;;;;;;KM 20723_211;23,11762573;63,36188181
SA;621010016;Pedersöre;Purmo-Hundbacken/Myllykangas;KM;20723;224;7034739;3305968;55;FALSE;FALSE;FALSE;FALSE;TRUE;FALSE;FALSE;FALSE;FALSE;FALSE;FALSE;Birch bark tar;Chewing pitch;;Purupihka;1;FALSE;;;;;;;hampaanjälkiä;KM 20723_224;23,11762573;63,36188181
SA;621010016;Pedersöre;Purmo-Hundbacken/Myllykangas;KM;20999;14;7034739;3305968;55;FALSE;FALSE;FALSE;FALSE;TRUE;FALSE;FALSE;FALSE;FALSE;FALSE;FALSE;Birch bark tar;Chewing pitch;;Purupihka;1;FALSE;;;;;;;;KM 20999_14;23,11762573;63,36188181
SA;621010016;Pedersöre;Purmo-Hundbacken/Myllykangas;KM;20999;23;7034739;3305968;55;FALSE;FALSE;FALSE;FALSE;TRUE;FALSE;FALSE;FALSE;FALSE;FALSE;FALSE;Birch bark tar;Chewing pitch;;Purupihka;1;FALSE;21;11;7;;;;hampaanjälkiä;KM 20999_23;23,11762573;63,36188181
SA;621010016;Pedersöre;Purmo-Hundbacken/Myllykangas;KM;20999;235;7034739;3305968;55;FALSE;FALSE;FALSE;FALSE;TRUE;FALSE;FALSE;FALSE;FALSE;FALSE;FALSE;Birch bark tar;Chewing pitch;;Purupihka;1;FALSE;;;;22;18;7;hampaanjälkiä;KM 20999_235;23,11762573;63,36188181
SA;52010071;Evijärvi;Isokangas;KM;21166;539;7047065;3316500;57;FALSE;FALSE;FALSE;FALSE;TRUE;TRUE;FALSE;FALSE;FALSE;FALSE;FALSE;Birch bark tar;Chewing pitch;;Purupihka;1;FALSE;;;;;;;;KM 21166_539;23,31347421;63,47779654
SA;621010016;Pedersöre;Purmo-Hundbacken/Myllykangas;KM;21349;29;7034739;3305968;55;FALSE;FALSE;FALSE;FALSE;TRUE;FALSE;FALSE;FALSE;FALSE;FALSE;FALSE;Birch bark tar;Chewing pitch;;Purupihka;1;FALSE;;;;28;16;10;hampaanjälkiä;KM 21349_29;23,11762573;63,36188181
SA;765010010;Sotkamo;Kiikarusniemi;KM;21482;22;7116710;3567120;137;FALSE;FALSE;FALSE;TRUE;TRUE;FALSE;FALSE;FALSE;FALSE;FALSE;FALSE;Birch bark tar;Chewing pitch;;Purupihka;1;FALSE;14;11;11;;;;;KM 21482_22;28,37534246;64,14352966
SA;594010001;Pieksämäki;Naarajärvi;KM;22019;402;6907350;3502460;82;FALSE;FALSE;FALSE;TRUE;TRUE;FALSE;FALSE;FALSE;FALSE;FALSE;FALSE;Birch bark tar;Chewing pitch;;Purupihka;1;FALSE;;;;;;;;KM 22019_402;27,04408608;62,27175285
SA;890010001;Utsjoki;Ala-Jalve;KM;22488;1446;7777280;3527000;45;FALSE;FALSE;FALSE;FALSE;FALSE;FALSE;TRUE;TRUE;FALSE;FALSE;FALSE;Birch bark tar;Chewing pitch;;Purupihka;2;FALSE;17;14;5;;;;Puupainanteita;KM 22488_1446;27,70496792;70,07180011
SA;47010076;Enontekiö;Proksinkenttä;KM;22841;130;7593361;3363136;288;FALSE;FALSE;FALSE;FALSE;FALSE;FALSE;FALSE;TRUE;FALSE;FALSE;FALSE;Birch bark tar;Chewing pitch;;Purupihka;3;FALSE;;;;;;;4 kpl;KM 22841_130;23,6655816;68,39121928
SA;593010001;Pieksämäki;Tahinniemi;KM;22955;193;6913850;3507670;120;FALSE;FALSE;FALSE;FALSE;TRUE;TRUE;FALSE;FALSE;FALSE;FALSE;FALSE;Birch bark tar;Chewing pitch;;Purupihka;1;FALSE;;;;;;;2 kpl, hampaanjälkiä;KM 22955_193;27,14469052;62,33000653
SA;593010001;Pieksämäki;Tahinniemi;KM;22955;197;6913850;3507670;120;FALSE;FALSE;FALSE;FALSE;TRUE;TRUE;FALSE;FALSE;FALSE;FALSE;FALSE;Birch bark tar;Chewing pitch;;Purupihka;1;FALSE;;;;;;;1 kpl, hampaanjälkiä;KM 22955_197;27,14469052;62,33000653
SA;559010018;Vöyri;Fårmossen 1-2;KM;23233;5;7023600;3276120;45;FALSE;FALSE;FALSE;FALSE;FALSE;TRUE;TRUE;FALSE;FALSE;FALSE;FALSE;Birch bark tar;Chewing pitch;;Purupihka;1;FALSE;;;;;;;hampaanjälkiä;KM 23233_5;22,53842263;63,24480945
SA;559010018;Vöyri;Fårmossen 1-2;KM;23233;31;7023600;3276120;45;FALSE;FALSE;FALSE;FALSE;FALSE;TRUE;TRUE;FALSE;FALSE;FALSE;FALSE;Birch bark tar;Chewing pitch;;Purupihka;1;FALSE;;;;;;;2 kpl;KM 23233_31;22,53842263;63,24480945
SA;890010001;Utsjoki;Ala-Jalve;KM;23306;227;7777280;3527000;45;FALSE;FALSE;FALSE;FALSE;FALSE;FALSE;TRUE;TRUE;FALSE;FALSE;FALSE;Birch bark tar;Chewing pitch;;Purupihka;2;FALSE;;;;;;;2 kpl, yhteen liimattavissa;KM 23306_227;27,70496792;70,07180011
SA;972010027;Oulu;Kierikin sorakuoppa;KM;23431;698;7251960;3451710;58;FALSE;FALSE;FALSE;FALSE;TRUE;FALSE;FALSE;FALSE;FALSE;FALSE;FALSE;Birch bark tar;Chewing pitch;;Purupihka;3;FALSE;;;;;;;haljennut kolmeen osaan, Kierikkikeskuksessa;KM 23431_698;25,95868308;65,35954543
SA;593010001;Pieksämäki;Tahinniemi;KM;23445;136;6913850;3507670;120;FALSE;FALSE;FALSE;FALSE;TRUE;TRUE;FALSE;FALSE;FALSE;FALSE;FALSE;Birch bark tar;Chewing pitch;;Purupihka;1;FALSE;;;;;;;2 kpl;KM 23445_136;27,14469052;62,33000653
SA;973010028;Oulu;Latokangas;KM;24750;61;7220700;3461680;74;FALSE;FALSE;FALSE;TRUE;TRUE;FALSE;FALSE;FALSE;FALSE;FALSE;FALSE;Birch bark tar;Chewing pitch;;Purupihka;1;FALSE;;;;;;;1 kpl, hampaanjälkiä;KM 24750_61;26,18159452;65,08053135
SA;832010033;Taivalkoski;Aatsinki 2;KM;25271;405;7274490;3545720;180;FALSE;FALSE;FALSE;FALSE;FALSE;TRUE;TRUE;TRUE;FALSE;FALSE;FALSE;Birch bark tar;Chewing pitch;;Purupihka;2;FALSE;;;;;;;;KM 25271_405;27,98630299;65,56200006
SA;139010015;Ii;Hiidenkangas;KM;25602;60;7263540;3433420;42;FALSE;FALSE;FALSE;FALSE;FALSE;FALSE;TRUE;FALSE;FALSE;FALSE;FALSE;Birch bark tar;Chewing pitch;;Purupihka;;FALSE;24;15;8;;;;ei nähty;KM 25602_60;25,56012293;65,46014903
SA;973010028;Oulu;Latokangas;KM;25731;399;7220700;3461680;74;FALSE;FALSE;FALSE;TRUE;TRUE;FALSE;FALSE;FALSE;FALSE;FALSE;FALSE;Birch bark tar;Chewing pitch;;Purupihka;1;FALSE;;;;;;;0,6 g;KM 25731_399;26,18159452;65,08053135
SA;699010277;Rovaniemi;Piirittävaara;KM;26057;483;7381520;3444530;77;FALSE;FALSE;FALSE;FALSE;TRUE;FALSE;FALSE;FALSE;FALSE;FALSE;FALSE;Birch bark tar;Chewing pitch;;Purupihka;3;FALSE;12;13;12;;;;;KM 26057_483;25,74893874;66,52004081
SA;777010056;Suomussalmi;Mikonsärkkä;KM;26391;74;7236404;3614044;199;FALSE;TRUE;FALSE;FALSE;TRUE;TRUE;TRUE;TRUE;TRUE;TRUE;FALSE;Birch bark tar;Chewing pitch;;Purupihka;1;FALSE;;;;;;;;KM 26391_74;29,43282705;65,20393286
SA;768010018;Sulkava;Vilkajärvi 1;KM;26427;49;6856018;3575398;85;FALSE;FALSE;FALSE;FALSE;TRUE;FALSE;FALSE;FALSE;FALSE;FALSE;FALSE;Birch bark tar;Chewing pitch;;Purupihka;2;FALSE;;;;;;;2 kpl, luultavasti esineen varttamispaloja;KM 26427_49;28,42660137;61,80375783
SA;768010018;Sulkava;Vilkajärvi 1;KM;26427;142;6856018;3575398;85;FALSE;FALSE;FALSE;FALSE;TRUE;FALSE;FALSE;FALSE;FALSE;FALSE;FALSE;Birch bark tar;Chewing pitch;;Purupihka;1;FALSE;;;;;;;1 kpl;KM 26427_142;28,42660137;61,80375783
SA;768010018;Sulkava;Vilkajärvi 1;KM;26427;173;6856018;3575398;85;FALSE;FALSE;FALSE;FALSE;TRUE;FALSE;FALSE;FALSE;FALSE;FALSE;FALSE;Birch bark tar;Chewing pitch;;Purupihka;2;FALSE;;;;;;;1 kpl, ehkä varttamispala;KM 26427_173;28,42660137;61,80375783
SA;422010024;Lieksa;Pokronlampi;KM;27122;157;7025126;3653282;96;FALSE;FALSE;FALSE;FALSE;TRUE;FALSE;FALSE;TRUE;FALSE;FALSE;FALSE;Birch bark tar;Chewing pitch;;Purupihka;1;FALSE;;;;;;;hampaanjälkiä?;KM 27122_157;30,05333424;63,29573597
SA;1000002408;Savonlinna;Kylmäniemi a;KM;27178;1113;6867384;3600157;80;FALSE;FALSE;FALSE;FALSE;TRUE;TRUE;FALSE;FALSE;FALSE;FALSE;TRUE;Birch bark tar;Chewing pitch;;Purupihka;1;FALSE;;;;;;;hampaanjälkiä;KM 27178_1113;28,90216475;61,9000155
SA;577010024;Paimio;Toispuolojannummi;KM;27182;157;6716468;3263603;40,5;FALSE;FALSE;FALSE;TRUE;FALSE;FALSE;FALSE;FALSE;TRUE;FALSE;FALSE;Birch bark tar;Chewing pitch;;Purupihka;1;FALSE;;;;;;;;KM 27182_157;22,69466517;60,48935369
SA;410010020;Laukaa;Hartikka;KM;27183;27;6920630;3451900;92;FALSE;FALSE;FALSE;FALSE;TRUE;FALSE;FALSE;FALSE;FALSE;FALSE;FALSE;Birch bark tar;Chewing pitch;;Purupihka;1;FALSE;;;;;;;hampaanjälkiä;KM 27183_27;26,06687111;62,38778805
SA;410010020;Laukaa;Hartikka;KM;27183;120;6920630;3451900;92;FALSE;FALSE;FALSE;FALSE;TRUE;FALSE;FALSE;FALSE;FALSE;FALSE;FALSE;Birch bark tar;Chewing pitch;;Purupihka;1;FALSE;;;;;;;hampaanjälkiä;KM 27183_120;26,06687111;62,38778805
SA;148010013;Inari;Saamen museo / Vuopaja;KM;27205;1054;7647620;3500800;121;FALSE;TRUE;TRUE;TRUE;TRUE;TRUE;FALSE;TRUE;FALSE;FALSE;FALSE;Birch bark tar;Chewing pitch;;Purupihka;1;FALSE;;;;;;;;KM 27205_1054;27,01561672;68,91090111
SA;148010013;Inari;Saamen museo / Vuopaja;KM;27205;1057;7647620;3500800;121;FALSE;TRUE;TRUE;TRUE;TRUE;TRUE;FALSE;TRUE;FALSE;FALSE;FALSE;Birch bark tar;Chewing pitch;;Purupihka;1;FALSE;;;;;;;;KM 27205_1057;27,01561672;68,91090111
SA;148010013;Inari;Saamen museo / Vuopaja;KM;27205;1110;7647620;3500800;121;FALSE;TRUE;TRUE;TRUE;TRUE;TRUE;FALSE;TRUE;FALSE;FALSE;FALSE;Birch bark tar;Chewing pitch;;Purupihka;1;FALSE;;;;;;;;KM 27205_1110;27,01561672;68,91090111
SA;309010002;Outokumpu;Sätös;KM;27704;23;6959520;3607260;86;FALSE;FALSE;FALSE;TRUE;TRUE;TRUE;FALSE;FALSE;FALSE;FALSE;FALSE;Birch bark tar;Chewing pitch;;Purupihka;1;FALSE;;;;;;;;KM 27704_23;29,09388764;62,72424211
SA;309010002;Outokumpu;Sätös;KM;27704;236;6959520;3607260;86;FALSE;FALSE;FALSE;TRUE;TRUE;TRUE;FALSE;FALSE;FALSE;FALSE;FALSE;Birch bark tar;Chewing pitch;;Purupihka;1;FALSE;;;;;;;;KM 27704_236;29,09388764;62,72424211
SA;309010002;Outokumpu;Sätös;KM;27704;351;6959520;3607260;86;FALSE;FALSE;FALSE;TRUE;TRUE;TRUE;FALSE;FALSE;FALSE;FALSE;FALSE;Birch bark tar;Chewing pitch;;Purupihka;1;FALSE;;;;;;;;KM 27704_351;29,09388764;62,72424211
SA;309010002;Outokumpu;Sätös;KM;27704;430;6959520;3607260;86;FALSE;FALSE;FALSE;TRUE;TRUE;TRUE;FALSE;FALSE;FALSE;FALSE;FALSE;Birch bark tar;Chewing pitch;;Purupihka;1;FALSE;;;;;;;;KM 27704_430;29,09388764;62,72424211
SA;422010026;Lieksa;Haasiinniemi;KM;27734;282;7005283;3651592;100;FALSE;FALSE;TRUE;TRUE;TRUE;FALSE;FALSE;FALSE;FALSE;FALSE;FALSE;Birch bark tar;Chewing pitch;;Purupihka;1;FALSE;;;;;;;6 kpl;KM 27734_282;30,00120105;63,11867949
SA;707010007;Rääkkylä;Pörrinmökki;KM;28013;13324;6901557;3651138;80;FALSE;FALSE;FALSE;FALSE;TRUE;FALSE;FALSE;FALSE;FALSE;FALSE;FALSE;Birch bark tar;Chewing pitch;;Purupihka;1;FALSE;36;25;17;;;;hampaanjälkiä;KM 28013_13324;29,8998656;62,18945756
SA;422010026;Lieksa;Haasiinniemi;KM;28066;216;7005283;3651592;100;FALSE;FALSE;TRUE;TRUE;TRUE;FALSE;FALSE;FALSE;FALSE;FALSE;FALSE;Birch bark tar;Birch bark tar piece;;Koivutervaa;1;FALSE;35;20;10;;;;kolmionmuotoinen, nauhamaisia painanteita, nyörityksen jälkiä, käytetty esineen varttamisessa;KM 28066_216;30,00120105;63,11867949
SA;309010002;Outokumpu;Sätös;KM;28153;2603;6959520;3607260;86;FALSE;FALSE;FALSE;TRUE;TRUE;TRUE;FALSE;FALSE;FALSE;FALSE;FALSE;Birch bark tar;Chewing pitch;;Purupihka;1;FALSE;15;12;10;;;;hampaanjäljet;KM 28153_2603;29,09388764;62,72424211
SA;92010010;Vantaa;Sandåker;KM;28203;971;6688673;3393159;23;FALSE;FALSE;FALSE;FALSE;TRUE;FALSE;FALSE;FALSE;FALSE;FALSE;FALSE;Birch bark tar;Chewing pitch;;Purupihka;1;FALSE;24;10;8;;;;;KM 28203_971;25,06479551;60,29527674
SA;148010013;Inari;Saamen museo / Vuopaja;KM;28365;578;7647620;3500800;121;FALSE;TRUE;TRUE;TRUE;TRUE;TRUE;FALSE;TRUE;FALSE;FALSE;FALSE;Birch bark tar;Chewing pitch;;Purupihka;1;FALSE;38;33;11;;;;;KM 28365_578;27,01561672;68,91090111
SA;148010013;Inari;Saamen museo / Vuopaja;KM;28365;579;7647620;3500800;121;FALSE;TRUE;TRUE;TRUE;TRUE;TRUE;FALSE;TRUE;FALSE;FALSE;FALSE;Birch bark tar;Chewing pitch;;Purupihka;1;FALSE;20;21;7;;;;;KM 28365_579;27,01561672;68,91090111
SA;148010013;Inari;Saamen museo / Vuopaja;KM;28365;580;7647620;3500800;121;FALSE;TRUE;TRUE;TRUE;TRUE;TRUE;FALSE;TRUE;FALSE;FALSE;FALSE;Birch bark tar;Chewing pitch;;Purupihka;1;FALSE;33;21;7;;;;;KM 28365_580;27,01561672;68,91090111
SA;601010049;Pihtipudas;Lylysaari 1;KM;28367;40;7024940;3431980;115;FALSE;FALSE;FALSE;FALSE;TRUE;TRUE;FALSE;TRUE;FALSE;FALSE;FALSE;Birch bark tar;Chewing pitch;;Purupihka;1;FALSE;31;13;9;;;;hampaanjäljet;KM 28367_40;25,63928667;63,32027584
SA;309010002;Outokumpu;Sätös;KM;28482;2243;6959520;3607260;86;FALSE;FALSE;FALSE;TRUE;TRUE;TRUE;FALSE;FALSE;FALSE;FALSE;FALSE;Birch bark tar;Chewing pitch;;Purupihka;1;FALSE;13;14;6;;;;Palassa on ilmeisesti hampaanjälkiä;KM 28482_2243;29,09388764;62,72424211
SA;309010002;Outokumpu;Sätös;KM;28482;3036;6959520;3607260;86;FALSE;FALSE;FALSE;TRUE;TRUE;TRUE;FALSE;FALSE;FALSE;FALSE;FALSE;Birch bark tar;Chewing pitch;;Purupihka;1;FALSE;;;;;;;;KM 28482_3036;29,09388764;62,72424211
SA;832010037;Taivalkoski;Tervaniemi, Ahola;KM;28687;580;7276714;3592546;237,5;FALSE;TRUE;FALSE;FALSE;FALSE;FALSE;FALSE;FALSE;FALSE;FALSE;FALSE;Birch bark tar;Chewing pitch;;Purupihka;1;FALSE;28;14;10;;;;Palasta otettu ajoitusnäyte, hampaanjälkiä;KM 28687_580;29,00124433;65,57197336
SA;729010055;Saarijärvi;Haikanniemi N;KM;28691;3;6951522;3415471;112;FALSE;FALSE;FALSE;TRUE;FALSE;FALSE;FALSE;FALSE;FALSE;FALSE;FALSE;Birch bark tar;Chewing pitch;;Purupihka;2;FALSE;14;12;5;;;;;KM 28691_3;25,34764793;62,65834904
SA;707010015;Rääkkylä;Kivilampi;KM;28771;3;6905987;3646477;82;FALSE;FALSE;FALSE;TRUE;TRUE;FALSE;FALSE;FALSE;FALSE;FALSE;FALSE;Birch bark tar;Birch bark tar piece;;Koivutervaa;2;FALSE;;;;;;;mustaa pihkamaista ainetta;KM 28771_3;29,81415956;62,23100112
SA;707010016;Rääkkylä;Mikinsärkkä;KM;28772;10;6905752;3646788;80;FALSE;FALSE;FALSE;TRUE;TRUE;TRUE;FALSE;FALSE;FALSE;FALSE;FALSE;Birch bark tar;Birch bark tar piece;;Koivutervaa;1;FALSE;;;;;;;pieni pala;KM 28772_10;29,81993625;62,22877376
SA;409010044;Kristiinankaupunki;Lappfjärd-Rävåsen;KM;28863;1556;6915549;3226085;54;FALSE;FALSE;FALSE;FALSE;TRUE;TRUE;TRUE;FALSE;FALSE;FALSE;FALSE;Birch bark tar;Chewing pitch;;Purupihka;1;FALSE;;;;;;;;KM 28863_1556;21,72257186;62,24498537
SA;832010037;Taivalkoski;Tervaniemi, Ahola;KM;28899;535;7276714;3592546;237,5;FALSE;TRUE;FALSE;FALSE;FALSE;FALSE;FALSE;FALSE;FALSE;FALSE;FALSE;Birch bark tar;Chewing pitch;;Purupihka;1;FALSE;;;;;;;pieni kappale;KM 28899_535;29,00124433;65,57197336
SA;972010043;Oulu;Kuuselankangas;KM;28943;1070;7252100;3450590;60;FALSE;FALSE;FALSE;FALSE;TRUE;FALSE;FALSE;FALSE;FALSE;FALSE;FALSE;Birch bark tar;Chewing pitch;;Purupihka;1;FALSE;20;8;5;;;;pieni näytepala otettu ajoitusta varten;KM 28943_1070;25,93457136;65,36063297
SA;972010043;Oulu;Kuuselankangas;KM;28943;1418;7252100;3450590;60;FALSE;FALSE;FALSE;FALSE;TRUE;FALSE;FALSE;FALSE;FALSE;FALSE;FALSE;Birch bark tar;Chewing pitch;;Purupihka;1;FALSE;;;;;;;hampaanjälkiä, näytepala ajoitusta varten;KM 28943_1418;25,93457136;65,36063297
SA;972010043;Oulu;Kuuselankangas;KM;28943;2027;7252100;3450590;60;FALSE;FALSE;FALSE;FALSE;TRUE;FALSE;FALSE;FALSE;FALSE;FALSE;FALSE;Birch bark tar;Chewing pitch;;Purupihka;1;FALSE;;;;;;;hampaanjälkiä, näyte ajoitusta varten, 2 kpl;KM 28943_2027;25,93457136;65,36063297
SA;601010049;Pihtipudas;Lylysaari 1;KM;28984;1;7024940;3431980;115;FALSE;FALSE;FALSE;FALSE;TRUE;TRUE;FALSE;TRUE;FALSE;FALSE;FALSE;Birch bark tar;Chewing pitch;;Purupihka;1;FALSE;;;;;;;3 kpl, hampaanjälkiä;KM 28984_1;25,63928667;63,32027584
SA;601010049;Pihtipudas;Lylysaari 1;KM;28984;4;7024940;3431980;115;FALSE;FALSE;FALSE;FALSE;TRUE;TRUE;FALSE;TRUE;FALSE;FALSE;FALSE;Birch bark tar;Chewing pitch;;Purupihka;1;FALSE;22;10;7;;;;2 kpl, hampaanjälkiä;KM 28984_4;25,63928667;63,32027584
SA;601010049;Pihtipudas;Lylysaari 1;KM;28984;24;7024940;3431980;115;FALSE;FALSE;FALSE;FALSE;TRUE;TRUE;FALSE;TRUE;FALSE;FALSE;FALSE;Birch bark tar;Chewing pitch;;Purupihka;1;FALSE;;;;;;;;KM 28984_24;25,63928667;63,32027584
SA;163010005;Kouvola;Pukkisaari;KM;29098;69;6784680;3478120;73;FALSE;FALSE;FALSE;FALSE;TRUE;TRUE;TRUE;TRUE;FALSE;FALSE;FALSE;Birch bark tar;Chewing pitch;;Purupihka;1;FALSE;;;;;;;hampaanjäljet näkyvissä;KM 29098_69;26,59027985;61,17037981
SA;163010005;Kouvola;Pukkisaari;KM;29098;80;6784680;3478120;73;FALSE;FALSE;FALSE;FALSE;TRUE;TRUE;TRUE;TRUE;FALSE;FALSE;FALSE;Birch bark tar;Chewing pitch;;Purupihka;1;FALSE;;;;;;;hampaanjäljet näkyvissä;KM 29098_80;26,59027985;61,17037981
SA;163010005;Kouvola;Pukkisaari;KM;29098;169;6784680;3478120;73;FALSE;FALSE;FALSE;FALSE;TRUE;TRUE;TRUE;TRUE;FALSE;FALSE;FALSE;Birch bark tar;Chewing pitch;;Purupihka;1;FALSE;;;;;;;;KM 29098_169;26,59027985;61,17037981
SA;163010005;Kouvola;Pukkisaari;KM;29098;197;6784680;3478120;73;FALSE;FALSE;FALSE;FALSE;TRUE;TRUE;TRUE;TRUE;FALSE;FALSE;FALSE;Birch bark tar;Chewing pitch;;Purupihka;1;FALSE;;;;;;;;KM 29098_197;26,59027985;61,17037981
SA;290010053;Kuhmo;Vasikkaniemi SW;KM;29136;2630;7112834;3598406;159;FALSE;FALSE;TRUE;FALSE;FALSE;FALSE;FALSE;TRUE;TRUE;TRUE;FALSE;Birch bark tar;Chewing pitch;;Purupihka;1;FALSE;;;;;;;hampaanjälkiä, deponoitu Kainuun museeon;KM 29136_2630;29,01513604;64,10130682
SA;835010089;Raasepori;Timmerkärr;KM;29155;300;6669958;3297823;32;FALSE;FALSE;FALSE;TRUE;FALSE;FALSE;FALSE;FALSE;FALSE;FALSE;FALSE;Birch bark tar;Chewing pitch;;Purupihka;1;FALSE;16;18;8;;;;hampaanjälkiä, deponoitu Tammisaaren museoon;KM 29155_300;23,36246373;60,09139072
SA;309010006;Outokumpu;Laavussuo;KM;29556;2243;6957657;3607870;85;FALSE;FALSE;FALSE;FALSE;TRUE;TRUE;FALSE;FALSE;FALSE;FALSE;FALSE;Birch bark tar;Chewing pitch;;Purupihka;1;FALSE;;;;;;;ei mittoja;KM 29556_2243;29,10461661;62,70736028
SA;409010044;Kristiinankaupunki;Lappfjärd-Rävåsen;KM;29610;449;6915549;3226085;54;FALSE;FALSE;FALSE;FALSE;TRUE;TRUE;TRUE;FALSE;FALSE;FALSE;FALSE;Birch bark tar;Chewing pitch;;Purupihka;1;FALSE;;;;;;;hampaanjälkiä;KM 29610_449;21,72257186;62,24498537
SA;707010007;Rääkkylä;Pörrinmökki;KM;29713;5470;6901557;3651138;80;FALSE;FALSE;FALSE;FALSE;TRUE;FALSE;FALSE;FALSE;FALSE;FALSE;FALSE;Birch bark tar;Chewing pitch;;Purupihka;1;FALSE;;;;;;;ei mittoja, hampaanjälkiä, Hela-151 4880 +/- 65 BP;KM 29713_5470;29,8998656;62,18945756
SA;707010007;Rääkkylä;Pörrinmökki;KM;29713;5471;6901557;3651138;80;FALSE;FALSE;FALSE;FALSE;TRUE;FALSE;FALSE;FALSE;FALSE;FALSE;FALSE;Birch bark tar;Birch bark tar piece;;Koivutervaa;2;FALSE;;;;;;;;KM 29713_5471;29,8998656;62,18945756
SA;707010007;Rääkkylä;Pörrinmökki;KM;29713;5477;6901557;3651138;80;FALSE;FALSE;FALSE;FALSE;TRUE;FALSE;FALSE;FALSE;FALSE;FALSE;FALSE;Birch bark tar;Chewing pitch;;Purupihka;1;FALSE;;;;;;;2 kpl, pyöreitä mällejä;KM 29713_5477;29,8998656;62,18945756
SA;707010007;Rääkkylä;Pörrinmökki;KM;29713;5478;6901557;3651138;80;FALSE;FALSE;FALSE;FALSE;TRUE;FALSE;FALSE;FALSE;FALSE;FALSE;FALSE;Birch bark tar;Birch bark tar piece;;Koivutervaa;2;FALSE;;;;;;;;KM 29713_5478;29,8998656;62,18945756
SA;707010007;Rääkkylä;Pörrinmökki;KM;29713;5479;6901557;3651138;80;FALSE;FALSE;FALSE;FALSE;TRUE;FALSE;FALSE;FALSE;FALSE;FALSE;FALSE;Birch bark tar;Chewing pitch;;Purupihka;1;FALSE;;;;;;;pyöreä mälli;KM 29713_5479;29,8998656;62,18945756
SA;707010007;Rääkkylä;Pörrinmökki;KM;29713;5484;6901557;3651138;80;FALSE;FALSE;FALSE;FALSE;TRUE;FALSE;FALSE;FALSE;FALSE;FALSE;FALSE;Birch bark tar;Chewing pitch;;Purupihka;1;FALSE;;;;;;;pyöreähkö mälli;KM 29713_5484;29,8998656;62,18945756
SA;707010007;Rääkkylä;Pörrinmökki;KM;29713;5494;6901557;3651138;80;FALSE;FALSE;FALSE;FALSE;TRUE;FALSE;FALSE;FALSE;FALSE;FALSE;FALSE;Birch bark tar;Chewing pitch;;Purupihka;1;FALSE;;;;;;;2 kpl, heikkoja hampaanjälkiä;KM 29713_5494;29,8998656;62,18945756
SA;707010007;Rääkkylä;Pörrinmökki;KM;29713;5495;6901557;3651138;80;FALSE;FALSE;FALSE;FALSE;TRUE;FALSE;FALSE;FALSE;FALSE;FALSE;FALSE;Birch bark tar;Birch bark tar piece;;Koivutervaa;2;FALSE;;;;;;;;KM 29713_5495;29,8998656;62,18945756
SA;707010007;Rääkkylä;Pörrinmökki;KM;29713;7341;6901557;3651138;80;FALSE;FALSE;FALSE;FALSE;TRUE;FALSE;FALSE;FALSE;FALSE;FALSE;FALSE;Birch bark tar;Birch bark tar piece;;Koivutervaa;1;FALSE;;;;;;;;KM 29713_7341;29,8998656;62,18945756
SA;91010004;Helsinki;Malminkartano Kårböle folkskola;KM;29890;2266;6684221;3382324;23,5;FALSE;FALSE;FALSE;FALSE;TRUE;FALSE;FALSE;FALSE;FALSE;FALSE;FALSE;Birch bark tar;Birch bark tar piece;;Koivutervaa;2;FALSE;;;;;;;;KM 29890_2266;24,87160055;60,25234932
SA;91010004;Helsinki;Malminkartano Kårböle folkskola;KM;29890;2292;6684221;3382324;23,5;FALSE;FALSE;FALSE;FALSE;TRUE;FALSE;FALSE;FALSE;FALSE;FALSE;FALSE;Birch bark tar;Birch bark tar piece;;Koivutervaa;1;FALSE;;;;;;;;KM 29890_2292;24,87160055;60,25234932
SA;91010004;Helsinki;Malminkartano Kårböle folkskola;KM;29890;2370;6684221;3382324;23,5;FALSE;FALSE;FALSE;FALSE;TRUE;FALSE;FALSE;FALSE;FALSE;FALSE;FALSE;Birch bark tar;Birch bark tar piece;;Koivutervaa;1;FALSE;;;;;;;;KM 29890_2370;24,87160055;60,25234932
SA;91010004;Helsinki;Malminkartano Kårböle folkskola;KM;29890;2411;6684221;3382324;23,5;FALSE;FALSE;FALSE;FALSE;TRUE;FALSE;FALSE;FALSE;FALSE;FALSE;FALSE;Birch bark tar;Birch bark tar piece;;Koivutervaa;1;FALSE;;;;;;;;KM 29890_2411;24,87160055;60,25234932
SA;91010004;Helsinki;Malminkartano Kårböle folkskola;KM;29890;2422;6684221;3382324;23,5;FALSE;FALSE;FALSE;FALSE;TRUE;FALSE;FALSE;FALSE;FALSE;FALSE;FALSE;Birch bark tar;Birch bark tar piece;;Koivutervaa;1;FALSE;;;;;;;;KM 29890_2422;24,87160055;60,25234932
SA;91010004;Helsinki;Malminkartano Kårböle folkskola;KM;29890;2542;6684221;3382324;23,5;FALSE;FALSE;FALSE;FALSE;TRUE;FALSE;FALSE;FALSE;FALSE;FALSE;FALSE;Birch bark tar;Birch bark tar piece;;Koivutervaa;2;FALSE;;;;;;;;KM 29890_2542;24,87160055;60,25234932
SA;91010004;Helsinki;Malminkartano Kårböle folkskola;KM;29890;2581;6684221;3382324;23,5;FALSE;FALSE;FALSE;FALSE;TRUE;FALSE;FALSE;FALSE;FALSE;FALSE;FALSE;Birch bark tar;Birch bark tar piece;;Koivutervaa;2;FALSE;;;;;;;;KM 29890_2581;24,87160055;60,25234932
SA;972010043;Oulu;Kuuselankangas;KM;29907;98;7252100;3450590;60;FALSE;FALSE;FALSE;FALSE;TRUE;FALSE;FALSE;FALSE;FALSE;FALSE;FALSE;Birch bark tar;Chewing pitch;;Purupihka;1;FALSE;;;;;;;hampaanjälkiä;KM 29907_98;25,93457136;65,36063297
SA;972010043;Oulu;Kuuselankangas;KM;29907;190;7252100;3450590;60;FALSE;FALSE;FALSE;FALSE;TRUE;FALSE;FALSE;FALSE;FALSE;FALSE;FALSE;Birch bark tar;Chewing pitch;;Purupihka;1;FALSE;;;;;;;hampaanjälkiä;KM 29907_190;25,93457136;65,36063297
SA;972010043;Oulu;Kuuselankangas;KM;29907;191;7252100;3450590;60;FALSE;FALSE;FALSE;FALSE;TRUE;FALSE;FALSE;FALSE;FALSE;FALSE;FALSE;Birch bark tar;Chewing pitch;;Purupihka;1;FALSE;;;;;;;;KM 29907_191;25,93457136;65,36063297
SA;972010043;Oulu;Kuuselankangas;KM;29907;756;7252100;3450590;60;FALSE;FALSE;FALSE;FALSE;TRUE;FALSE;FALSE;FALSE;FALSE;FALSE;FALSE;Birch bark tar;Chewing pitch;;Purupihka;1;FALSE;;;;;;;hampaanjälkiä;KM 29907_756;25,93457136;65,36063297
SA;972010043;Oulu;Kuuselankangas;KM;29907;783;7252100;3450590;60;FALSE;FALSE;FALSE;FALSE;TRUE;FALSE;FALSE;FALSE;FALSE;FALSE;FALSE;Birch bark tar;Chewing pitch;;Purupihka;1;FALSE;;;;;;;hampaanjälkiä;KM 29907_783;25,93457136;65,36063297
SA;972010043;Oulu;Kuuselankangas;KM;29907;1106;7252100;3450590;60;FALSE;FALSE;FALSE;FALSE;TRUE;FALSE;FALSE;FALSE;FALSE;FALSE;FALSE;Birch bark tar;Chewing pitch;;Purupihka;1;FALSE;;;;;;;hampaanjälkiä;KM 29907_1106;25,93457136;65,36063297
SA;972010043;Oulu;Kuuselankangas;KM;29907;1159;7252100;3450590;60;FALSE;FALSE;FALSE;FALSE;TRUE;FALSE;FALSE;FALSE;FALSE;FALSE;FALSE;Birch bark tar;Chewing pitch;;Purupihka;1;FALSE;;;;;;;;KM 29907_1159;25,93457136;65,36063297
SA;972010043;Oulu;Kuuselankangas;KM;29907;1160;7252100;3450590;60;FALSE;FALSE;FALSE;FALSE;TRUE;FALSE;FALSE;FALSE;FALSE;FALSE;FALSE;Birch bark tar;Chewing pitch;;Purupihka;1;FALSE;;;;;;;hampaanjälkiä;KM 29907_1160;25,93457136;65,36063297
SA;972010043;Oulu;Kuuselankangas;KM;29907;1169;7252100;3450590;60;FALSE;FALSE;FALSE;FALSE;TRUE;FALSE;FALSE;FALSE;FALSE;FALSE;FALSE;Birch bark tar;Chewing pitch;;Purupihka;1;FALSE;;;;;;;hampaanjälkiä;KM 29907_1169;25,93457136;65,36063297
SA;972010043;Oulu;Kuuselankangas;KM;29907;1184;7252100;3450590;60;FALSE;FALSE;FALSE;FALSE;TRUE;FALSE;FALSE;FALSE;FALSE;FALSE;FALSE;Birch bark tar;Chewing pitch;;Purupihka;1;FALSE;;;;;;;;KM 29907_1184;25,93457136;65,36063297
SA;972010043;Oulu;Kuuselankangas;KM;29907;1680;7252100;3450590;60;FALSE;FALSE;FALSE;FALSE;TRUE;FALSE;FALSE;FALSE;FALSE;FALSE;FALSE;Birch bark tar;Chewing pitch;;Purupihka;1;FALSE;;;;;;;hampaanjälkiä;KM 29907_1680;25,93457136;65,36063297
SA;972010043;Oulu;Kuuselankangas;KM;29907;1681;7252100;3450590;60;FALSE;FALSE;FALSE;FALSE;TRUE;FALSE;FALSE;FALSE;FALSE;FALSE;FALSE;Birch bark tar;Chewing pitch;;Purupihka;1;FALSE;;;;;;;hampaanjälkiä;KM 29907_1681;25,93457136;65,36063297
SA;972010043;Oulu;Kuuselankangas;KM;29907;1802;7252100;3450590;60;FALSE;FALSE;FALSE;FALSE;TRUE;FALSE;FALSE;FALSE;FALSE;FALSE;FALSE;Birch bark tar;Chewing pitch;;Purupihka;1;FALSE;;;;;;;hampaanjälkiä;KM 29907_1802;25,93457136;65,36063297
SA;410010041;Laukaa;Harjukangas D;KM;29911;9;6909310;3449500;95;FALSE;FALSE;FALSE;FALSE;TRUE;FALSE;FALSE;FALSE;FALSE;FALSE;FALSE;Birch bark tar;Chewing pitch;;Purupihka;1;FALSE;;;;;;;hampaanjälkiä;KM 29911_9;26,02378697;62,28591524
SA;92010043;Vantaa;Stenkulla;KM;29954;1171;6688737;3393380;20;FALSE;FALSE;FALSE;FALSE;TRUE;FALSE;FALSE;FALSE;FALSE;FALSE;FALSE;Birch bark tar;Chewing pitch;;Purupihka;1;FALSE;;;;;;;;KM 29954_1171;25,06875558;60,29590896
SA;92010043;Vantaa;Stenkulla;KM;29954;2516;6688737;3393380;20;FALSE;FALSE;FALSE;FALSE;TRUE;FALSE;FALSE;FALSE;FALSE;FALSE;FALSE;Birch bark tar;Chewing pitch;;Purupihka;1;FALSE;;;;;;;ei mittoja, mahd. hampaanjälkiä;KM 29954_2516;25,06875558;60,29590896
SA;92010043;Vantaa;Stenkulla;KM;29954;10679;6688737;3393380;20;FALSE;FALSE;FALSE;FALSE;TRUE;FALSE;FALSE;FALSE;FALSE;FALSE;FALSE;Birch bark tar;Birch bark tar piece;;Koivutervaa;1;FALSE;;;;;;;;KM 29954_10679;25,06875558;60,29590896
SA;92010043;Vantaa;Stenkulla;KM;29954;10684;6688737;3393380;20;FALSE;FALSE;FALSE;FALSE;TRUE;FALSE;FALSE;FALSE;FALSE;FALSE;FALSE;Birch bark tar;Birch bark tar piece;;Koivutervaa;3;FALSE;;;;;;;kiiltävä musta pallo;KM 29954_10684;25,06875558;60,29590896
SA;707010045;Rääkkylä;Vihi 1;KM;30460;10021;6915236;3654169;80;FALSE;FALSE;FALSE;FALSE;TRUE;FALSE;FALSE;FALSE;FALSE;FALSE;FALSE;Birch bark tar;Chewing pitch;;Purupihka;1;FALSE;;;;;;;hampaanjälkiä, 2 kpl;KM 30460_10021;29,97003938;62,31080103
SA;707010045;Rääkkylä;Vihi 1;KM;30460;10044;6915236;3654169;80;FALSE;FALSE;FALSE;FALSE;TRUE;FALSE;FALSE;FALSE;FALSE;FALSE;FALSE;Birch bark tar;Chewing pitch;;Purupihka;1;FALSE;;;;;;;;KM 30460_10044;29,97003938;62,31080103
SA;707010045;Rääkkylä;Vihi 1;KM;30460;10134;6915236;3654169;80;FALSE;FALSE;FALSE;FALSE;TRUE;FALSE;FALSE;FALSE;FALSE;FALSE;FALSE;Birch bark tar;Chewing pitch;;Purupihka;1;FALSE;24;8;6;;;;hampaanjälkiä;KM 30460_10134;29,97003938;62,31080103
SA;707010045;Rääkkylä;Vihi 1;KM;30460;10198;6915236;3654169;80;FALSE;FALSE;FALSE;FALSE;TRUE;FALSE;FALSE;FALSE;FALSE;FALSE;FALSE;Birch bark tar;Chewing pitch;;Purupihka;1;FALSE;;;;;;;2 kpl;KM 30460_10198;29,97003938;62,31080103
SA;707010045;Rääkkylä;Vihi 1;KM;30460;10245;6915236;3654169;80;FALSE;FALSE;FALSE;FALSE;TRUE;FALSE;FALSE;FALSE;FALSE;FALSE;FALSE;Birch bark tar;Chewing pitch;;Purupihka;1;FALSE;31;12;7;;;;hampaanjälkiä;KM 30460_10245;29,97003938;62,31080103
SA;707010045;Rääkkylä;Vihi 1;KM;30460;10283;6915236;3654169;80;FALSE;FALSE;FALSE;FALSE;TRUE;FALSE;FALSE;FALSE;FALSE;FALSE;FALSE;Birch bark tar;Chewing pitch;;Purupihka;2;FALSE;;;;;;;;KM 30460_10283;29,97003938;62,31080103
SA;707010045;Rääkkylä;Vihi 1;KM;30460;10321;6915236;3654169;80;FALSE;FALSE;FALSE;FALSE;TRUE;FALSE;FALSE;FALSE;FALSE;FALSE;FALSE;Birch bark tar;Chewing pitch;;Purupihka;2;FALSE;;;;;;;;KM 30460_10321;29,97003938;62,31080103
SA;707010045;Rääkkylä;Vihi 1;KM;30460;10381;6915236;3654169;80;FALSE;FALSE;FALSE;FALSE;TRUE;FALSE;FALSE;FALSE;FALSE;FALSE;FALSE;Birch bark tar;Chewing pitch;;Purupihka;2;FALSE;;;;;;;;KM 30460_10381;29,97003938;62,31080103
SA;707010045;Rääkkylä;Vihi 1;KM;30460;10395;6915236;3654169;80;FALSE;FALSE;FALSE;FALSE;TRUE;FALSE;FALSE;FALSE;FALSE;FALSE;FALSE;Birch bark tar;Chewing pitch;;Purupihka;2;FALSE;;;;;;;;KM 30460_10395;29,97003938;62,31080103
SA;973010046;Oulu;Vepsänkangas;KM;30561;204;7210650;3463460;79;FALSE;FALSE;FALSE;TRUE;FALSE;FALSE;FALSE;FALSE;FALSE;FALSE;FALSE;Birch bark tar;Chewing pitch;;Purupihka;1;FALSE;19;12;6;;;;hampaanjälkiä;KM 30561_204;26,22206703;64,99060188
SA;973010046;Oulu;Vepsänkangas;KM;30561;269;7210650;3463460;79;FALSE;FALSE;FALSE;TRUE;FALSE;FALSE;FALSE;FALSE;FALSE;FALSE;FALSE;Birch bark tar;Chewing pitch;;Purupihka;1;FALSE;33;11;7;;;;C14-ajoitettu, Hela-235: 6065 +/- 75 BP, hampaanjälkiä;KM 30561_269;26,22206703;64,99060188
SA;973010046;Oulu;Vepsänkangas;KM;30561;313;7210650;3463460;79;FALSE;FALSE;FALSE;TRUE;FALSE;FALSE;FALSE;FALSE;FALSE;FALSE;FALSE;Birch bark tar;Chewing pitch;;Purupihka;1;FALSE;40;17;12;;;;hampaanjälkiä;KM 30561_313;26,22206703;64,99060188
SA;973010046;Oulu;Vepsänkangas;KM;30561;314;7210650;3463460;79;FALSE;FALSE;FALSE;TRUE;FALSE;FALSE;FALSE;FALSE;FALSE;FALSE;FALSE;Birch bark tar;Chewing pitch;;Purupihka;1;FALSE;25;18;8;;;;litteä pallo;KM 30561_314;26,22206703;64,99060188
SA;973010046;Oulu;Vepsänkangas;KM;30561;468;7210650;3463460;79;FALSE;FALSE;FALSE;TRUE;FALSE;FALSE;FALSE;FALSE;FALSE;FALSE;FALSE;Birch bark tar;Chewing pitch;;Purupihka;1;FALSE;44;20;14;;;;hampaanjälkiä;KM 30561_468;26,22206703;64,99060188
SA;409010044;Kristiinankaupunki;Lappfjärd-Rävåsen;KM;30588;1043;6915549;3226085;54;FALSE;FALSE;FALSE;FALSE;TRUE;TRUE;TRUE;FALSE;FALSE;FALSE;FALSE;Birch bark tar;Chewing pitch;;Purupihka;1;FALSE;;;;;;;3 kpl;KM 30588_1043;21,72257186;62,24498537
SA;49010012;Espoo;Bergdal;KM;30601;145;6679974;3366855;25;FALSE;FALSE;TRUE;FALSE;FALSE;FALSE;FALSE;FALSE;FALSE;TRUE;FALSE;Birch bark tar;Chewing pitch;;Purupihka;3;FALSE;;;;;;;;KM 30601_145;24,59528105;60,20949385
SA;972010043;Oulu;Kuuselankangas;KM;30665;449;7252100;3450590;60;FALSE;FALSE;FALSE;FALSE;TRUE;FALSE;FALSE;FALSE;FALSE;FALSE;FALSE;Birch bark tar;Chewing pitch;;Purupihka;2;FALSE;;;;21;20;12;;KM 30665_449;25,93457136;65,36063297
SA;972010043;Oulu;Kuuselankangas;KM;30665;533;7252100;3450590;60;FALSE;FALSE;FALSE;FALSE;TRUE;FALSE;FALSE;FALSE;FALSE;FALSE;FALSE;Birch bark tar;Chewing pitch;;Purupihka;2;FALSE;;;;;;;;KM 30665_533;25,93457136;65,36063297
SA;972010043;Oulu;Kuuselankangas;KM;30665;2185;7252100;3450590;60;FALSE;FALSE;FALSE;FALSE;TRUE;FALSE;FALSE;FALSE;FALSE;FALSE;FALSE;Birch bark tar;Chewing pitch;;Purupihka;2;FALSE;18;15;6;;;;;KM 30665_2185;25,93457136;65,36063297
SA;972010043;Oulu;Kuuselankangas;KM;30665;2193;7252100;3450590;60;FALSE;FALSE;FALSE;FALSE;TRUE;FALSE;FALSE;FALSE;FALSE;FALSE;FALSE;Birch bark tar;Chewing pitch;;Purupihka;2;FALSE;22;12;6;;;;;KM 30665_2193;25,93457136;65,36063297
SA;972010043;Oulu;Kuuselankangas;KM;30665;2456;7252100;3450590;60;FALSE;FALSE;FALSE;FALSE;TRUE;FALSE;FALSE;FALSE;FALSE;FALSE;FALSE;Birch bark tar;Chewing pitch;;Purupihka;2;FALSE;;;;;;;;KM 30665_2456;25,93457136;65,36063297
SA;972010043;Oulu;Kuuselankangas;KM;30665;2457;7252100;3450590;60;FALSE;FALSE;FALSE;FALSE;TRUE;FALSE;FALSE;FALSE;FALSE;FALSE;FALSE;Birch bark tar;Chewing pitch;;Purupihka;2;FALSE;;;;;;;;KM 30665_2457;25,93457136;65,36063297
SA;972010043;Oulu;Kuuselankangas;KM;30665;2852;7252100;3450590;60;FALSE;FALSE;FALSE;FALSE;TRUE;FALSE;FALSE;FALSE;FALSE;FALSE;FALSE;Birch bark tar;Chewing pitch;;Purupihka;2;FALSE;23;11;9;;;;;KM 30665_2852;25,93457136;65,36063297
SA;972010043;Oulu;Kuuselankangas;KM;30665;2977;7252100;3450590;60;FALSE;FALSE;FALSE;FALSE;TRUE;FALSE;FALSE;FALSE;FALSE;FALSE;FALSE;Birch bark tar;Chewing pitch;;Purupihka;2;FALSE;22;12;6;;;;hampaanjälkiä, Oulun yliopistossa?;KM 30665_2977;25,93457136;65,36063297
SA;972010043;Oulu;Kuuselankangas;KM;30665;3426;7252100;3450590;60;FALSE;FALSE;FALSE;FALSE;TRUE;FALSE;FALSE;FALSE;FALSE;FALSE;FALSE;Birch bark tar;Chewing pitch;;Purupihka;2;FALSE;;;;;;;2 palaa, Oulun yliopistossa?;KM 30665_3426;25,93457136;65,36063297
SA;972010043;Oulu;Kuuselankangas;KM;30666;371;7252100;3450590;60;FALSE;FALSE;FALSE;FALSE;TRUE;FALSE;FALSE;FALSE;FALSE;FALSE;FALSE;Birch bark tar;Birch bark tar piece;;Koivutervaa;3;FALSE;;;;;;;2 kpl, Oulun yliopistossa?;KM 30666_371;25,93457136;65,36063297
SA;972010043;Oulu;Kuuselankangas;KM;30666;376;7252100;3450590;60;FALSE;FALSE;FALSE;FALSE;TRUE;FALSE;FALSE;FALSE;FALSE;FALSE;FALSE;Birch bark tar;Birch bark tar piece;;Koivutervaa;3;FALSE;;;;;;;;KM 30666_376;25,93457136;65,36063297
SA;972010043;Oulu;Kuuselankangas;KM;30666;637;7252100;3450590;60;FALSE;FALSE;FALSE;FALSE;TRUE;FALSE;FALSE;FALSE;FALSE;FALSE;FALSE;Birch bark tar;Chewing pitch;;Purupihka;1;FALSE;20;10;8;;;;;KM 30666_637;25,93457136;65,36063297
SA;972010043;Oulu;Kuuselankangas;KM;30666;804;7252100;3450590;60;FALSE;FALSE;FALSE;FALSE;TRUE;FALSE;FALSE;FALSE;FALSE;FALSE;FALSE;Birch bark tar;Chewing pitch;;Purupihka;1;FALSE;;;;;;;;KM 30666_804;25,93457136;65,36063297
SA;972010043;Oulu;Kuuselankangas;KM;30666;1613;7252100;3450590;60;FALSE;FALSE;FALSE;FALSE;TRUE;FALSE;FALSE;FALSE;FALSE;FALSE;FALSE;Birch bark tar;Chewing pitch;;Purupihka;1;FALSE;17;7;7;;;;;KM 30666_1613;25,93457136;65,36063297
SA;972010043;Oulu;Kuuselankangas;KM;30666;2529;7252100;3450590;60;FALSE;FALSE;FALSE;FALSE;TRUE;FALSE;FALSE;FALSE;FALSE;FALSE;FALSE;Birch bark tar;Chewing pitch;;Purupihka;2;FALSE;;;;;;;;KM 30666_2529;25,93457136;65,36063297
SA;972010043;Oulu;Kuuselankangas;KM;30666;2654;7252100;3450590;60;FALSE;FALSE;FALSE;FALSE;TRUE;FALSE;FALSE;FALSE;FALSE;FALSE;FALSE;Birch bark tar;Chewing pitch;;Purupihka;1;FALSE;21;10;4;;;;hampaanjälkiä, Oulun yliopistossa?;KM 30666_2654;25,93457136;65,36063297
SA;972010043;Oulu;Kuuselankangas;KM;30667;342;7252100;3450590;60;FALSE;FALSE;FALSE;FALSE;TRUE;FALSE;FALSE;FALSE;FALSE;FALSE;FALSE;Birch bark tar;Chewing pitch;;Purupihka;1;FALSE;19;20;17;;;;hampaanjälkiä, Oulun yliopistossa?;KM 30667_342;25,93457136;65,36063297
SA;831010006;Taipalsaari;Vaateranta;KM;30887;816;6780780;3559700;79;FALSE;FALSE;FALSE;FALSE;TRUE;FALSE;FALSE;FALSE;FALSE;FALSE;FALSE;Birch bark tar;Chewing pitch;;Purupihka;1;FALSE;;;;;;;AMS-ajoitettu (lisänäyte);KM 30887_816;28,10482092;61,13149316
SA;831010006;Taipalsaari;Vaateranta;KM;30887;1572;6780780;3559700;79;FALSE;FALSE;FALSE;FALSE;TRUE;FALSE;FALSE;FALSE;FALSE;FALSE;FALSE;Birch bark tar;Chewing pitch;;Purupihka;1;FALSE;;;;;;;AMS-ajoitettu;KM 30887_1572;28,10482092;61,13149316
SA;831010006;Taipalsaari;Vaateranta;KM;30887;1582;6780780;3559700;79;FALSE;FALSE;FALSE;FALSE;TRUE;FALSE;FALSE;FALSE;FALSE;FALSE;FALSE;Birch bark tar;Chewing pitch;;Purupihka;1;FALSE;;;;;;;folioon pakattu;KM 30887_1582;28,10482092;61,13149316
SA;831010006;Taipalsaari;Vaateranta;KM;30887;1583;6780780;3559700;79;FALSE;FALSE;FALSE;FALSE;TRUE;FALSE;FALSE;FALSE;FALSE;FALSE;FALSE;Birch bark tar;Chewing pitch;;Purupihka;2;FALSE;;;;;;;folioon pakattu;KM 30887_1583;28,10482092;61,13149316
SA;831010006;Taipalsaari;Vaateranta;KM;30887;1584;6780780;3559700;79;FALSE;FALSE;FALSE;FALSE;TRUE;FALSE;FALSE;FALSE;FALSE;FALSE;FALSE;Birch bark tar;Chewing pitch;;Purupihka;2;FALSE;;;;;;;folioon pakattu;KM 30887_1584;28,10482092;61,13149316
SA;831010006;Taipalsaari;Vaateranta;KM;30887;1585;6780780;3559700;79;FALSE;FALSE;FALSE;FALSE;TRUE;FALSE;FALSE;FALSE;FALSE;FALSE;FALSE;Birch bark tar;Chewing pitch;;Purupihka;2;FALSE;;;;;;;folioon pakattu;KM 30887_1585;28,10482092;61,13149316
SA;831010006;Taipalsaari;Vaateranta;KM;30887;1586;6780780;3559700;79;FALSE;FALSE;FALSE;FALSE;TRUE;FALSE;FALSE;FALSE;FALSE;FALSE;FALSE;Birch bark tar;Chewing pitch;;Purupihka;2;FALSE;;;;;;;folioon pakattu;KM 30887_1586;28,10482092;61,13149316
SA;831010006;Taipalsaari;Vaateranta;KM;30887;1587;6780780;3559700;79;FALSE;FALSE;FALSE;FALSE;TRUE;FALSE;FALSE;FALSE;FALSE;FALSE;FALSE;Birch bark tar;Chewing pitch;;Purupihka;2;FALSE;;;;;;;folioon pakattu;KM 30887_1587;28,10482092;61,13149316
SA;831010006;Taipalsaari;Vaateranta;KM;30887;1588;6780780;3559700;79;FALSE;FALSE;FALSE;FALSE;TRUE;FALSE;FALSE;FALSE;FALSE;FALSE;FALSE;Birch bark tar;Chewing pitch;;Purupihka;2;FALSE;;;;;;;folioon pakattu;KM 30887_1588;28,10482092;61,13149316
SA;831010006;Taipalsaari;Vaateranta;KM;30887;1589;6780780;3559700;79;FALSE;FALSE;FALSE;FALSE;TRUE;FALSE;FALSE;FALSE;FALSE;FALSE;FALSE;Birch bark tar;Chewing pitch;;Purupihka;2;FALSE;;;;;;;folioon pakattu;KM 30887_1589;28,10482092;61,13149316
SA;831010006;Taipalsaari;Vaateranta;KM;30887;1590;6780780;3559700;79;FALSE;FALSE;FALSE;FALSE;TRUE;FALSE;FALSE;FALSE;FALSE;FALSE;FALSE;Birch bark tar;Chewing pitch;;Purupihka;2;FALSE;;;;;;;folioon pakattu;KM 30887_1590;28,10482092;61,13149316
SA;831010006;Taipalsaari;Vaateranta;KM;30887;1591;6780780;3559700;79;FALSE;FALSE;FALSE;FALSE;TRUE;FALSE;FALSE;FALSE;FALSE;FALSE;FALSE;Birch bark tar;Chewing pitch;;Purupihka;2;FALSE;;;;;;;folioon pakattu;KM 30887_1591;28,10482092;61,13149316
SA;831010006;Taipalsaari;Vaateranta;KM;30887;1592;6780780;3559700;79;FALSE;FALSE;FALSE;FALSE;TRUE;FALSE;FALSE;FALSE;FALSE;FALSE;FALSE;Birch bark tar;Chewing pitch;;Purupihka;2;FALSE;;;;;;;folioon pakattu;KM 30887_1592;28,10482092;61,13149316
SA;831010006;Taipalsaari;Vaateranta;KM;30887;1593;6780780;3559700;79;FALSE;FALSE;FALSE;FALSE;TRUE;FALSE;FALSE;FALSE;FALSE;FALSE;FALSE;Birch bark tar;Chewing pitch;;Purupihka;2;FALSE;;;;;;;folioon pakattu;KM 30887_1593;28,10482092;61,13149316
SA;831010006;Taipalsaari;Vaateranta;KM;30887;1594;6780780;3559700;79;FALSE;FALSE;FALSE;FALSE;TRUE;FALSE;FALSE;FALSE;FALSE;FALSE;FALSE;Birch bark tar;Chewing pitch;;Purupihka;2;FALSE;;;;;;;folioon pakattu;KM 30887_1594;28,10482092;61,13149316
SA;831010006;Taipalsaari;Vaateranta;KM;30887;1595;6780780;3559700;79;FALSE;FALSE;FALSE;FALSE;TRUE;FALSE;FALSE;FALSE;FALSE;FALSE;FALSE;Birch bark tar;Chewing pitch;;Purupihka;2;FALSE;;;;;;;folioon pakattu;KM 30887_1595;28,10482092;61,13149316
SA;831010006;Taipalsaari;Vaateranta;KM;30887;1596;6780780;3559700;79;FALSE;FALSE;FALSE;FALSE;TRUE;FALSE;FALSE;FALSE;FALSE;FALSE;FALSE;Birch bark tar;Chewing pitch;;Purupihka;2;FALSE;;;;;;;folioon pakattu;KM 30887_1596;28,10482092;61,13149316
SA;831010006;Taipalsaari;Vaateranta;KM;30887;1599;6780780;3559700;79;FALSE;FALSE;FALSE;FALSE;TRUE;FALSE;FALSE;FALSE;FALSE;FALSE;FALSE;Birch bark tar;Chewing pitch;;Purupihka;2;FALSE;;;;;;;folioon pakattu;KM 30887_1599;28,10482092;61,13149316
SA;831010006;Taipalsaari;Vaateranta;KM;30887;1601;6780780;3559700;79;FALSE;FALSE;FALSE;FALSE;TRUE;FALSE;FALSE;FALSE;FALSE;FALSE;FALSE;Birch bark tar;Chewing pitch;;Purupihka;2;FALSE;;;;;;;folioon pakattu;KM 30887_1601;28,10482092;61,13149316
SA;831010006;Taipalsaari;Vaateranta;KM;30887;1605;6780780;3559700;79;FALSE;FALSE;FALSE;FALSE;TRUE;FALSE;FALSE;FALSE;FALSE;FALSE;FALSE;Birch bark tar;Chewing pitch;;Purupihka;2;FALSE;;;;;;;folioon pakattu;KM 30887_1605;28,10482092;61,13149316
SA;494010040;Muhos;Halosentörmä;KM;30888;35;7200150;3442850;32,5;FALSE;FALSE;FALSE;FALSE;FALSE;FALSE;FALSE;TRUE;FALSE;FALSE;FALSE;Birch bark tar;Chewing pitch;;Purupihka;2;FALSE;;;;;;;2 kpl, Oulun yliopistossa?;KM 30888_35;25,78968889;64,89353249
SA;309010002;Outokumpu;Sätös;KM;30892;87;6959520;3607260;86;FALSE;FALSE;FALSE;TRUE;TRUE;TRUE;FALSE;FALSE;FALSE;FALSE;FALSE;Birch bark tar;Chewing pitch;;Purupihka;1;FALSE;15;13;9;;;;pihkapallo;KM 30892_87;29,09388764;62,72424211
SA;309010002;Outokumpu;Sätös;KM;30892;3260;6959520;3607260;86;FALSE;FALSE;FALSE;TRUE;TRUE;TRUE;FALSE;FALSE;FALSE;FALSE;FALSE;Birch bark tar;Chewing pitch;;Purupihka;2;FALSE;18;15;14;;;;;KM 30892_3260;29,09388764;62,72424211
SA;601010012;Pihtipudas;Madeneva;KM;30978;220;7031680;3427980;115;FALSE;FALSE;FALSE;FALSE;TRUE;TRUE;FALSE;TRUE;TRUE;TRUE;FALSE;Birch bark tar;Chewing pitch;;Purupihka;1;FALSE;;;;;;;pallo;KM 30978_220;25,55646993;63,37993891
SA;972010038;Oulu;Purkajasuo, Korvala;KM;31020;411;7252860;3448740;52;FALSE;FALSE;FALSE;FALSE;TRUE;TRUE;FALSE;FALSE;FALSE;FALSE;FALSE;Birch bark tar;Chewing pitch;;Purupihka;1;FALSE;;;;;;;pallo;KM 31020_411;25,89454039;65,36716224
SA;972010038;Oulu;Purkajasuo, Korvala;KM;31020;1090;7252860;3448740;52;FALSE;FALSE;FALSE;FALSE;TRUE;TRUE;FALSE;FALSE;FALSE;FALSE;FALSE;Birch bark tar;Chewing pitch;;Purupihka;1;FALSE;25;10;9;;;;hampaanjälkiä;KM 31020_1090;25,89454039;65,36716224
SA;973010046;Oulu;Vepsänkangas;KM;31036;128;7210650;3463460;79;FALSE;FALSE;FALSE;TRUE;FALSE;FALSE;FALSE;FALSE;FALSE;FALSE;FALSE;Birch bark tar;Chewing pitch;;Purupihka;1;FALSE;27;15;7;;;;hampaanjälkiä;KM 31036_128;26,22206703;64,99060188
SA;973010046;Oulu;Vepsänkangas;KM;31036;868;7210650;3463460;79;FALSE;FALSE;FALSE;TRUE;FALSE;FALSE;FALSE;FALSE;FALSE;FALSE;FALSE;Birch bark tar;Chewing pitch;;Purupihka;1;FALSE;;;;;;;AMS-ajoitettu, Hela-312, 5990 +/- 60;KM 31036_868;26,22206703;64,99060188
SA;972010028;Oulu;Kierikinkangas;KM;31072;450;7252080;3451210;60;FALSE;FALSE;FALSE;FALSE;TRUE;FALSE;FALSE;FALSE;FALSE;FALSE;FALSE;Birch bark tar;Birch bark tar piece;;Koivutervaa;1;FALSE;;;;;;;;KM 31072_450;25,94789854;65,36054703
SA;972010043;Oulu;Kuuselankangas;KM;31143;13;7252100;3450590;60;FALSE;FALSE;FALSE;FALSE;TRUE;FALSE;FALSE;FALSE;FALSE;FALSE;FALSE;Birch bark tar;Birch bark tar piece;;Koivutervaa;2;FALSE;18;15;3;;;;;KM 31143_13;25,93457136;65,36063297
SA;623010013;Puumala;Kärmelahti;KM;31376;2170;6820640;3557460;81;FALSE;FALSE;FALSE;FALSE;TRUE;FALSE;FALSE;FALSE;FALSE;FALSE;FALSE;Birch bark tar;Chewing pitch;;Purupihka;1;FALSE;;;;;;;;KM 31376_2170;28,07543358;61,4894626
SA;623010013;Puumala;Kärmelahti;KM;31376;2172;6820640;3557460;81;FALSE;FALSE;FALSE;FALSE;TRUE;FALSE;FALSE;FALSE;FALSE;FALSE;FALSE;Birch bark tar;Chewing pitch;;Purupihka;1;FALSE;;;;;;;hampaanjälkiä, AMS-ajoitettu;KM 31376_2172;28,07543358;61,4894626
SA;623010013;Puumala;Kärmelahti;KM;31376;2174;6820640;3557460;81;FALSE;FALSE;FALSE;FALSE;TRUE;FALSE;FALSE;FALSE;FALSE;FALSE;FALSE;Birch bark tar;Chewing pitch;;Purupihka;1;FALSE;;;;;;;;KM 31376_2174;28,07543358;61,4894626
SA;623010013;Puumala;Kärmelahti;KM;31376;2175;6820640;3557460;81;FALSE;FALSE;FALSE;FALSE;TRUE;FALSE;FALSE;FALSE;FALSE;FALSE;FALSE;Birch bark tar;Chewing pitch;;Purupihka;1;FALSE;;;;;;;;KM 31376_2175;28,07543358;61,4894626
SA;623010013;Puumala;Kärmelahti;KM;31376;2176;6820640;3557460;81;FALSE;FALSE;FALSE;FALSE;TRUE;FALSE;FALSE;FALSE;FALSE;FALSE;FALSE;Birch bark tar;Chewing pitch;;Purupihka;1;FALSE;;;;;;;hampaanjälkiä;KM 31376_2176;28,07543358;61,4894626
SA;623010013;Puumala;Kärmelahti;KM;31376;2180;6820640;3557460;81;FALSE;FALSE;FALSE;FALSE;TRUE;FALSE;FALSE;FALSE;FALSE;FALSE;FALSE;Birch bark tar;Chewing pitch;;Purupihka;1;FALSE;;;;;;;hampaanjälkiä;KM 31376_2180;28,07543358;61,4894626
SA;623010013;Puumala;Kärmelahti;KM;31376;2186;6820640;3557460;81;FALSE;FALSE;FALSE;FALSE;TRUE;FALSE;FALSE;FALSE;FALSE;FALSE;FALSE;Birch bark tar;Chewing pitch;;Purupihka;1;FALSE;;;;;;;AMS-ajoitettu;KM 31376_2186;28,07543358;61,4894626
SA;831010006;Taipalsaari;Vaateranta;KM;31494;2378;6780780;3559700;79;FALSE;FALSE;FALSE;FALSE;TRUE;FALSE;FALSE;FALSE;FALSE;FALSE;FALSE;Birch bark tar;Chewing pitch;;Purupihka;2;FALSE;;;;;;;;KM 31494_2378;28,10482092;61,13149316
SA;831010006;Taipalsaari;Vaateranta;KM;31494;2379;6780780;3559700;79;FALSE;FALSE;FALSE;FALSE;TRUE;FALSE;FALSE;FALSE;FALSE;FALSE;FALSE;Birch bark tar;Chewing pitch;;Purupihka;2;FALSE;;;;;;;;KM 31494_2379;28,10482092;61,13149316
SA;831010006;Taipalsaari;Vaateranta;KM;31494;2380;6780780;3559700;79;FALSE;FALSE;FALSE;FALSE;TRUE;FALSE;FALSE;FALSE;FALSE;FALSE;FALSE;Birch bark tar;Chewing pitch;;Purupihka;2;FALSE;;;;;;;;KM 31494_2380;28,10482092;61,13149316
SA;831010006;Taipalsaari;Vaateranta;KM;31494;2381;6780780;3559700;79;FALSE;FALSE;FALSE;FALSE;TRUE;FALSE;FALSE;FALSE;FALSE;FALSE;FALSE;Birch bark tar;Chewing pitch;;Purupihka;2;FALSE;;;;;;;;KM 31494_2381;28,10482092;61,13149316
SA;831010006;Taipalsaari;Vaateranta;KM;31494;2382;6780780;3559700;79;FALSE;FALSE;FALSE;FALSE;TRUE;FALSE;FALSE;FALSE;FALSE;FALSE;FALSE;Birch bark tar;Chewing pitch;;Purupihka;2;FALSE;;;;;;;;KM 31494_2382;28,10482092;61,13149316
SA;831010006;Taipalsaari;Vaateranta;KM;31494;2388;6780780;3559700;79;FALSE;FALSE;FALSE;FALSE;TRUE;FALSE;FALSE;FALSE;FALSE;FALSE;FALSE;Birch bark tar;Chewing pitch;;Purupihka;1;FALSE;;;;;;;hampaanjälkiä;KM 31494_2388;28,10482092;61,13149316
SA;831010006;Taipalsaari;Vaateranta;KM;31494;2394;6780780;3559700;79;FALSE;FALSE;FALSE;FALSE;TRUE;FALSE;FALSE;FALSE;FALSE;FALSE;FALSE;Birch bark tar;Chewing pitch;;Purupihka;2;FALSE;;;;;;;;KM 31494_2394;28,10482092;61,13149316
SA;831010006;Taipalsaari;Vaateranta;KM;31494;2395;6780780;3559700;79;FALSE;FALSE;FALSE;FALSE;TRUE;FALSE;FALSE;FALSE;FALSE;FALSE;FALSE;Birch bark tar;Chewing pitch;;Purupihka;2;FALSE;;;;;;;;KM 31494_2395;28,10482092;61,13149316
SA;777010114;Suomussalmi;Kukkosaari;KM;31530;4;7201478;3592642;199;FALSE;FALSE;TRUE;TRUE;TRUE;TRUE;TRUE;TRUE;TRUE;TRUE;FALSE;Birch bark tar;Chewing pitch;;Purupihka;1;FALSE;19;9;9;;;;hampaanjälkiä;KM 31530_4;28,95289744;64,89756391
SA;246010105;Savonlinna;Martinniemi 1-5;KM;31691;1961;6884123;3629707;79;FALSE;FALSE;FALSE;FALSE;TRUE;TRUE;FALSE;FALSE;FALSE;FALSE;FALSE;Birch bark tar;Chewing pitch;;Purupihka;2;FALSE;;;;;;;;KM 31691_1961;29,47592036;62,04116706
SA;246010105;Savonlinna;Martinniemi 1-5;KM;31691;2200;6884123;3629707;79;FALSE;FALSE;FALSE;FALSE;TRUE;TRUE;FALSE;FALSE;FALSE;FALSE;FALSE;Birch bark tar;Chewing pitch;;Purupihka;3;FALSE;;;;;;;;KM 31691_2200;29,47592036;62,04116706
SA;972010028;Oulu;Kierikinkangas;KM;31829;3113;7252080;3451210;60;FALSE;FALSE;FALSE;FALSE;TRUE;FALSE;FALSE;FALSE;FALSE;FALSE;FALSE;Birch bark tar;Birch bark tar piece;;Koivutervaa;1;FALSE;;;;;;;;KM 31829_3113;25,94789854;65,36054703
SA;972010038;Oulu;Purkajasuo, Korvala;KM;31835;300;7252860;3448740;52;FALSE;FALSE;FALSE;FALSE;TRUE;TRUE;FALSE;FALSE;FALSE;FALSE;FALSE;Birch bark tar;Chewing pitch;;Purupihka;1;FALSE;;;;;;;hampaanjälkiä;KM 31835_300;25,89454039;65,36716224
SA;494010040;Muhos;Halosentörmä;KM;32048;1;7200150;3442850;32,5;FALSE;FALSE;FALSE;FALSE;FALSE;FALSE;FALSE;TRUE;FALSE;FALSE;FALSE;Birch bark tar;Chewing pitch;;Purupihka;1;FALSE;18;15;10;;;;;KM 32048_1;25,78968889;64,89353249
SA;972010038;Oulu;Purkajasuo, Korvala;KM;32134;1184;7252860;3448740;52;FALSE;FALSE;FALSE;FALSE;TRUE;TRUE;FALSE;FALSE;FALSE;FALSE;FALSE;Birch bark tar;Chewing pitch;;Purupihka;3;FALSE;;;;;;;;KM 32134_1184;25,89454039;65,36716224
SA;494010073;Muhos;Pyhäkoski 1;KM;32170;2;7195350;3455460;67,5;FALSE;FALSE;FALSE;FALSE;TRUE;FALSE;FALSE;FALSE;FALSE;FALSE;FALSE;Birch bark tar;Chewing pitch;;Purupihka;2;FALSE;11;18;4;;;;;KM 32170_2;26,05740121;64,85241129
SA;494010073;Muhos;Pyhäkoski 1;KM;32170;3;7195350;3455460;67,5;FALSE;FALSE;FALSE;FALSE;TRUE;FALSE;FALSE;FALSE;FALSE;FALSE;FALSE;Birch bark tar;Chewing pitch;;Purupihka;2;FALSE;12;18;6;;;;;KM 32170_3;26,05740121;64,85241129
SA;494010073;Muhos;Pyhäkoski 1;KM;32170;4;7195350;3455460;67,5;FALSE;FALSE;FALSE;FALSE;TRUE;FALSE;FALSE;FALSE;FALSE;FALSE;FALSE;Birch bark tar;Chewing pitch;;Purupihka;2;FALSE;11;13;5;;;;;KM 32170_4;26,05740121;64,85241129
SA;494010040;Muhos;Halosentörmä;KM;32171;38;7200150;3442850;32,5;FALSE;FALSE;FALSE;FALSE;FALSE;FALSE;FALSE;TRUE;FALSE;FALSE;FALSE;Birch bark tar;Birch bark tar piece;;Koivutervaa;2;FALSE;;;;;;;;KM 32171_38;25,78968889;64,89353249
SA;494010040;Muhos;Halosentörmä;KM;32171;50;7200150;3442850;32,5;FALSE;FALSE;FALSE;FALSE;FALSE;FALSE;FALSE;TRUE;FALSE;FALSE;FALSE;Birch bark tar;Chewing pitch;;Purupihka;2;FALSE;23;10;5;;;;;KM 32171_50;25,78968889;64,89353249
SA;494010040;Muhos;Halosentörmä;KM;32171;50;7200150;3442850;32,5;FALSE;FALSE;FALSE;FALSE;FALSE;FALSE;FALSE;TRUE;FALSE;FALSE;FALSE;Birch bark tar;Chewing pitch;;Purupihka;2;FALSE;19;8;5;;;;;KM 32171_50;25,78968889;64,89353249
SA;305010201;Kuusamo;Kotaniemi E;KM;32178;24;7330826;3593704;263;FALSE;FALSE;FALSE;FALSE;TRUE;FALSE;FALSE;TRUE;FALSE;FALSE;FALSE;Birch bark tar;Chewing pitch;;Purupihka;1;FALSE;;;;;;;hampaanjälkiä;KM 32178_24;29,0648351;66,05661959
SA;601010010;Pihtipudas;Majakaarre 1/Kumpulainen;KM;32189;50;7031005;3426500;115;FALSE;FALSE;FALSE;FALSE;TRUE;TRUE;FALSE;FALSE;FALSE;FALSE;FALSE;Birch bark tar;Chewing pitch;;Purupihka;2;FALSE;;;;;;;yksi paloista on purupihkaa, muut jotain muuta;KM 32189_50;25,52719766;63,37358322
SA;754010011;Kouvola;Ankkapurha;KM;32191;1106;6732180;3490180;30;FALSE;FALSE;FALSE;TRUE;FALSE;FALSE;FALSE;FALSE;TRUE;FALSE;FALSE;Birch bark tar;Chewing pitch;;Purupihka;2;FALSE;;;;;;;3 kpl, hampaanjälkiä, deponoitu jonnekin;KM 32191_1106;26,81709562;60,6997203
SA;972010043;Oulu;Kuuselankangas;KM;32220;37;7252100;3450590;60;FALSE;FALSE;FALSE;FALSE;TRUE;FALSE;FALSE;FALSE;FALSE;FALSE;FALSE;Birch bark tar;Chewing pitch;;Purupihka;1;FALSE;19;9;6;;;;pureskeltu möykky;KM 32220_37;25,93457136;65,36063297
SA;972010043;Oulu;Kuuselankangas;KM;32220;38;7252100;3450590;60;FALSE;FALSE;FALSE;FALSE;TRUE;FALSE;FALSE;FALSE;FALSE;FALSE;FALSE;Birch bark tar;Chewing pitch;;Purupihka;1;FALSE;22;15;7;;;;hampaanjälkiä;KM 32220_38;25,93457136;65,36063297
SA;972010043;Oulu;Kuuselankangas;KM;32220;39;7252100;3450590;60;FALSE;FALSE;FALSE;FALSE;TRUE;FALSE;FALSE;FALSE;FALSE;FALSE;FALSE;Birch bark tar;Chewing pitch;;Purupihka;1;FALSE;32;16;9;;;;hampaanjälkiä;KM 32220_39;25,93457136;65,36063297
SA;972010043;Oulu;Kuuselankangas;KM;32220;40;7252100;3450590;60;FALSE;FALSE;FALSE;FALSE;TRUE;FALSE;FALSE;FALSE;FALSE;FALSE;FALSE;Birch bark tar;Chewing pitch;;Purupihka;1;FALSE;14;11;6;;;;pureskeltu möykky;KM 32220_40;25,93457136;65,36063297
SA;972010043;Oulu;Kuuselankangas;KM;32220;41;7252100;3450590;60;FALSE;FALSE;FALSE;FALSE;TRUE;FALSE;FALSE;FALSE;FALSE;FALSE;FALSE;Birch bark tar;Chewing pitch;;Purupihka;1;FALSE;;;;;;;;KM 32220_41;25,93457136;65,36063297
SA;972010043;Oulu;Kuuselankangas;KM;32220;42;7252100;3450590;60;FALSE;FALSE;FALSE;FALSE;TRUE;FALSE;FALSE;FALSE;FALSE;FALSE;FALSE;Birch bark tar;Chewing pitch;;Purupihka;1;FALSE;17;15;14;;;;pyöreä pallo;KM 32220_42;25,93457136;65,36063297
SA;972010043;Oulu;Kuuselankangas;KM;32220;43;7252100;3450590;60;FALSE;FALSE;FALSE;FALSE;TRUE;FALSE;FALSE;FALSE;FALSE;FALSE;FALSE;Birch bark tar;Chewing pitch;;Purupihka;1;FALSE;13;9;3;;;;;KM 32220_43;25,93457136;65,36063297
SA;972010043;Oulu;Kuuselankangas;KM;32220;44;7252100;3450590;60;FALSE;FALSE;FALSE;FALSE;TRUE;FALSE;FALSE;FALSE;FALSE;FALSE;FALSE;Birch bark tar;Chewing pitch;;Purupihka;1;FALSE;19;13;11;;;;;KM 32220_44;25,93457136;65,36063297
SA;972010043;Oulu;Kuuselankangas;KM;32220;45;7252100;3450590;60;FALSE;FALSE;FALSE;FALSE;TRUE;FALSE;FALSE;FALSE;FALSE;FALSE;FALSE;Birch bark tar;Chewing pitch;;Purupihka;1;FALSE;11;6;3;;;;;KM 32220_45;25,93457136;65,36063297
SA;972010043;Oulu;Kuuselankangas;KM;32220;6798;7252100;3450590;60;FALSE;FALSE;FALSE;FALSE;TRUE;FALSE;FALSE;FALSE;FALSE;FALSE;FALSE;Birch bark tar;Chewing pitch;;Purupihka;1;FALSE;22;9;7;;;;hampaanjälkiä;KM 32220_6798;25,93457136;65,36063297
SA;972010043;Oulu;Kuuselankangas;KM;32220;6799;7252100;3450590;60;FALSE;FALSE;FALSE;FALSE;TRUE;FALSE;FALSE;FALSE;FALSE;FALSE;FALSE;Birch bark tar;Chewing pitch;;Purupihka;1;FALSE;17;16;11;;;;hampaanjälkiä;KM 32220_6799;25,93457136;65,36063297
SA;441010019;Luumäki;Niitniemi;KM;32450;182;6755140;3541700;58;FALSE;FALSE;FALSE;TRUE;TRUE;FALSE;FALSE;FALSE;FALSE;FALSE;FALSE;Birch bark tar;Chewing pitch;;Purupihka;1;FALSE;;;;;;;hampaanjälkiä;KM 32450_182;27,7652435;60,90372821
SA;681010027;Rantasalmi;Rantakartano;KM;32469;98;6883980;3569980;88;FALSE;FALSE;FALSE;FALSE;TRUE;FALSE;FALSE;FALSE;FALSE;FALSE;FALSE;Birch bark tar;Chewing pitch;;Purupihka;1;FALSE;;;;;;;hampaanjälkiä, 2 kpl;KM 32469_98;28,33478607;62,05562313
SA;700010030;Ruokolahti;Karoniemi;KM;32470;1082;6804443;3580942;80;FALSE;FALSE;FALSE;FALSE;TRUE;FALSE;FALSE;FALSE;FALSE;FALSE;FALSE;Birch bark tar;Chewing pitch;;Purupihka;1;FALSE;;;;;;;hampaanjälkiä;KM 32470_1082;28,50904909;61,33997934
SA;700010030;Ruokolahti;Karoniemi;KM;32470;1109;6804443;3580942;80;FALSE;FALSE;FALSE;FALSE;TRUE;FALSE;FALSE;FALSE;FALSE;FALSE;FALSE;Birch bark tar;Chewing pitch;;Purupihka;1;FALSE;;;;;;;hampaanjälkiä;KM 32470_1109;28,50904909;61,33997934
SA;433010032;Loppi;Teväntö;KM;32623;29;6727553;3350277;107;FALSE;FALSE;TRUE;FALSE;FALSE;FALSE;FALSE;FALSE;FALSE;FALSE;FALSE;Birch bark tar;Chewing pitch;;Purupihka;3;FALSE;;;;;;;;KM 32623_29;24,26095719;60,63028277
SA;972010089;Oulu;Saarikoski;KM;32707;88;7259200;3448890;55;FALSE;FALSE;FALSE;FALSE;TRUE;FALSE;FALSE;FALSE;FALSE;FALSE;FALSE;Birch bark tar;Chewing pitch;;Purupihka;1;FALSE;15;8;6;;;;;KM 32707_88;25,89537491;65,42403688
SA;681010027;Rantasalmi;Rantakartano;KM;32718;599;6883980;3569980;88;FALSE;FALSE;FALSE;FALSE;TRUE;FALSE;FALSE;FALSE;FALSE;FALSE;FALSE;Birch bark tar;Chewing pitch;;Purupihka;1;FALSE;;;;;;;isommassa palassa hampaanjäljet;KM 32718_599;28,33478607;62,05562313
SA;594010011;Pieksämäki;Marketanhiekka;KM;32719;43;6899800;3507980;112;FALSE;FALSE;FALSE;TRUE;TRUE;FALSE;FALSE;FALSE;FALSE;FALSE;FALSE;Birch bark tar;Chewing pitch;;Purupihka;3;FALSE;;;;;;;2 kpl;KM 32719_43;27,15004428;62,20393531
SA;729010062;Saarijärvi;Summassaari Uimaranta;KM;32862;3809;6952633;3415043;110;FALSE;FALSE;TRUE;TRUE;TRUE;TRUE;FALSE;FALSE;FALSE;TRUE;FALSE;Birch bark tar;Chewing pitch;;Purupihka;1;FALSE;;;;;;;hampaanjälkiä;KM 32862_3809;25,33874433;62,66821424
SA;729010062;Saarijärvi;Summassaari Uimaranta;KM;32862;3813;6952633;3415043;110;FALSE;FALSE;TRUE;TRUE;TRUE;TRUE;FALSE;FALSE;FALSE;TRUE;FALSE;Birch bark tar;Chewing pitch;;Purupihka;1;FALSE;;;;;;;hampaanjälkiä;KM 32862_3813;25,33874433;62,66821424
SA;729010062;Saarijärvi;Summassaari Uimaranta;KM;33321;2306;6952633;3415043;110;FALSE;FALSE;TRUE;TRUE;TRUE;TRUE;FALSE;FALSE;FALSE;TRUE;FALSE;Birch bark tar;Chewing pitch;;Purupihka;1;FALSE;;;;;;;;KM 33321_2306;25,33874433;62,66821424
SA;729010062;Saarijärvi;Summassaari Uimaranta;KM;33321;2307;6952633;3415043;110;FALSE;FALSE;TRUE;TRUE;TRUE;TRUE;FALSE;FALSE;FALSE;TRUE;FALSE;Birch bark tar;Chewing pitch;;Purupihka;1;FALSE;;;;;;;;KM 33321_2307;25,33874433;62,66821424
SA;729010062;Saarijärvi;Summassaari Uimaranta;KM;33321;4263;6952633;3415043;110;FALSE;FALSE;TRUE;TRUE;TRUE;TRUE;FALSE;FALSE;FALSE;TRUE;FALSE;Birch bark tar;Chewing pitch;;Purupihka;1;FALSE;;;;;;;Hela-643, 1695+/-50 BP;KM 33321_4263;25,33874433;62,66821424
SA;305010235;Kuusamo;Tatanginjoki W;KM;33630;10;7324965;3599690;260;FALSE;FALSE;FALSE;FALSE;TRUE;TRUE;FALSE;FALSE;FALSE;FALSE;FALSE;Birch bark tar;Chewing pitch;;Purupihka;1;FALSE;14;10;5;;;;;KM 33630_10;29,19234674;66,00227288
SA;171010004;Joroinen;Kanava;KM;33923;601;6898719;3544656;87;FALSE;FALSE;FALSE;FALSE;TRUE;FALSE;FALSE;FALSE;FALSE;FALSE;FALSE;Birch bark tar;Chewing pitch;;Purupihka;1;FALSE;;;;;;;hampaanjälkiä;KM 33923_601;27,85437624;62,19168591
SA;171010004;Joroinen;Kanava;KM;33923;889;6898719;3544656;87;FALSE;FALSE;FALSE;FALSE;TRUE;FALSE;FALSE;FALSE;FALSE;FALSE;FALSE;Birch bark tar;Chewing pitch;;Purupihka;1;FALSE;;;;;;;3 kpl, hampaanjälkiä;KM 33923_889;27,85437624;62,19168591
SA;171010004;Joroinen;Kanava;KM;33923;2096;6898719;3544656;87;FALSE;FALSE;FALSE;FALSE;TRUE;FALSE;FALSE;FALSE;FALSE;FALSE;FALSE;Birch bark tar;Chewing pitch;;Purupihka;1;FALSE;;;;;;;hampaanjälkiä;KM 33923_2096;27,85437624;62,19168591
SA;171010004;Joroinen;Kanava;KM;33923;2242;6898719;3544656;87;FALSE;FALSE;FALSE;FALSE;TRUE;FALSE;FALSE;FALSE;FALSE;FALSE;FALSE;Birch bark tar;Chewing pitch;;Purupihka;1;FALSE;29;10;7;;;;hampaanjälkiä, C14-ajoitettavana;KM 33923_2242;27,85437624;62,19168591
SA;171010004;Joroinen;Kanava;KM;33923;3114;6898719;3544656;87;FALSE;FALSE;FALSE;FALSE;TRUE;FALSE;FALSE;FALSE;FALSE;FALSE;FALSE;Birch bark tar;Chewing pitch;;Purupihka;1;FALSE;;;;;;;4 kpl;KM 33923_3114;27,85437624;62,19168591
SA;171010004;Joroinen;Kanava;KM;33923;3658;6898719;3544656;87;FALSE;FALSE;FALSE;FALSE;TRUE;FALSE;FALSE;FALSE;FALSE;FALSE;FALSE;Birch bark tar;Chewing pitch;;Purupihka;1;FALSE;;;;;;;hampaanjälkiä;KM 33923_3658;27,85437624;62,19168591
SA;171010004;Joroinen;Kanava;KM;33923;3866;6898719;3544656;87;FALSE;FALSE;FALSE;FALSE;TRUE;FALSE;FALSE;FALSE;FALSE;FALSE;FALSE;Birch bark tar;Birch bark tar piece;;Koivutervaa;1;FALSE;;;;;;;2  kpl;KM 33923_3866;27,85437624;62,19168591
SA;171010004;Joroinen;Kanava;KM;33923;3913;6898719;3544656;87;FALSE;FALSE;FALSE;FALSE;TRUE;FALSE;FALSE;FALSE;FALSE;FALSE;FALSE;Birch bark tar;Chewing pitch;;Purupihka;1;FALSE;;;;;;;3 kpl, C14-ajoitus;KM 33923_3913;27,85437624;62,19168591
SA;171010004;Joroinen;Kanava;KM;33923;3982;6898719;3544656;87;FALSE;FALSE;FALSE;FALSE;TRUE;FALSE;FALSE;FALSE;FALSE;FALSE;FALSE;Birch bark tar;Chewing pitch;;Purupihka;1;FALSE;;;;;;;;KM 33923_3982;27,85437624;62,19168591
SA;171010004;Joroinen;Kanava;KM;33923;4456;6898719;3544656;87;FALSE;FALSE;FALSE;FALSE;TRUE;FALSE;FALSE;FALSE;FALSE;FALSE;FALSE;Birch bark tar;Chewing pitch;;Purupihka;1;FALSE;;;;;;;;KM 33923_4456;27,85437624;62,19168591
SA;171010004;Joroinen;Kanava;KM;33923;4903;6898719;3544656;87;FALSE;FALSE;FALSE;FALSE;TRUE;FALSE;FALSE;FALSE;FALSE;FALSE;FALSE;Birch bark tar;Chewing pitch;;Purupihka;1;FALSE;;;;;;;;KM 33923_4903;27,85437624;62,19168591
SA;171010004;Joroinen;Kanava;KM;33923;5267;6898719;3544656;87;FALSE;FALSE;FALSE;FALSE;TRUE;FALSE;FALSE;FALSE;FALSE;FALSE;FALSE;Birch bark tar;Chewing pitch;;Purupihka;1;FALSE;;;;;;;hampaanjälkiä?;KM 33923_5267;27,85437624;62,19168591
SA;171010004;Joroinen;Kanava;KM;33923;6502;6898719;3544656;87;FALSE;FALSE;FALSE;FALSE;TRUE;FALSE;FALSE;FALSE;FALSE;FALSE;FALSE;Birch bark tar;Birch bark tar piece;;Koivutervaa;1;FALSE;;;;;;;4 kpl;KM 33923_6502;27,85437624;62,19168591
SA;171010004;Joroinen;Kanava;KM;33923;6606;6898719;3544656;87;FALSE;FALSE;FALSE;FALSE;TRUE;FALSE;FALSE;FALSE;FALSE;FALSE;FALSE;Birch bark tar;Chewing pitch;;Purupihka;1;FALSE;20;16;7;;;;;KM 33923_6606;27,85437624;62,19168591
SA;171010004;Joroinen;Kanava;KM;33923;6657;6898719;3544656;87;FALSE;FALSE;FALSE;FALSE;TRUE;FALSE;FALSE;FALSE;FALSE;FALSE;FALSE;Birch bark tar;Birch bark tar piece;;Koivutervaa;1;FALSE;;;;;;;;KM 33923_6657;27,85437624;62,19168591
SA;171010004;Joroinen;Kanava;KM;33923;6727;6898719;3544656;87;FALSE;FALSE;FALSE;FALSE;TRUE;FALSE;FALSE;FALSE;FALSE;FALSE;FALSE;Birch bark tar;Chewing pitch;;Purupihka;1;FALSE;;;;;;;;KM 33923_6727;27,85437624;62,19168591
SA;171010004;Joroinen;Kanava;KM;33923;6775;6898719;3544656;87;FALSE;FALSE;FALSE;FALSE;TRUE;FALSE;FALSE;FALSE;FALSE;FALSE;FALSE;Birch bark tar;Chewing pitch;;Purupihka;1;FALSE;12;8;5;;;;hampaanjälkiä;KM 33923_6775;27,85437624;62,19168591
SA;171010004;Joroinen;Kanava;KM;33923;6929;6898719;3544656;87;FALSE;FALSE;FALSE;FALSE;TRUE;FALSE;FALSE;FALSE;FALSE;FALSE;FALSE;Birch bark tar;Chewing pitch;;Purupihka;1;FALSE;;;;;;;;KM 33923_6929;27,85437624;62,19168591
SA;171010004;Joroinen;Kanava;KM;33923;7011;6898719;3544656;87;FALSE;FALSE;FALSE;FALSE;TRUE;FALSE;FALSE;FALSE;FALSE;FALSE;FALSE;Birch bark tar;Chewing pitch;;Purupihka;1;FALSE;;;;;;;hampaanjälkiä;KM 33923_7011;27,85437624;62,19168591
SA;171010004;Joroinen;Kanava;KM;33923;7115;6898719;3544656;87;FALSE;FALSE;FALSE;FALSE;TRUE;FALSE;FALSE;FALSE;FALSE;FALSE;FALSE;Birch bark tar;Chewing pitch;;Purupihka;1;FALSE;;;;;;;hampaanjälkiä;KM 33923_7115;27,85437624;62,19168591
SA;171010004;Joroinen;Kanava;KM;33923;7214;6898719;3544656;87;FALSE;FALSE;FALSE;FALSE;TRUE;FALSE;FALSE;FALSE;FALSE;FALSE;FALSE;Birch bark tar;Chewing pitch;;Purupihka;1;FALSE;;;;;;;hampaanjälkiä;KM 33923_7214;27,85437624;62,19168591
SA;171010004;Joroinen;Kanava;KM;33923;7562;6898719;3544656;87;FALSE;FALSE;FALSE;FALSE;TRUE;FALSE;FALSE;FALSE;FALSE;FALSE;FALSE;Birch bark tar;Chewing pitch;;Purupihka;1;FALSE;;;;;;;;KM 33923_7562;27,85437624;62,19168591
SA;601010003;Pihtipudas;Saparoniemi pohjoinen;KM;35090;15;7026550;3431880;115;FALSE;FALSE;FALSE;FALSE;TRUE;TRUE;FALSE;FALSE;FALSE;FALSE;FALSE;Birch bark tar;Chewing pitch;;Purupihka;1;FALSE;;;;;;;;KM 35090_15;25,63660876;63,33469643
SA;1000002233;Luumäki;Reijonkangas;KM;35797;245;6753480;3541830;57,4;FALSE;FALSE;FALSE;TRUE;TRUE;TRUE;FALSE;TRUE;FALSE;FALSE;FALSE;Birch bark tar;Chewing pitch;;Purupihka;2;FALSE;;;;17;7;7;;KM 35797_245;27,76728092;60,88881835
SA;972010028;Oulu;Kierikinkangas;KM;36006;20;7252080;3451210;60;FALSE;FALSE;FALSE;FALSE;TRUE;FALSE;FALSE;FALSE;FALSE;FALSE;FALSE;Birch bark tar;Chewing pitch;;Purupihka;1;FALSE;22;15;3;;;;;KM 36006_20;25,94789854;65,36054703
SA;1000006640;Mikkeli;Pyttylahti;KM;36362;2;6884990;3504160;107;FALSE;FALSE;FALSE;FALSE;TRUE;TRUE;FALSE;FALSE;FALSE;FALSE;FALSE;Birch bark tar;Chewing pitch;;Purupihka;1;FALSE;;;;;;;hampaanjälkiä;KM 36362_2;27,07631637;62,07110826
SA;285010017;Kotka;Niskasuo;KM;36460;9604;6719600;3489100;20;FALSE;FALSE;FALSE;FALSE;TRUE;FALSE;FALSE;FALSE;FALSE;FALSE;FALSE;Birch bark tar;Chewing pitch;;Purupihka;1;FALSE;;;;;;;hampaanjälkiä;KM 36460_9604;26,79803065;60,58678986
SA;972010028;Oulu;Kierikinkangas;KM;36666;618;7252080;3451210;60;FALSE;FALSE;FALSE;FALSE;TRUE;FALSE;FALSE;FALSE;FALSE;FALSE;FALSE;Birch bark tar;Chewing pitch;;Purupihka;2;FALSE;10;6;6;;;;;KM 36666_618;25,94789854;65,36054703
SA;164010018;Kurikka;Männikkö 2;KM;36806;2;6926234;3284610;117;FALSE;FALSE;FALSE;FALSE;TRUE;FALSE;FALSE;FALSE;FALSE;FALSE;FALSE;Birch bark tar;Birch bark tar piece;;Koivutervaa;1;FALSE;;;;;;;luultavasti keramiikan pinanasta irronnut pala;KM 36806_2;22,83220629;62,37882125
SA;1000007636;Raahe;Kauniinmetsänniitty 1;KM;36937;2864;7162170;3384570;62;FALSE;FALSE;FALSE;FALSE;TRUE;FALSE;FALSE;FALSE;FALSE;FALSE;FALSE;Birch bark tar;Chewing pitch;;Purupihka;1;FALSE;16;15;13;;;;hampaanjälkiä;KM 36937_2864;24,5906193;64,53809764
SA;1000007636;Raahe;Kauniinmetsänniitty 1;KM;36937;2865;7162170;3384570;62;FALSE;FALSE;FALSE;FALSE;TRUE;FALSE;FALSE;FALSE;FALSE;FALSE;FALSE;Birch bark tar;Chewing pitch;;Purupihka;1;FALSE;;;;;;;hampaanjälkiä;KM 36937_2865;24,5906193;64,53809764
SA;1000007636;Raahe;Kauniinmetsänniitty 1;KM;36937;2866;7162170;3384570;62;FALSE;FALSE;FALSE;FALSE;TRUE;FALSE;FALSE;FALSE;FALSE;FALSE;FALSE;Birch bark tar;Chewing pitch;;Purupihka;1;FALSE;;;;;;;hampaanjälkiä;KM 36937_2866;24,5906193;64,53809764
SA;1000007636;Raahe;Kauniinmetsänniitty 1;KM;36937;2867;7162170;3384570;62;FALSE;FALSE;FALSE;FALSE;TRUE;FALSE;FALSE;FALSE;FALSE;FALSE;FALSE;Birch bark tar;Chewing pitch;;Purupihka;1;FALSE;;;;;;;hampaanjälkiä, C14-ajoitettu;KM 36937_2867;24,5906193;64,53809764
SA;1000007636;Raahe;Kauniinmetsänniitty 1;KM;36937;2868;7162170;3384570;62;FALSE;FALSE;FALSE;FALSE;TRUE;FALSE;FALSE;FALSE;FALSE;FALSE;FALSE;Birch bark tar;Chewing pitch;;Purupihka;1;FALSE;;;;;;;;KM 36937_2868;24,5906193;64,53809764
SA;1000007636;Raahe;Kauniinmetsänniitty 1;KM;36937;2870;7162170;3384570;62;FALSE;FALSE;FALSE;FALSE;TRUE;FALSE;FALSE;FALSE;FALSE;FALSE;FALSE;Birch bark tar;Hafting pitch;;Varttamispihka;1;FALSE;;;;;;;varttamispihkaa;KM 36937_2870;24,5906193;64,53809764
SA;576010005;Padasjoki;Leirintäalue;KM;37251;212;6807471;3408806;85;FALSE;FALSE;FALSE;TRUE;TRUE;FALSE;FALSE;FALSE;FALSE;FALSE;FALSE;Birch bark tar;Chewing pitch;;Purupihka;1;FALSE;9;15;6;;;;useita pieniä paloja, hajonnut;KM 37251_212;25,29167494;61,36479272
SA;576010005;Padasjoki;Leirintäalue;KM;37251;379;6807471;3408806;85;FALSE;FALSE;FALSE;TRUE;TRUE;FALSE;FALSE;FALSE;FALSE;FALSE;FALSE;Birch bark tar;Birch bark tar piece;;Koivutervaa;2;FALSE;20;10;4;;;;;KM 37251_379;25,29167494;61,36479272
SA;972010028;Oulu;Kierikinkangas;KM;37797;43;7252080;3451210;60;FALSE;FALSE;FALSE;FALSE;TRUE;FALSE;FALSE;FALSE;FALSE;FALSE;FALSE;Birch bark tar;Hafting pitch;;Varttamispihka;1;FALSE;;;;;;;varttamispihka?;KM 37797_43;25,94789854;65,36054703
SA;972010028;Oulu;Kierikinkangas;KM;37797;113;7252080;3451210;60;FALSE;FALSE;FALSE;FALSE;TRUE;FALSE;FALSE;FALSE;FALSE;FALSE;FALSE;Birch bark tar;Hafting pitch;;Varttamispihka;1;FALSE;;;;;;;varttamispihka?;KM 37797_113;25,94789854;65,36054703
SA;972010028;Oulu;Kierikinkangas;KM;37797;202;7252080;3451210;60;FALSE;FALSE;FALSE;FALSE;TRUE;FALSE;FALSE;FALSE;FALSE;FALSE;FALSE;Birch bark tar;Hafting pitch;;Varttamispihka;1;FALSE;;;;;;;varttamispihka?;KM 37797_202;25,94789854;65,36054703
SA;972010028;Oulu;Kierikinkangas;KM;37797;207;7252080;3451210;60;FALSE;FALSE;FALSE;FALSE;TRUE;FALSE;FALSE;FALSE;FALSE;FALSE;FALSE;Birch bark tar;Hafting pitch;;Varttamispihka;1;FALSE;;;;;;;varttamispihka?;KM 37797_207;25,94789854;65,36054703
SA;972010028;Oulu;Kierikinkangas;KM;37797;208;7252080;3451210;60;FALSE;FALSE;FALSE;FALSE;TRUE;FALSE;FALSE;FALSE;FALSE;FALSE;FALSE;Birch bark tar;Hafting pitch;;Varttamispihka;1;FALSE;;;;;;;varttamispihka?;KM 37797_208;25,94789854;65,36054703
SA;972010028;Oulu;Kierikinkangas;KM;37797;209;7252080;3451210;60;FALSE;FALSE;FALSE;FALSE;TRUE;FALSE;FALSE;FALSE;FALSE;FALSE;FALSE;Birch bark tar;Hafting pitch;;Varttamispihka;1;FALSE;;;;;;;varttamispihka?;KM 37797_209;25,94789854;65,36054703
SA;972010028;Oulu;Kierikinkangas;KM;37797;210;7252080;3451210;60;FALSE;FALSE;FALSE;FALSE;TRUE;FALSE;FALSE;FALSE;FALSE;FALSE;FALSE;Birch bark tar;Hafting pitch;;Varttamispihka;1;FALSE;;;;;;;varttamispihka?;KM 37797_210;25,94789854;65,36054703
SA;972010028;Oulu;Kierikinkangas;KM;37797;224;7252080;3451210;60;FALSE;FALSE;FALSE;FALSE;TRUE;FALSE;FALSE;FALSE;FALSE;FALSE;FALSE;Birch bark tar;Hafting pitch;;Varttamispihka;1;FALSE;;;;;;;varttamispihka?;KM 37797_224;25,94789854;65,36054703
SA;972010028;Oulu;Kierikinkangas;KM;37797;295;7252080;3451210;60;FALSE;FALSE;FALSE;FALSE;TRUE;FALSE;FALSE;FALSE;FALSE;FALSE;FALSE;Birch bark tar;Chewing pitch;;Purupihka;1;FALSE;;;;;;;hampaanjälkiä;KM 37797_295;25,94789854;65,36054703
SA;972010028;Oulu;Kierikinkangas;KM;37797;313;7252080;3451210;60;FALSE;FALSE;FALSE;FALSE;TRUE;FALSE;FALSE;FALSE;FALSE;FALSE;FALSE;Birch bark tar;Hafting pitch;;Varttamispihka;1;FALSE;;;;;;;varttamispihka?;KM 37797_313;25,94789854;65,36054703
SA;972010028;Oulu;Kierikinkangas;KM;37797;316;7252080;3451210;60;FALSE;FALSE;FALSE;FALSE;TRUE;FALSE;FALSE;FALSE;FALSE;FALSE;FALSE;Birch bark tar;Hafting pitch;;Varttamispihka;1;FALSE;;;;;;;varttamispihka?;KM 37797_316;25,94789854;65,36054703
SA;972010028;Oulu;Kierikinkangas;KM;37797;332;7252080;3451210;60;FALSE;FALSE;FALSE;FALSE;TRUE;FALSE;FALSE;FALSE;FALSE;FALSE;FALSE;Birch bark tar;Hafting pitch;;Varttamispihka;1;FALSE;;;;;;;varttamispihka?;KM 37797_332;25,94789854;65,36054703
SA;972010028;Oulu;Kierikinkangas;KM;37797;351;7252080;3451210;60;FALSE;FALSE;FALSE;FALSE;TRUE;FALSE;FALSE;FALSE;FALSE;FALSE;FALSE;Birch bark tar;Hafting pitch;;Varttamispihka;1;FALSE;;;;;;;varttamispihka?;KM 37797_351;25,94789854;65,36054703
SA;972010028;Oulu;Kierikinkangas;KM;37797;433;7252080;3451210;60;FALSE;FALSE;FALSE;FALSE;TRUE;FALSE;FALSE;FALSE;FALSE;FALSE;FALSE;Birch bark tar;Hafting pitch;;Varttamispihka;1;FALSE;;;;;;;varttamispihka?, hunajakennomainen kuvio;KM 37797_433;25,94789854;65,36054703
SA;972010028;Oulu;Kierikinkangas;KM;37797;463;7252080;3451210;60;FALSE;FALSE;FALSE;FALSE;TRUE;FALSE;FALSE;FALSE;FALSE;FALSE;FALSE;Birch bark tar;Hafting pitch;;Varttamispihka;1;FALSE;;;;;;;varttamispihka?;KM 37797_463;25,94789854;65,36054703
SA;972010028;Oulu;Kierikinkangas;KM;37797;557;7252080;3451210;60;FALSE;FALSE;FALSE;FALSE;TRUE;FALSE;FALSE;FALSE;FALSE;FALSE;FALSE;Birch bark tar;Hafting pitch;;Varttamispihka;1;FALSE;;;;;;;varttamispihka?;KM 37797_557;25,94789854;65,36054703
SA;972010028;Oulu;Kierikinkangas;KM;37797;672;7252080;3451210;60;FALSE;FALSE;FALSE;FALSE;TRUE;FALSE;FALSE;FALSE;FALSE;FALSE;FALSE;Birch bark tar;Hafting pitch;;Varttamispihka;1;FALSE;;;;;;;varttamispihka?;KM 37797_672;25,94789854;65,36054703
SA;972010028;Oulu;Kierikinkangas;KM;37797;718;7252080;3451210;60;FALSE;FALSE;FALSE;FALSE;TRUE;FALSE;FALSE;FALSE;FALSE;FALSE;FALSE;Birch bark tar;Chewing pitch;;Purupihka;1;FALSE;;;;;;;hampaanjälkiä;KM 37797_718;25,94789854;65,36054703
SA;831010006;Taipalsaari;Vaateranta;KM;37849;3117;6780780;3559700;79;FALSE;FALSE;FALSE;FALSE;TRUE;FALSE;FALSE;FALSE;FALSE;FALSE;FALSE;Birch bark tar;Birch bark tar piece;;Koivutervaa;2;FALSE;;;;;;;;KM 37849_3117;28,10482092;61,13149316
SA;831010006;Taipalsaari;Vaateranta;KM;37849;3125;6780780;3559700;79;FALSE;FALSE;FALSE;FALSE;TRUE;FALSE;FALSE;FALSE;FALSE;FALSE;FALSE;Birch bark tar;Birch bark tar piece;;Koivutervaa;2;FALSE;;;;;;;;KM 37849_3125;28,10482092;61,13149316
SA;831010006;Taipalsaari;Vaateranta;KM;37849;3126;6780780;3559700;79;FALSE;FALSE;FALSE;FALSE;TRUE;FALSE;FALSE;FALSE;FALSE;FALSE;FALSE;Birch bark tar;Birch bark tar piece;;Koivutervaa;2;FALSE;;;;;;;;KM 37849_3126;28,10482092;61,13149316
SA;831010006;Taipalsaari;Vaateranta;KM;37849;3127;6780780;3559700;79;FALSE;FALSE;FALSE;FALSE;TRUE;FALSE;FALSE;FALSE;FALSE;FALSE;FALSE;Birch bark tar;Birch bark tar piece;;Koivutervaa;2;FALSE;;;;;;;;KM 37849_3127;28,10482092;61,13149316
SA;831010006;Taipalsaari;Vaateranta;KM;37849;3138;6780780;3559700;79;FALSE;FALSE;FALSE;FALSE;TRUE;FALSE;FALSE;FALSE;FALSE;FALSE;FALSE;Birch bark tar;Birch bark tar piece;;Koivutervaa;2;FALSE;;;;;;;;KM 37849_3138;28,10482092;61,13149316
SA;831010006;Taipalsaari;Vaateranta;KM;37849;3139;6780780;3559700;79;FALSE;FALSE;FALSE;FALSE;TRUE;FALSE;FALSE;FALSE;FALSE;FALSE;FALSE;Birch bark tar;Birch bark tar piece;;Koivutervaa;2;FALSE;;;;;;;;KM 37849_3139;28,10482092;61,13149316
SA;831010006;Taipalsaari;Vaateranta;KM;37849;3140;6780780;3559700;79;FALSE;FALSE;FALSE;FALSE;TRUE;FALSE;FALSE;FALSE;FALSE;FALSE;FALSE;Birch bark tar;Birch bark tar piece;;Koivutervaa;2;FALSE;;;;;;;;KM 37849_3140;28,10482092;61,13149316
SA;831010006;Taipalsaari;Vaateranta;KM;37849;3141;6780780;3559700;79;FALSE;FALSE;FALSE;FALSE;TRUE;FALSE;FALSE;FALSE;FALSE;FALSE;FALSE;Birch bark tar;Birch bark tar piece;;Koivutervaa;2;FALSE;;;;;;;;KM 37849_3141;28,10482092;61,13149316
SA;831010006;Taipalsaari;Vaateranta;KM;37849;3142;6780780;3559700;79;FALSE;FALSE;FALSE;FALSE;TRUE;FALSE;FALSE;FALSE;FALSE;FALSE;FALSE;Birch bark tar;Birch bark tar piece;;Koivutervaa;2;FALSE;;;;;;;;KM 37849_3142;28,10482092;61,13149316
SA;405010002;Lappeenranta;Etu- ja Taka-Muntero;KM;37988;215;6771350;3557020;80;FALSE;FALSE;FALSE;TRUE;TRUE;FALSE;FALSE;FALSE;FALSE;FALSE;FALSE;Birch bark tar;Birch bark tar piece;;Koivutervaa;2;FALSE;;;;;;;;KM 37988_215;28,05228014;61,04727788
SA;405010002;Lappeenranta;Etu- ja Taka-Muntero;KM;37988;216;6771350;3557020;80;FALSE;FALSE;FALSE;TRUE;TRUE;FALSE;FALSE;FALSE;FALSE;FALSE;FALSE;Birch bark tar;Birch bark tar piece;;Koivutervaa;2;FALSE;;;;;;;;KM 37988_216;28,05228014;61,04727788
SA;972010028;Oulu;Kierikinkangas;KM;38009;258;7252080;3451210;60;FALSE;FALSE;FALSE;FALSE;TRUE;FALSE;FALSE;FALSE;FALSE;FALSE;FALSE;Birch bark tar;Chewing pitch;;Purupihka;2;FALSE;11;9;8;;;;;KM 38009_258;25,94789854;65,36054703
SA;972010028;Oulu;Kierikinkangas;KM;38009;402;7252080;3451210;60;FALSE;FALSE;FALSE;FALSE;TRUE;FALSE;FALSE;FALSE;FALSE;FALSE;FALSE;Birch bark tar;Chewing pitch;;Purupihka;2;FALSE;18;12;9;;;;hampaanjälkiä, missä?;KM 38009_402;25,94789854;65,36054703
SA;1000015670;Nakkila;Hepokorpi;KM;38092;;6820012;3233369;27;FALSE;FALSE;FALSE;FALSE;FALSE;FALSE;FALSE;TRUE;TRUE;FALSE;FALSE;Birch bark tar;Chewing pitch;;Purupihka;1;FALSE;;;;;;;hampaanjälkiä;KM 38092;22,00329614;61,39631293
SA;601010049;Pihtipudas;Lylysaari 1;KM;38145;15;7024940;3431980;115;FALSE;FALSE;FALSE;FALSE;TRUE;TRUE;FALSE;TRUE;FALSE;FALSE;FALSE;Birch bark tar;Chewing pitch;;Purupihka;1;FALSE;;;;;;;;KM 38145_15;25,63928667;63,32027584
SA;1000000787;Joensuu;Rahakangas 1;KM;38399;1611;6958945;3666165;115;TRUE;FALSE;FALSE;FALSE;FALSE;FALSE;FALSE;FALSE;FALSE;FALSE;FALSE;Birch bark tar;Chewing pitch;;Purupihka;1;FALSE;15;10;7;;;;hampaanjälkiä;KM 38399_1611;30,24326486;62,69722216
SA;1000000782;Joensuu;Jokivarsi 1;KM;38400;8;6958120;3667185;112;TRUE;FALSE;FALSE;FALSE;FALSE;FALSE;FALSE;FALSE;FALSE;FALSE;FALSE;Birch bark tar;Birch bark tar piece;;Koivutervaa;1;FALSE;;;;;;;varttamistervaa 7 kpl;KM 38400_8;30,26234085;62,68937077
SA;972010028;Oulu;Kierikinkangas;KM;38874;386;7252080;3451210;60;FALSE;FALSE;FALSE;FALSE;TRUE;FALSE;FALSE;FALSE;FALSE;FALSE;FALSE;Birch bark tar;Chewing pitch;;Purupihka;1;FALSE;;;;20;16;12;;KM 38874_386;25,94789854;65,36054703
SA;972010028;Oulu;Kierikinkangas;KM;38874;387;7252080;3451210;60;FALSE;FALSE;FALSE;FALSE;TRUE;FALSE;FALSE;FALSE;FALSE;FALSE;FALSE;Birch bark tar;Chewing pitch;;Purupihka;1;FALSE;;;;17;14;5;;KM 38874_387;25,94789854;65,36054703
SA;972010028;Oulu;Kierikinkangas;KM;38874;434;7252080;3451210;60;FALSE;FALSE;FALSE;FALSE;TRUE;FALSE;FALSE;FALSE;FALSE;FALSE;FALSE;Birch bark tar;Chewing pitch;;Purupihka;1;FALSE;;;;16;16;8;;KM 38874_434;25,94789854;65,36054703
SA;972010028;Oulu;Kierikinkangas;KM;38874;465;7252080;3451210;60;FALSE;FALSE;FALSE;FALSE;TRUE;FALSE;FALSE;FALSE;FALSE;FALSE;FALSE;Birch bark tar;Chewing pitch;;Purupihka;1;FALSE;;;;15;11;6;;KM 38874_465;25,94789854;65,36054703
SA;972010028;Oulu;Kierikinkangas;KM;38874;550;7252080;3451210;60;FALSE;FALSE;FALSE;FALSE;TRUE;FALSE;FALSE;FALSE;FALSE;FALSE;FALSE;Birch bark tar;Chewing pitch;;Purupihka;1;FALSE;;;;23;12;2;2 kpl;KM 38874_550;25,94789854;65,36054703
SA;1000000782;Joensuu;Jokivarsi 1;KM;38981;1;6958120;3667185;112;TRUE;FALSE;FALSE;FALSE;FALSE;FALSE;FALSE;FALSE;FALSE;FALSE;FALSE;Birch bark tar;Birch bark tar piece;;Koivutervaa;1;FALSE;21;10;2;;;;;KM 38981_1;30,26234085;62,68937077
SA;1000000782;Joensuu;Jokivarsi 1;KM;38981;2;6958120;3667185;112;TRUE;FALSE;FALSE;FALSE;FALSE;FALSE;FALSE;FALSE;FALSE;FALSE;FALSE;Birch bark tar;Birch bark tar piece;;Koivutervaa;1;FALSE;17;12;2;;;;;KM 38981_2;30,26234085;62,68937077
SA;1000000782;Joensuu;Jokivarsi 1;KM;38981;1658;6958120;3667185;112;TRUE;FALSE;FALSE;FALSE;FALSE;FALSE;FALSE;FALSE;FALSE;FALSE;FALSE;Birch bark tar;Hafting pitch;;Varttamispihka;1;FALSE;;;;;;;;KM 38981_1658;30,26234085;62,68937077
SA;1000000782;Joensuu;Jokivarsi 1;KM;38981;1659;6958120;3667185;112;TRUE;FALSE;FALSE;FALSE;FALSE;FALSE;FALSE;FALSE;FALSE;FALSE;FALSE;Birch bark tar;Hafting pitch;;Varttamispihka;1;FALSE;11;5;2;;;;;KM 38981_1659;30,26234085;62,68937077
SA;1000000782;Joensuu;Jokivarsi 1;KM;38981;1660;6958120;3667185;112;TRUE;FALSE;FALSE;FALSE;FALSE;FALSE;FALSE;FALSE;FALSE;FALSE;FALSE;Birch bark tar;Hafting pitch;;Varttamispihka;1;FALSE;;;;;;;;KM 38981_1660;30,26234085;62,68937077
SA;1000000782;Joensuu;Jokivarsi 1;KM;38981;1661;6958120;3667185;112;TRUE;FALSE;FALSE;FALSE;FALSE;FALSE;FALSE;FALSE;FALSE;FALSE;FALSE;Birch bark tar;Hafting pitch;;Varttamispihka;1;FALSE;;;;;;;;KM 38981_1661;30,26234085;62,68937077
SA;1000000782;Joensuu;Jokivarsi 1;KM;38981;1662;6958120;3667185;112;TRUE;FALSE;FALSE;FALSE;FALSE;FALSE;FALSE;FALSE;FALSE;FALSE;FALSE;Birch bark tar;Birch bark tar piece;;Koivutervaa;1;FALSE;;;;;;;;KM 38981_1662;30,26234085;62,68937077
SA;1000000782;Joensuu;Jokivarsi 1;KM;38981;1663;6958120;3667185;112;TRUE;FALSE;FALSE;FALSE;FALSE;FALSE;FALSE;FALSE;FALSE;FALSE;FALSE;Birch bark tar;Hafting pitch;;Varttamispihka;1;FALSE;;;;;;;;KM 38981_1663;30,26234085;62,68937077
SA;1000000782;Joensuu;Jokivarsi 1;KM;38981;1664;6958120;3667185;112;TRUE;FALSE;FALSE;FALSE;FALSE;FALSE;FALSE;FALSE;FALSE;FALSE;FALSE;Birch bark tar;Hafting pitch;;Varttamispihka;1;FALSE;;;;;;;;KM 38981_1664;30,26234085;62,68937077
SA;1000000782;Joensuu;Jokivarsi 1;KM;38981;1665;6958120;3667185;112;TRUE;FALSE;FALSE;FALSE;FALSE;FALSE;FALSE;FALSE;FALSE;FALSE;FALSE;Birch bark tar;Hafting pitch;;Varttamispihka;1;FALSE;;;;;;;;KM 38981_1665;30,26234085;62,68937077
SA;1000000782;Joensuu;Jokivarsi 1;KM;38981;1666;6958120;3667185;112;TRUE;FALSE;FALSE;FALSE;FALSE;FALSE;FALSE;FALSE;FALSE;FALSE;FALSE;Birch bark tar;Hafting pitch;;Varttamispihka;1;FALSE;;;;;;;;KM 38981_1666;30,26234085;62,68937077
SA;1000000782;Joensuu;Jokivarsi 1;KM;38981;1667;6958120;3667185;112;TRUE;FALSE;FALSE;FALSE;FALSE;FALSE;FALSE;FALSE;FALSE;FALSE;FALSE;Birch bark tar;Hafting pitch;;Varttamispihka;1;FALSE;;;;;;;;KM 38981_1667;30,26234085;62,68937077
SA;1000000782;Joensuu;Jokivarsi 1;KM;38981;1668;6958120;3667185;112;TRUE;FALSE;FALSE;FALSE;FALSE;FALSE;FALSE;FALSE;FALSE;FALSE;FALSE;Birch bark tar;Hafting pitch;;Varttamispihka;1;FALSE;;;;;;;;KM 38981_1668;30,26234085;62,68937077
SA;1000000782;Joensuu;Jokivarsi 1;KM;38981;1669;6958120;3667185;112;TRUE;FALSE;FALSE;FALSE;FALSE;FALSE;FALSE;FALSE;FALSE;FALSE;FALSE;Birch bark tar;Hafting pitch;;Varttamispihka;1;FALSE;;;;;;;;KM 38981_1669;30,26234085;62,68937077
SA;1000000782;Joensuu;Jokivarsi 1;KM;38981;1670;6958120;3667185;112;TRUE;FALSE;FALSE;FALSE;FALSE;FALSE;FALSE;FALSE;FALSE;FALSE;FALSE;Birch bark tar;Hafting pitch;;Varttamispihka;1;FALSE;;;;;;;;KM 38981_1670;30,26234085;62,68937077
SA;1000000782;Joensuu;Jokivarsi 1;KM;38981;1671;6958120;3667185;112;TRUE;FALSE;FALSE;FALSE;FALSE;FALSE;FALSE;FALSE;FALSE;FALSE;FALSE;Birch bark tar;Hafting pitch;;Varttamispihka;1;FALSE;;;;;;;;KM 38981_1671;30,26234085;62,68937077
SA;1000000782;Joensuu;Jokivarsi 1;KM;38981;1672;6958120;3667185;112;TRUE;FALSE;FALSE;FALSE;FALSE;FALSE;FALSE;FALSE;FALSE;FALSE;FALSE;Birch bark tar;Hafting pitch;;Varttamispihka;1;FALSE;;;;;;;;KM 38981_1672;30,26234085;62,68937077
SA;1000000782;Joensuu;Jokivarsi 1;KM;38981;1673;6958120;3667185;112;TRUE;FALSE;FALSE;FALSE;FALSE;FALSE;FALSE;FALSE;FALSE;FALSE;FALSE;Birch bark tar;Hafting pitch;;Varttamispihka;1;FALSE;;;;;;;;KM 38981_1673;30,26234085;62,68937077
SA;1000000782;Joensuu;Jokivarsi 1;KM;38981;1674;6958120;3667185;112;TRUE;FALSE;FALSE;FALSE;FALSE;FALSE;FALSE;FALSE;FALSE;FALSE;FALSE;Birch bark tar;Hafting pitch;;Varttamispihka;1;FALSE;;;;;;;;KM 38981_1674;30,26234085;62,68937077
SA;1000000782;Joensuu;Jokivarsi 1;KM;38981;1675;6958120;3667185;112;TRUE;FALSE;FALSE;FALSE;FALSE;FALSE;FALSE;FALSE;FALSE;FALSE;FALSE;Birch bark tar;Hafting pitch;;Varttamispihka;1;FALSE;;;;;;;;KM 38981_1675;30,26234085;62,68937077
SA;1000000782;Joensuu;Jokivarsi 1;KM;38981;1676;6958120;3667185;112;TRUE;FALSE;FALSE;FALSE;FALSE;FALSE;FALSE;FALSE;FALSE;FALSE;FALSE;Birch bark tar;Hafting pitch;;Varttamispihka;1;FALSE;;;;;;;;KM 38981_1676;30,26234085;62,68937077
SA;1000000782;Joensuu;Jokivarsi 1;KM;38981;1677;6958120;3667185;112;TRUE;FALSE;FALSE;FALSE;FALSE;FALSE;FALSE;FALSE;FALSE;FALSE;FALSE;Birch bark tar;Birch bark tar piece;;Koivutervaa;1;FALSE;;;;;;;;KM 38981_1677;30,26234085;62,68937077
SA;1000000782;Joensuu;Jokivarsi 1;KM;38981;1678;6958120;3667185;112;TRUE;FALSE;FALSE;FALSE;FALSE;FALSE;FALSE;FALSE;FALSE;FALSE;FALSE;Birch bark tar;Hafting pitch;;Varttamispihka;1;FALSE;;;;;;;;KM 38981_1678;30,26234085;62,68937077
SA;1000000782;Joensuu;Jokivarsi 1;KM;38981;1679;6958120;3667185;112;TRUE;FALSE;FALSE;FALSE;FALSE;FALSE;FALSE;FALSE;FALSE;FALSE;FALSE;Birch bark tar;Hafting pitch;;Varttamispihka;1;FALSE;;;;;;;;KM 38981_1679;30,26234085;62,68937077
SA;1000000782;Joensuu;Jokivarsi 1;KM;38981;1680;6958120;3667185;112;TRUE;FALSE;FALSE;FALSE;FALSE;FALSE;FALSE;FALSE;FALSE;FALSE;FALSE;Birch bark tar;Hafting pitch;;Varttamispihka;1;FALSE;;;;;;;;KM 38981_1680;30,26234085;62,68937077
SA;1000000782;Joensuu;Jokivarsi 1;KM;38981;1681;6958120;3667185;112;TRUE;FALSE;FALSE;FALSE;FALSE;FALSE;FALSE;FALSE;FALSE;FALSE;FALSE;Birch bark tar;Hafting pitch;;Varttamispihka;1;FALSE;;;;;;;;KM 38981_1681;30,26234085;62,68937077
SA;1000000782;Joensuu;Jokivarsi 1;KM;38981;1682;6958120;3667185;112;TRUE;FALSE;FALSE;FALSE;FALSE;FALSE;FALSE;FALSE;FALSE;FALSE;FALSE;Birch bark tar;Hafting pitch;;Varttamispihka;1;FALSE;;;;;;;;KM 38981_1682;30,26234085;62,68937077
SA;1000000782;Joensuu;Jokivarsi 1;KM;38981;1683;6958120;3667185;112;TRUE;FALSE;FALSE;FALSE;FALSE;FALSE;FALSE;FALSE;FALSE;FALSE;FALSE;Birch bark tar;Hafting pitch;;Varttamispihka;1;FALSE;;;;;;;;KM 38981_1683;30,26234085;62,68937077
SA;1000000782;Joensuu;Jokivarsi 1;KM;38981;1684;6958120;3667185;112;TRUE;FALSE;FALSE;FALSE;FALSE;FALSE;FALSE;FALSE;FALSE;FALSE;FALSE;Birch bark tar;Hafting pitch;;Varttamispihka;1;FALSE;;;;;;;;KM 38981_1684;30,26234085;62,68937077
SA;79010025;Harjavalta;Lyytikänharju;SatM;18823;;6809597;3239454;35;FALSE;FALSE;FALSE;FALSE;FALSE;TRUE;TRUE;FALSE;FALSE;FALSE;FALSE;Birch bark tar;Birch bark tar piece;;Koivutervaa;0;FALSE;19;13;8;0;0;0;;SatM 18823;22,13128452;61,3073175
SA;Sa 21.11;Saltvik;;ÅM;649;205;6712455;3113557;;FALSE;FALSE;FALSE;FALSE;FALSE;FALSE;TRUE;FALSE;TRUE;TRUE;FALSE;Birch bark tar;Chewing pitch;;Purupihka;1;FALSE;;;;20;12;10;;ÅM 649_205;19,99099079;60,33803219
SA;Sa 21.11;Saltvik;;ÅM;649;223;6712455;3113557;;FALSE;FALSE;FALSE;FALSE;FALSE;FALSE;TRUE;FALSE;TRUE;TRUE;FALSE;Birch bark tar;Chewing pitch;;Purupihka;1;FALSE;;;;17;17;10;;ÅM 649_223;19,99099079;60,33803219
