Phase;Site id;Municipality;Site name;Collection;Main number;Subnumber;p;i;z;m1;m2;m3;n1;n2;n3;n4;p1;p2;r1;r2;Category;Type;Subtype;Subtype (Finnish);Certainty;Integrity;Length (mm);Width (mm);Thickness (mm);Fragment length (mm);Fragment width (mm);Fragment thickness (mm);Other notes (Finnish)
SA;Karjala 61;Viipuri;H„yrynm„ki;KM;5428;988;6737415;3599675;;FALSE;TRUE;FALSE;TRUE;TRUE;TRUE;FALSE;TRUE;FALSE;FALSE;FALSE;Birch bark tar;Chewing pitch;;Purupihka;;TRUE;28;19;11;;;;
SA;246010004;Savonlinna;Kankaanlaita a;KM;9135;35;6876514;3616302;80;FALSE;FALSE;FALSE;FALSE;TRUE;FALSE;FALSE;FALSE;FALSE;FALSE;FALSE;Birch bark tar;Chewing pitch;;Purupihka;1;FALSE;;;;;;;
SA;254010002;Sastamala;Uusi-Jaara;KM;9409;130;6821756;3263541;80;FALSE;FALSE;FALSE;TRUE;FALSE;TRUE;FALSE;FALSE;FALSE;FALSE;FALSE;Birch bark tar;Hafting pitch;;Varttamispihka;2;FALSE;;;;;;;kaksi yhteensopivaa pient„ palaa
SA;580010014;Parikkala;Kosinonniemi;KM;10084;8;6834735;3629365;70;FALSE;FALSE;FALSE;TRUE;TRUE;TRUE;FALSE;FALSE;FALSE;FALSE;FALSE;Birch bark tar;Chewing pitch;;Purupihka;1;TRUE;30;10;8;;;;hampaanj„ljet
SA;605010001;N„rpi”;P”rtom-Raine†sen;KM;12545;131;6971720;3221046;37,8;FALSE;FALSE;FALSE;FALSE;FALSE;FALSE;TRUE;FALSE;FALSE;FALSE;FALSE;Birch bark tar;Hafting pitch;;Varttamispihka;1;FALSE;;;;;;;
SA;18010058;Askola;Taka-Piskulan Ruoksmaa;KM;12931;247;6718060;3423120;30;FALSE;TRUE;TRUE;FALSE;TRUE;FALSE;FALSE;TRUE;FALSE;TRUE;TRUE;Birch bark tar;Chewing pitch;;Purupihka;1;TRUE;31;11;7;;;;hampaanj„ljet
SA;18010004;Askola;Tallik„„r”;KM;12934;236;6710780;3423000;25;FALSE;FALSE;FALSE;TRUE;FALSE;FALSE;FALSE;FALSE;FALSE;FALSE;FALSE;Birch bark tar;Chewing pitch;;Purupihka;1;TRUE;20;13;10;;;;
SA;18010058;Askola;Taka-Piskulan Ruoksmaa;KM;13067;649;6718060;3423120;30;FALSE;TRUE;TRUE;FALSE;TRUE;TRUE;FALSE;TRUE;FALSE;TRUE;TRUE;Birch bark tar;Chewing pitch;;Purupihka;1;TRUE;19;14;9;;;;
SA;18010058;Askola;Taka-Piskulan Ruoksmaa;KM;13303;64;6718060;3423120;30;FALSE;TRUE;TRUE;FALSE;TRUE;TRUE;FALSE;TRUE;FALSE;TRUE;TRUE;Birch bark tar;Chewing pitch;;Purupihka;3;FALSE;;;;;;;
SA;777010025;Suomussalmi;Kalmos„rkk„;KM;14830;502;7237045;3614621;199;FALSE;FALSE;TRUE;TRUE;TRUE;TRUE;FALSE;TRUE;TRUE;FALSE;FALSE;Birch bark tar;Chewing pitch;;Purupihka;1;FALSE;;;;;;;ei mittoja
SA;777010027;Suomussalmi;Kellolaisten Tuli;KM;14831;835;7237822;3614945;199;FALSE;FALSE;FALSE;FALSE;TRUE;TRUE;FALSE;TRUE;FALSE;FALSE;FALSE;Birch bark tar;Chewing pitch;;Purupihka;1;FALSE;21;18;15;0;0;0;
SA;777010027;Suomussalmi;Kellolaisten Tuli;KM;14831;1407;7237822;3614945;199;FALSE;FALSE;FALSE;TRUE;TRUE;TRUE;FALSE;TRUE;FALSE;FALSE;FALSE;Birch bark tar;Chewing pitch;;Purupihka;1;FALSE;;;;;;;2 kpl, molemmissa hampaanj„lki„
SA;50010033;Eura;Kolmhaara;KM;15218;160;6770412;3232884;42;FALSE;FALSE;FALSE;TRUE;TRUE;FALSE;FALSE;FALSE;FALSE;FALSE;FALSE;Birch bark tar;Chewing pitch;;Purupihka;1;TRUE;14;12;5;0;0;0;
SA;105010018;Hyrynsalmi;Vonkka 2;KM;15393;200;7177900;3571460;156;FALSE;TRUE;TRUE;TRUE;TRUE;TRUE;FALSE;TRUE;FALSE;FALSE;FALSE;Birch bark tar;Chewing pitch;;Purupihka;1;FALSE;32;19;14;;;;
SA;105010018;Hyrynsalmi;Vonkka 2;KM;15393;416;7177900;3571460;156;FALSE;TRUE;TRUE;TRUE;TRUE;TRUE;FALSE;TRUE;FALSE;FALSE;FALSE;Birch bark tar;Chewing pitch;;Purupihka;1;FALSE;32;26;13;;;;
SA;105010018;Hyrynsalmi;Vonkka 2;KM;15393;2106;7177900;3571460;156;FALSE;TRUE;TRUE;TRUE;TRUE;TRUE;FALSE;TRUE;FALSE;FALSE;FALSE;Birch bark tar;Chewing pitch;;Purupihka;2;FALSE;;;;;;;3 kpl
SA;320010103;Kemij„rvi;Neitil„ 3;KM;15670;20;7374030;3516850;146;FALSE;FALSE;TRUE;FALSE;FALSE;FALSE;FALSE;TRUE;FALSE;FALSE;FALSE;Birch bark tar;Chewing pitch;;Purupihka;1;FALSE;;;;0;;;
SA;320010104;Kemij„rvi;Neitil„ 4;KM;16145;1016;7373790;3516815;146;FALSE;TRUE;FALSE;TRUE;TRUE;TRUE;FALSE;TRUE;FALSE;FALSE;FALSE;Birch bark tar;Chewing pitch;;Purupihka;1;FALSE;;;;;;;pallo
SA;1000016017;Kemij„rvi;Neitil„ 6;KM;16491;320;7373605;3516795;146;FALSE;FALSE;FALSE;TRUE;TRUE;TRUE;FALSE;TRUE;FALSE;FALSE;FALSE;Birch bark tar;Chewing pitch;;Purupihka;1;FALSE;;;;;;;hampaanj„lki„
SA;40010015;Kemi”nsaari;Jordbro;KM;16544;87;6670194;3247004;;FALSE;FALSE;FALSE;FALSE;FALSE;FALSE;TRUE;FALSE;FALSE;FALSE;FALSE;Birch bark tar;Chewing pitch;;Purupihka;2;FALSE;;;;;;;olleet koristeltuja
SA;831010010;Taipalsaari;Syrj„l„ 1;KM;16545;36;6789890;3559700;82;FALSE;FALSE;FALSE;FALSE;TRUE;FALSE;FALSE;FALSE;FALSE;FALSE;FALSE;Birch bark tar;Chewing pitch;;Purupihka;2;FALSE;;;;;;;
SA;300010004;Kuortane;Lahdenkangas 1;KM;16856;50;6960893;3323028;95;FALSE;FALSE;TRUE;FALSE;FALSE;FALSE;FALSE;FALSE;FALSE;FALSE;FALSE;Birch bark tar;Chewing pitch;;Purupihka;2;FALSE;;;;;;;
SA;407010011;Lapinj„rvi;Gammelby;KM;16916;108;6725600;3455740;25;FALSE;FALSE;FALSE;TRUE;FALSE;FALSE;FALSE;FALSE;FALSE;FALSE;FALSE;Birch bark tar;Chewing pitch;;Purupihka;1;FALSE;;;;;;;
SA;309010002;Outokumpu;S„t”s;KM;17284;109;6959520;3607260;86;FALSE;FALSE;FALSE;TRUE;TRUE;TRUE;FALSE;FALSE;FALSE;FALSE;FALSE;Birch bark tar;Chewing pitch;;Purupihka;1;FALSE;;;;;;;
SA;309010002;Outokumpu;S„t”s;KM;17284;140;6959520;3607260;86;FALSE;FALSE;FALSE;TRUE;TRUE;TRUE;FALSE;FALSE;FALSE;FALSE;FALSE;Birch bark tar;Chewing pitch;;Purupihka;1;FALSE;;;;;;;
SA;309010002;Outokumpu;S„t”s;KM;17284;328;6959520;3607260;86;FALSE;FALSE;FALSE;TRUE;TRUE;TRUE;FALSE;FALSE;FALSE;FALSE;FALSE;Birch bark tar;Chewing pitch;;Purupihka;1;FALSE;;;;;;;
SA;309010002;Outokumpu;S„t”s;KM;17284;525;6959520;3607260;86;FALSE;FALSE;FALSE;TRUE;TRUE;TRUE;FALSE;FALSE;FALSE;FALSE;FALSE;Birch bark tar;Chewing pitch;;Purupihka;2;FALSE;;;;;;;
SA;494010040;Muhos;Halosent”rm„;KM;17646;143;7200150;3442850;32,5;FALSE;FALSE;FALSE;FALSE;FALSE;FALSE;FALSE;TRUE;FALSE;FALSE;FALSE;Birch bark tar;Chewing pitch;;Purupihka;2;FALSE;;;;;;;
SA;494010040;Muhos;Halosent”rm„;KM;17646;163;7200150;3442850;32,5;FALSE;FALSE;FALSE;FALSE;FALSE;FALSE;FALSE;TRUE;FALSE;FALSE;FALSE;Birch bark tar;Chewing pitch;;Purupihka;2;FALSE;;;;;;;
SA;285010033;Kotka;Tuuli;KM;17687;42;6718400;3499820;15;FALSE;FALSE;FALSE;FALSE;TRUE;FALSE;FALSE;FALSE;FALSE;FALSE;FALSE;Birch bark tar;Chewing pitch;;Purupihka;1;FALSE;;;;;;;"""ravunmuotoinen"" iso pala"
SA;912010046;Sastamala;Liekolankatu;KM;18251;724;6810662;3281080;60;FALSE;FALSE;FALSE;FALSE;TRUE;TRUE;FALSE;TRUE;FALSE;FALSE;FALSE;Birch bark tar;Chewing pitch;;Purupihka;1;FALSE;;;;;;;
SA;1000012003;Utaj„rvi;Pikkarainen ja Vesala;KM;18562;36;7173070;3473470;100;FALSE;FALSE;FALSE;FALSE;TRUE;TRUE;FALSE;TRUE;FALSE;FALSE;FALSE;Birch bark tar;Chewing pitch;;Purupihka;2;FALSE;35;25;10;;;;
SA;1000012003;Utaj„rvi;Pikkarainen ja Vesala;KM;18562;81;7173070;3473470;100;FALSE;FALSE;FALSE;FALSE;TRUE;TRUE;FALSE;TRUE;FALSE;FALSE;FALSE;Birch bark tar;Chewing pitch;;Purupihka;2;FALSE;30;15;6;;;;
SA;52010009;Evij„rvi;Timonen 1;KM;18710;98;7044415;3317898;60;FALSE;FALSE;FALSE;FALSE;TRUE;TRUE;FALSE;FALSE;FALSE;FALSE;FALSE;Birch bark tar;Chewing pitch;;Purupihka;1;FALSE;;;;;;;ei mittoja
SA;248010002;Kitee;Sirnihta;KM;18910;236;6867261;3640136;78;FALSE;FALSE;FALSE;FALSE;TRUE;FALSE;FALSE;FALSE;TRUE;TRUE;FALSE;Birch bark tar;Chewing pitch;;Purupihka;1;FALSE;;;;;;;2 kpl, toinen levy
SA;52010009;Evij„rvi;Timonen 1;KM;19050;173;7044415;3317898;60;FALSE;FALSE;FALSE;FALSE;TRUE;TRUE;FALSE;FALSE;FALSE;FALSE;FALSE;Birch bark tar;Chewing pitch;;Purupihka;1;FALSE;;;;;;;hampaanj„lki„
SA;52010009;Evij„rvi;Timonen 1;KM;19050;492;7044415;3317898;60;FALSE;FALSE;FALSE;FALSE;TRUE;TRUE;FALSE;FALSE;FALSE;FALSE;FALSE;Birch bark tar;Chewing pitch;;Purupihka;1;FALSE;;;;;;;
SA;52010052;Evij„rvi;Kotikangas;KM;19261;361;7043477;3318676;65;FALSE;FALSE;FALSE;FALSE;TRUE;FALSE;FALSE;FALSE;FALSE;FALSE;FALSE;Birch bark tar;Chewing pitch;;Purupihka;2;FALSE;;;;;;;
SA;91010026;Helsinki;Vartiokyl„n linnavuori;KM;19270;12;6680427;3396105;;FALSE;FALSE;FALSE;FALSE;FALSE;FALSE;FALSE;FALSE;FALSE;FALSE;TRUE;Birch bark tar;Chewing pitch;;Purupihka;2;FALSE;22;18;12;;;;
SA;92010031;Vantaa;J”nsas;KM;19275;439;6685309;3381283;31;FALSE;FALSE;TRUE;FALSE;FALSE;TRUE;FALSE;FALSE;FALSE;FALSE;FALSE;Birch bark tar;Chewing pitch;;Purupihka;1;FALSE;33;27;10;;;;
SA;853010029;Turku;Kanttorinm„ki;KM;19808;743;6714757;3241322;23;FALSE;FALSE;FALSE;FALSE;FALSE;FALSE;TRUE;FALSE;FALSE;FALSE;FALSE;Birch bark tar;Chewing pitch;;Purupihka;1;FALSE;;;;;;;hampaanj„lki„
SA;777010026;Suomussalmi;Nuolis„rkk„;KM;19843;44;7236095;3613658;199;FALSE;FALSE;FALSE;FALSE;TRUE;FALSE;FALSE;TRUE;TRUE;TRUE;FALSE;Birch bark tar;Chewing pitch;;Purupihka;2;FALSE;;;;;;;
SA;52010009;Evij„rvi;Timonen 1;KM;20083;122;7044415;3317898;60;FALSE;FALSE;FALSE;FALSE;TRUE;TRUE;FALSE;FALSE;FALSE;FALSE;FALSE;Birch bark tar;Chewing pitch;;Purupihka;1;FALSE;;;;;;;hampaanj„lki„
SA;92010031;Vantaa;J”nsas;KM;20087;437;6685309;3381283;31;FALSE;FALSE;TRUE;FALSE;FALSE;TRUE;FALSE;FALSE;FALSE;FALSE;FALSE;Birch bark tar;Chewing pitch;;Purupihka;2;FALSE;;;;;;;
SA;777010114;Suomussalmi;Kukkosaari;KM;20593;87;7201478;3592642;199;FALSE;FALSE;TRUE;TRUE;TRUE;TRUE;TRUE;TRUE;TRUE;TRUE;FALSE;Birch bark tar;Chewing pitch;;Purupihka;1;FALSE;18;12;8;;;;
SA;52010071;Evij„rvi;Isokangas;KM;20603;123;7047065;3316500;57;FALSE;FALSE;FALSE;FALSE;TRUE;TRUE;FALSE;FALSE;FALSE;FALSE;FALSE;Birch bark tar;Chewing pitch;;Purupihka;1;FALSE;;;;;;;hampaanj„lki„
SA;52010071;Evij„rvi;Isokangas;KM;20603;699;7047065;3316500;57;FALSE;FALSE;FALSE;FALSE;TRUE;TRUE;FALSE;FALSE;FALSE;FALSE;FALSE;Birch bark tar;Chewing pitch;;Purupihka;1;FALSE;;;;;;;
SA;52010071;Evij„rvi;Isokangas;KM;20603;1341;7047065;3316500;57;FALSE;FALSE;FALSE;FALSE;TRUE;TRUE;FALSE;FALSE;FALSE;FALSE;FALSE;Birch bark tar;Chewing pitch;;Purupihka;2;FALSE;;;;;;;
SA;52010071;Evij„rvi;Isokangas;KM;20603;1458;7047065;3316500;57;FALSE;FALSE;FALSE;FALSE;TRUE;TRUE;FALSE;FALSE;FALSE;FALSE;FALSE;Birch bark tar;Chewing pitch;;Purupihka;1;FALSE;;;;;;;hampaanj„lki„
SA;52010071;Evij„rvi;Isokangas;KM;20603;1472;7047065;3316500;57;FALSE;FALSE;FALSE;FALSE;TRUE;TRUE;FALSE;FALSE;FALSE;FALSE;FALSE;Birch bark tar;Chewing pitch;;Purupihka;1;FALSE;;;;;;;hampaanj„lki„
SA;52010071;Evij„rvi;Isokangas;KM;20603;1568;7047065;3316500;57;FALSE;FALSE;FALSE;FALSE;TRUE;TRUE;FALSE;FALSE;FALSE;FALSE;FALSE;Birch bark tar;Chewing pitch;;Purupihka;1;FALSE;;;;;;;
SA;621010016;Peders”re;Purmo-Hundbacken/Myllykangas;KM;20723;211;7034739;3305968;55;FALSE;FALSE;FALSE;FALSE;TRUE;FALSE;FALSE;FALSE;FALSE;FALSE;FALSE;Birch bark tar;Chewing pitch;;Purupihka;1;FALSE;;;;;;;
SA;621010016;Peders”re;Purmo-Hundbacken/Myllykangas;KM;20723;224;7034739;3305968;55;FALSE;FALSE;FALSE;FALSE;TRUE;FALSE;FALSE;FALSE;FALSE;FALSE;FALSE;Birch bark tar;Chewing pitch;;Purupihka;1;FALSE;;;;;;;hampaanj„lki„
SA;621010016;Peders”re;Purmo-Hundbacken/Myllykangas;KM;20999;14;7034739;3305968;55;FALSE;FALSE;FALSE;FALSE;TRUE;FALSE;FALSE;FALSE;FALSE;FALSE;FALSE;Birch bark tar;Chewing pitch;;Purupihka;1;FALSE;;;;;;;
SA;621010016;Peders”re;Purmo-Hundbacken/Myllykangas;KM;20999;23;7034739;3305968;55;FALSE;FALSE;FALSE;FALSE;TRUE;FALSE;FALSE;FALSE;FALSE;FALSE;FALSE;Birch bark tar;Chewing pitch;;Purupihka;1;FALSE;21;11;7;;;;hampaanj„lki„
SA;621010016;Peders”re;Purmo-Hundbacken/Myllykangas;KM;20999;235;7034739;3305968;55;FALSE;FALSE;FALSE;FALSE;TRUE;FALSE;FALSE;FALSE;FALSE;FALSE;FALSE;Birch bark tar;Chewing pitch;;Purupihka;1;FALSE;;;;22;18;7;hampaanj„lki„
SA;52010071;Evij„rvi;Isokangas;KM;21166;539;7047065;3316500;57;FALSE;FALSE;FALSE;FALSE;TRUE;TRUE;FALSE;FALSE;FALSE;FALSE;FALSE;Birch bark tar;Chewing pitch;;Purupihka;1;FALSE;;;;;;;
SA;621010016;Peders”re;Purmo-Hundbacken/Myllykangas;KM;21349;29;7034739;3305968;55;FALSE;FALSE;FALSE;FALSE;TRUE;FALSE;FALSE;FALSE;FALSE;FALSE;FALSE;Birch bark tar;Chewing pitch;;Purupihka;1;FALSE;;;;28;16;10;hampaanj„lki„
SA;765010010;Sotkamo;Kiikarusniemi;KM;21482;22;7116710;3567120;137;FALSE;FALSE;FALSE;TRUE;TRUE;FALSE;FALSE;FALSE;FALSE;FALSE;FALSE;Birch bark tar;Chewing pitch;;Purupihka;1;FALSE;14;11;11;;;;
SA;594010001;Pieks„m„ki;Naaraj„rvi;KM;22019;402;6907350;3502460;82;FALSE;FALSE;FALSE;TRUE;TRUE;FALSE;FALSE;FALSE;FALSE;FALSE;FALSE;Birch bark tar;Chewing pitch;;Purupihka;1;FALSE;;;;;;;
SA;890010001;Utsjoki;Ala-Jalve;KM;22488;1446;7777280;3527000;45;FALSE;FALSE;FALSE;FALSE;FALSE;FALSE;TRUE;TRUE;FALSE;FALSE;FALSE;Birch bark tar;Chewing pitch;;Purupihka;2;FALSE;17;14;5;;;;Puupainanteita
SA;47010076;Enonteki”;Proksinkentt„;KM;22841;130;7593361;3363136;288;FALSE;FALSE;FALSE;FALSE;FALSE;FALSE;FALSE;TRUE;FALSE;FALSE;FALSE;Birch bark tar;Chewing pitch;;Purupihka;3;FALSE;;;;;;;4 kpl
SA;593010001;Pieks„m„ki;Tahinniemi;KM;22955;193;6913850;3507670;120;FALSE;FALSE;FALSE;FALSE;TRUE;TRUE;FALSE;FALSE;FALSE;FALSE;FALSE;Birch bark tar;Chewing pitch;;Purupihka;1;FALSE;;;;;;;2 kpl, hampaanj„lki„
SA;593010001;Pieks„m„ki;Tahinniemi;KM;22955;197;6913850;3507670;120;FALSE;FALSE;FALSE;FALSE;TRUE;TRUE;FALSE;FALSE;FALSE;FALSE;FALSE;Birch bark tar;Chewing pitch;;Purupihka;1;FALSE;;;;;;;1 kpl, hampaanj„lki„
SA;559010018;V”yri;F†rmossen 1-2;KM;23233;5;7023600;3276120;45;FALSE;FALSE;FALSE;FALSE;FALSE;TRUE;TRUE;FALSE;FALSE;FALSE;FALSE;Birch bark tar;Chewing pitch;;Purupihka;1;FALSE;;;;;;;hampaanj„lki„
SA;559010018;V”yri;F†rmossen 1-2;KM;23233;31;7023600;3276120;45;FALSE;FALSE;FALSE;FALSE;FALSE;TRUE;TRUE;FALSE;FALSE;FALSE;FALSE;Birch bark tar;Chewing pitch;;Purupihka;1;FALSE;;;;;;;2 kpl
SA;890010001;Utsjoki;Ala-Jalve;KM;23306;227;7777280;3527000;45;FALSE;FALSE;FALSE;FALSE;FALSE;FALSE;TRUE;TRUE;FALSE;FALSE;FALSE;Birch bark tar;Chewing pitch;;Purupihka;2;FALSE;;;;;;;2 kpl, yhteen liimattavissa
SA;972010027;Oulu;Kierikin sorakuoppa;KM;23431;698;7251960;3451710;58;FALSE;FALSE;FALSE;FALSE;TRUE;FALSE;FALSE;FALSE;FALSE;FALSE;FALSE;Birch bark tar;Chewing pitch;;Purupihka;3;FALSE;;;;;;;haljennut kolmeen osaan, Kierikkikeskuksessa
SA;593010001;Pieks„m„ki;Tahinniemi;KM;23445;136;6913850;3507670;120;FALSE;FALSE;FALSE;FALSE;TRUE;TRUE;FALSE;FALSE;FALSE;FALSE;FALSE;Birch bark tar;Chewing pitch;;Purupihka;1;FALSE;;;;;;;2 kpl
SA;973010028;Oulu;Latokangas;KM;24750;61;7220700;3461680;74;FALSE;FALSE;FALSE;TRUE;TRUE;FALSE;FALSE;FALSE;FALSE;FALSE;FALSE;Birch bark tar;Chewing pitch;;Purupihka;1;FALSE;;;;;;;1 kpl, hampaanj„lki„
SA;832010033;Taivalkoski;Aatsinki 2;KM;25271;405;7274490;3545720;180;FALSE;FALSE;FALSE;FALSE;FALSE;TRUE;TRUE;TRUE;FALSE;FALSE;FALSE;Birch bark tar;Chewing pitch;;Purupihka;2;FALSE;;;;;;;
SA;139010015;Ii;Hiidenkangas;KM;25602;60;7263540;3433420;42;FALSE;FALSE;FALSE;FALSE;FALSE;FALSE;TRUE;FALSE;FALSE;FALSE;FALSE;Birch bark tar;Chewing pitch;;Purupihka;;FALSE;24;15;8;;;;ei n„hty
SA;973010028;Oulu;Latokangas;KM;25731;399;7220700;3461680;74;FALSE;FALSE;FALSE;TRUE;TRUE;FALSE;FALSE;FALSE;FALSE;FALSE;FALSE;Birch bark tar;Chewing pitch;;Purupihka;1;FALSE;;;;;;;0,6 g
SA;699010277;Rovaniemi;Piiritt„vaara;KM;26057;483;7381520;3444530;77;FALSE;FALSE;FALSE;FALSE;TRUE;FALSE;FALSE;FALSE;FALSE;FALSE;FALSE;Birch bark tar;Chewing pitch;;Purupihka;3;FALSE;12;13;12;;;;
SA;777010056;Suomussalmi;Mikons„rkk„;KM;26391;74;7236404;3614044;199;FALSE;TRUE;FALSE;FALSE;TRUE;TRUE;TRUE;TRUE;TRUE;TRUE;FALSE;Birch bark tar;Chewing pitch;;Purupihka;1;FALSE;;;;;;;
SA;768010018;Sulkava;Vilkaj„rvi 1;KM;26427;49;6856018;3575398;85;FALSE;FALSE;FALSE;FALSE;TRUE;FALSE;FALSE;FALSE;FALSE;FALSE;FALSE;Birch bark tar;Chewing pitch;;Purupihka;2;FALSE;;;;;;;2 kpl, luultavasti esineen varttamispaloja
SA;768010018;Sulkava;Vilkaj„rvi 1;KM;26427;142;6856018;3575398;85;FALSE;FALSE;FALSE;FALSE;TRUE;FALSE;FALSE;FALSE;FALSE;FALSE;FALSE;Birch bark tar;Chewing pitch;;Purupihka;1;FALSE;;;;;;;1 kpl
SA;768010018;Sulkava;Vilkaj„rvi 1;KM;26427;173;6856018;3575398;85;FALSE;FALSE;FALSE;FALSE;TRUE;FALSE;FALSE;FALSE;FALSE;FALSE;FALSE;Birch bark tar;Chewing pitch;;Purupihka;2;FALSE;;;;;;;1 kpl, ehk„ varttamispala
SA;422010024;Lieksa;Pokronlampi;KM;27122;157;7025126;3653282;96;FALSE;FALSE;FALSE;FALSE;TRUE;FALSE;FALSE;TRUE;FALSE;FALSE;FALSE;Birch bark tar;Chewing pitch;;Purupihka;1;FALSE;;;;;;;hampaanj„lki„?
SA;1000002408;Savonlinna;Kylm„niemi a;KM;27178;1113;6867384;3600157;80;FALSE;FALSE;FALSE;FALSE;TRUE;TRUE;FALSE;FALSE;FALSE;FALSE;TRUE;Birch bark tar;Chewing pitch;;Purupihka;1;FALSE;;;;;;;hampaanj„lki„
SA;577010024;Paimio;Toispuolojannummi;KM;27182;157;6716468;3263603;40,5;FALSE;FALSE;FALSE;TRUE;FALSE;FALSE;FALSE;FALSE;TRUE;FALSE;FALSE;Birch bark tar;Chewing pitch;;Purupihka;1;FALSE;;;;;;;
SA;410010020;Laukaa;Hartikka;KM;27183;27;6920630;3451900;92;FALSE;FALSE;FALSE;FALSE;TRUE;FALSE;FALSE;FALSE;FALSE;FALSE;FALSE;Birch bark tar;Chewing pitch;;Purupihka;1;FALSE;;;;;;;hampaanj„lki„
SA;410010020;Laukaa;Hartikka;KM;27183;120;6920630;3451900;92;FALSE;FALSE;FALSE;FALSE;TRUE;FALSE;FALSE;FALSE;FALSE;FALSE;FALSE;Birch bark tar;Chewing pitch;;Purupihka;1;FALSE;;;;;;;hampaanj„lki„
SA;148010013;Inari;Saamen museo / Vuopaja;KM;27205;1054;7647620;3500800;121;FALSE;TRUE;TRUE;TRUE;TRUE;TRUE;FALSE;TRUE;FALSE;FALSE;FALSE;Birch bark tar;Chewing pitch;;Purupihka;1;FALSE;;;;;;;
SA;148010013;Inari;Saamen museo / Vuopaja;KM;27205;1057;7647620;3500800;121;FALSE;TRUE;TRUE;TRUE;TRUE;TRUE;FALSE;TRUE;FALSE;FALSE;FALSE;Birch bark tar;Chewing pitch;;Purupihka;1;FALSE;;;;;;;
SA;148010013;Inari;Saamen museo / Vuopaja;KM;27205;1110;7647620;3500800;121;FALSE;TRUE;TRUE;TRUE;TRUE;TRUE;FALSE;TRUE;FALSE;FALSE;FALSE;Birch bark tar;Chewing pitch;;Purupihka;1;FALSE;;;;;;;
SA;309010002;Outokumpu;S„t”s;KM;27704;23;6959520;3607260;86;FALSE;FALSE;FALSE;TRUE;TRUE;TRUE;FALSE;FALSE;FALSE;FALSE;FALSE;Birch bark tar;Chewing pitch;;Purupihka;1;FALSE;;;;;;;
SA;309010002;Outokumpu;S„t”s;KM;27704;236;6959520;3607260;86;FALSE;FALSE;FALSE;TRUE;TRUE;TRUE;FALSE;FALSE;FALSE;FALSE;FALSE;Birch bark tar;Chewing pitch;;Purupihka;1;FALSE;;;;;;;
SA;309010002;Outokumpu;S„t”s;KM;27704;351;6959520;3607260;86;FALSE;FALSE;FALSE;TRUE;TRUE;TRUE;FALSE;FALSE;FALSE;FALSE;FALSE;Birch bark tar;Chewing pitch;;Purupihka;1;FALSE;;;;;;;
SA;309010002;Outokumpu;S„t”s;KM;27704;430;6959520;3607260;86;FALSE;FALSE;FALSE;TRUE;TRUE;TRUE;FALSE;FALSE;FALSE;FALSE;FALSE;Birch bark tar;Chewing pitch;;Purupihka;1;FALSE;;;;;;;
SA;422010026;Lieksa;Haasiinniemi;KM;27734;282;7005283;3651592;100;FALSE;FALSE;TRUE;TRUE;TRUE;FALSE;FALSE;FALSE;FALSE;FALSE;FALSE;Birch bark tar;Chewing pitch;;Purupihka;1;FALSE;;;;;;;6 kpl
SA;707010007;R„„kkyl„;P”rrinm”kki;KM;28013;13324;6901557;3651138;80;FALSE;FALSE;FALSE;FALSE;TRUE;FALSE;FALSE;FALSE;FALSE;FALSE;FALSE;Birch bark tar;Chewing pitch;;Purupihka;1;FALSE;36;25;17;;;;hampaanj„lki„
SA;422010026;Lieksa;Haasiinniemi;KM;28066;216;7005283;3651592;100;FALSE;FALSE;TRUE;TRUE;TRUE;FALSE;FALSE;FALSE;FALSE;FALSE;FALSE;Birch bark tar;Birch bark tar piece;;Koivutervaa;1;FALSE;35;20;10;;;;kolmionmuotoinen, nauhamaisia painanteita, ny”rityksen j„lki„, k„ytetty esineen varttamisessa
SA;309010002;Outokumpu;S„t”s;KM;28153;2603;6959520;3607260;86;FALSE;FALSE;FALSE;TRUE;TRUE;TRUE;FALSE;FALSE;FALSE;FALSE;FALSE;Birch bark tar;Chewing pitch;;Purupihka;1;FALSE;15;12;10;;;;hampaanj„ljet
SA;92010010;Vantaa;Sand†ker;KM;28203;971;6688673;3393159;23;FALSE;FALSE;FALSE;FALSE;TRUE;FALSE;FALSE;FALSE;FALSE;FALSE;FALSE;Birch bark tar;Chewing pitch;;Purupihka;1;FALSE;24;10;8;;;;
SA;148010013;Inari;Saamen museo / Vuopaja;KM;28365;578;7647620;3500800;121;FALSE;TRUE;TRUE;TRUE;TRUE;TRUE;FALSE;TRUE;FALSE;FALSE;FALSE;Birch bark tar;Chewing pitch;;Purupihka;1;FALSE;38;33;11;;;;
SA;148010013;Inari;Saamen museo / Vuopaja;KM;28365;579;7647620;3500800;121;FALSE;TRUE;TRUE;TRUE;TRUE;TRUE;FALSE;TRUE;FALSE;FALSE;FALSE;Birch bark tar;Chewing pitch;;Purupihka;1;FALSE;20;21;7;;;;
SA;148010013;Inari;Saamen museo / Vuopaja;KM;28365;580;7647620;3500800;121;FALSE;TRUE;TRUE;TRUE;TRUE;TRUE;FALSE;TRUE;FALSE;FALSE;FALSE;Birch bark tar;Chewing pitch;;Purupihka;1;FALSE;33;21;7;;;;
SA;601010049;Pihtipudas;Lylysaari 1;KM;28367;40;7024940;3431980;115;FALSE;FALSE;FALSE;FALSE;TRUE;TRUE;FALSE;TRUE;FALSE;FALSE;FALSE;Birch bark tar;Chewing pitch;;Purupihka;1;FALSE;31;13;9;;;;hampaanj„ljet
SA;309010002;Outokumpu;S„t”s;KM;28482;2243;6959520;3607260;86;FALSE;FALSE;FALSE;TRUE;TRUE;TRUE;FALSE;FALSE;FALSE;FALSE;FALSE;Birch bark tar;Chewing pitch;;Purupihka;1;FALSE;13;14;6;;;;Palassa on ilmeisesti hampaanj„lki„
SA;309010002;Outokumpu;S„t”s;KM;28482;3036;6959520;3607260;86;FALSE;FALSE;FALSE;TRUE;TRUE;TRUE;FALSE;FALSE;FALSE;FALSE;FALSE;Birch bark tar;Chewing pitch;;Purupihka;1;FALSE;;;;;;;
SA;832010037;Taivalkoski;Tervaniemi, Ahola;KM;28687;580;7276714;3592546;237,5;FALSE;TRUE;FALSE;FALSE;FALSE;FALSE;FALSE;FALSE;FALSE;FALSE;FALSE;Birch bark tar;Chewing pitch;;Purupihka;1;FALSE;28;14;10;;;;Palasta otettu ajoitusn„yte, hampaanj„lki„
SA;729010055;Saarij„rvi;Haikanniemi N;KM;28691;3;6951522;3415471;112;FALSE;FALSE;FALSE;TRUE;FALSE;FALSE;FALSE;FALSE;FALSE;FALSE;FALSE;Birch bark tar;Chewing pitch;;Purupihka;2;FALSE;14;12;5;;;;
SA;707010015;R„„kkyl„;Kivilampi;KM;28771;3;6905987;3646477;82;FALSE;FALSE;FALSE;TRUE;TRUE;FALSE;FALSE;FALSE;FALSE;FALSE;FALSE;Birch bark tar;Birch bark tar piece;;Koivutervaa;2;FALSE;;;;;;;mustaa pihkamaista ainetta
SA;707010016;R„„kkyl„;Mikins„rkk„;KM;28772;10;6905752;3646788;80;FALSE;FALSE;FALSE;TRUE;TRUE;TRUE;FALSE;FALSE;FALSE;FALSE;FALSE;Birch bark tar;Birch bark tar piece;;Koivutervaa;1;FALSE;;;;;;;pieni pala
SA;409010044;Kristiinankaupunki;Lappfj„rd-R„v†sen;KM;28863;1556;6915549;3226085;54;FALSE;FALSE;FALSE;FALSE;TRUE;TRUE;TRUE;FALSE;FALSE;FALSE;FALSE;Birch bark tar;Chewing pitch;;Purupihka;1;FALSE;;;;;;;
SA;832010037;Taivalkoski;Tervaniemi, Ahola;KM;28899;535;7276714;3592546;237,5;FALSE;TRUE;FALSE;FALSE;FALSE;FALSE;FALSE;FALSE;FALSE;FALSE;FALSE;Birch bark tar;Chewing pitch;;Purupihka;1;FALSE;;;;;;;pieni kappale
SA;972010043;Oulu;Kuuselankangas;KM;28943;1070;7252100;3450590;60;FALSE;FALSE;FALSE;FALSE;TRUE;FALSE;FALSE;FALSE;FALSE;FALSE;FALSE;Birch bark tar;Chewing pitch;;Purupihka;1;FALSE;20;8;5;;;;pieni n„ytepala otettu ajoitusta varten
SA;972010043;Oulu;Kuuselankangas;KM;28943;1418;7252100;3450590;60;FALSE;FALSE;FALSE;FALSE;TRUE;FALSE;FALSE;FALSE;FALSE;FALSE;FALSE;Birch bark tar;Chewing pitch;;Purupihka;1;FALSE;;;;;;;hampaanj„lki„, n„ytepala ajoitusta varten
SA;972010043;Oulu;Kuuselankangas;KM;28943;2027;7252100;3450590;60;FALSE;FALSE;FALSE;FALSE;TRUE;FALSE;FALSE;FALSE;FALSE;FALSE;FALSE;Birch bark tar;Chewing pitch;;Purupihka;1;FALSE;;;;;;;hampaanj„lki„, n„yte ajoitusta varten, 2 kpl
SA;601010049;Pihtipudas;Lylysaari 1;KM;28984;1;7024940;3431980;115;FALSE;FALSE;FALSE;FALSE;TRUE;TRUE;FALSE;TRUE;FALSE;FALSE;FALSE;Birch bark tar;Chewing pitch;;Purupihka;1;FALSE;;;;;;;3 kpl, hampaanj„lki„
SA;601010049;Pihtipudas;Lylysaari 1;KM;28984;4;7024940;3431980;115;FALSE;FALSE;FALSE;FALSE;TRUE;TRUE;FALSE;TRUE;FALSE;FALSE;FALSE;Birch bark tar;Chewing pitch;;Purupihka;1;FALSE;22;10;7;;;;2 kpl, hampaanj„lki„
SA;601010049;Pihtipudas;Lylysaari 1;KM;28984;24;7024940;3431980;115;FALSE;FALSE;FALSE;FALSE;TRUE;TRUE;FALSE;TRUE;FALSE;FALSE;FALSE;Birch bark tar;Chewing pitch;;Purupihka;1;FALSE;;;;;;;
SA;163010005;Kouvola;Pukkisaari;KM;29098;69;6784680;3478120;73;FALSE;FALSE;FALSE;FALSE;TRUE;TRUE;TRUE;TRUE;FALSE;FALSE;FALSE;Birch bark tar;Chewing pitch;;Purupihka;1;FALSE;;;;;;;hampaanj„ljet n„kyviss„
SA;163010005;Kouvola;Pukkisaari;KM;29098;80;6784680;3478120;73;FALSE;FALSE;FALSE;FALSE;TRUE;TRUE;TRUE;TRUE;FALSE;FALSE;FALSE;Birch bark tar;Chewing pitch;;Purupihka;1;FALSE;;;;;;;hampaanj„ljet n„kyviss„
SA;163010005;Kouvola;Pukkisaari;KM;29098;169;6784680;3478120;73;FALSE;FALSE;FALSE;FALSE;TRUE;TRUE;TRUE;TRUE;FALSE;FALSE;FALSE;Birch bark tar;Chewing pitch;;Purupihka;1;FALSE;;;;;;;
SA;163010005;Kouvola;Pukkisaari;KM;29098;197;6784680;3478120;73;FALSE;FALSE;FALSE;FALSE;TRUE;TRUE;TRUE;TRUE;FALSE;FALSE;FALSE;Birch bark tar;Chewing pitch;;Purupihka;1;FALSE;;;;;;;
SA;290010053;Kuhmo;Vasikkaniemi SW;KM;29136;2630;7112834;3598406;159;FALSE;FALSE;TRUE;FALSE;FALSE;FALSE;FALSE;TRUE;TRUE;TRUE;FALSE;Birch bark tar;Chewing pitch;;Purupihka;1;FALSE;;;;;;;hampaanj„lki„, deponoitu Kainuun museeon
SA;835010089;Raasepori;Timmerk„rr;KM;29155;300;6669958;3297823;32;FALSE;FALSE;FALSE;TRUE;FALSE;FALSE;FALSE;FALSE;FALSE;FALSE;FALSE;Birch bark tar;Chewing pitch;;Purupihka;1;FALSE;16;18;8;;;;hampaanj„lki„, deponoitu Tammisaaren museoon
SA;309010006;Outokumpu;Laavussuo;KM;29556;2243;6957657;3607870;85;FALSE;FALSE;FALSE;FALSE;TRUE;TRUE;FALSE;FALSE;FALSE;FALSE;FALSE;Birch bark tar;Chewing pitch;;Purupihka;1;FALSE;;;;;;;ei mittoja
SA;409010044;Kristiinankaupunki;Lappfj„rd-R„v†sen;KM;29610;449;6915549;3226085;54;FALSE;FALSE;FALSE;FALSE;TRUE;TRUE;TRUE;FALSE;FALSE;FALSE;FALSE;Birch bark tar;Chewing pitch;;Purupihka;1;FALSE;;;;;;;hampaanj„lki„
SA;707010007;R„„kkyl„;P”rrinm”kki;KM;29713;5470;6901557;3651138;80;FALSE;FALSE;FALSE;FALSE;TRUE;FALSE;FALSE;FALSE;FALSE;FALSE;FALSE;Birch bark tar;Chewing pitch;;Purupihka;1;FALSE;;;;;;;ei mittoja, hampaanj„lki„, Hela-151 4880 +/- 65 BP
SA;707010007;R„„kkyl„;P”rrinm”kki;KM;29713;5471;6901557;3651138;80;FALSE;FALSE;FALSE;FALSE;TRUE;FALSE;FALSE;FALSE;FALSE;FALSE;FALSE;Birch bark tar;Birch bark tar piece;;Koivutervaa;2;FALSE;;;;;;;
SA;707010007;R„„kkyl„;P”rrinm”kki;KM;29713;5477;6901557;3651138;80;FALSE;FALSE;FALSE;FALSE;TRUE;FALSE;FALSE;FALSE;FALSE;FALSE;FALSE;Birch bark tar;Chewing pitch;;Purupihka;1;FALSE;;;;;;;2 kpl, py”reit„ m„llej„
SA;707010007;R„„kkyl„;P”rrinm”kki;KM;29713;5478;6901557;3651138;80;FALSE;FALSE;FALSE;FALSE;TRUE;FALSE;FALSE;FALSE;FALSE;FALSE;FALSE;Birch bark tar;Birch bark tar piece;;Koivutervaa;2;FALSE;;;;;;;
SA;707010007;R„„kkyl„;P”rrinm”kki;KM;29713;5479;6901557;3651138;80;FALSE;FALSE;FALSE;FALSE;TRUE;FALSE;FALSE;FALSE;FALSE;FALSE;FALSE;Birch bark tar;Chewing pitch;;Purupihka;1;FALSE;;;;;;;py”re„ m„lli
SA;707010007;R„„kkyl„;P”rrinm”kki;KM;29713;5484;6901557;3651138;80;FALSE;FALSE;FALSE;FALSE;TRUE;FALSE;FALSE;FALSE;FALSE;FALSE;FALSE;Birch bark tar;Chewing pitch;;Purupihka;1;FALSE;;;;;;;py”re„hk” m„lli
SA;707010007;R„„kkyl„;P”rrinm”kki;KM;29713;5494;6901557;3651138;80;FALSE;FALSE;FALSE;FALSE;TRUE;FALSE;FALSE;FALSE;FALSE;FALSE;FALSE;Birch bark tar;Chewing pitch;;Purupihka;1;FALSE;;;;;;;2 kpl, heikkoja hampaanj„lki„
SA;707010007;R„„kkyl„;P”rrinm”kki;KM;29713;5495;6901557;3651138;80;FALSE;FALSE;FALSE;FALSE;TRUE;FALSE;FALSE;FALSE;FALSE;FALSE;FALSE;Birch bark tar;Birch bark tar piece;;Koivutervaa;2;FALSE;;;;;;;
SA;707010007;R„„kkyl„;P”rrinm”kki;KM;29713;7341;6901557;3651138;80;FALSE;FALSE;FALSE;FALSE;TRUE;FALSE;FALSE;FALSE;FALSE;FALSE;FALSE;Birch bark tar;Birch bark tar piece;;Koivutervaa;1;FALSE;;;;;;;
SA;91010004;Helsinki;Malminkartano K†rb”le folkskola;KM;29890;2266;6684221;3382324;23,5;FALSE;FALSE;FALSE;FALSE;TRUE;FALSE;FALSE;FALSE;FALSE;FALSE;FALSE;Birch bark tar;Birch bark tar piece;;Koivutervaa;2;FALSE;;;;;;;
SA;91010004;Helsinki;Malminkartano K†rb”le folkskola;KM;29890;2292;6684221;3382324;23,5;FALSE;FALSE;FALSE;FALSE;TRUE;FALSE;FALSE;FALSE;FALSE;FALSE;FALSE;Birch bark tar;Birch bark tar piece;;Koivutervaa;1;FALSE;;;;;;;
SA;91010004;Helsinki;Malminkartano K†rb”le folkskola;KM;29890;2370;6684221;3382324;23,5;FALSE;FALSE;FALSE;FALSE;TRUE;FALSE;FALSE;FALSE;FALSE;FALSE;FALSE;Birch bark tar;Birch bark tar piece;;Koivutervaa;1;FALSE;;;;;;;
SA;91010004;Helsinki;Malminkartano K†rb”le folkskola;KM;29890;2411;6684221;3382324;23,5;FALSE;FALSE;FALSE;FALSE;TRUE;FALSE;FALSE;FALSE;FALSE;FALSE;FALSE;Birch bark tar;Birch bark tar piece;;Koivutervaa;1;FALSE;;;;;;;
SA;91010004;Helsinki;Malminkartano K†rb”le folkskola;KM;29890;2422;6684221;3382324;23,5;FALSE;FALSE;FALSE;FALSE;TRUE;FALSE;FALSE;FALSE;FALSE;FALSE;FALSE;Birch bark tar;Birch bark tar piece;;Koivutervaa;1;FALSE;;;;;;;
SA;91010004;Helsinki;Malminkartano K†rb”le folkskola;KM;29890;2542;6684221;3382324;23,5;FALSE;FALSE;FALSE;FALSE;TRUE;FALSE;FALSE;FALSE;FALSE;FALSE;FALSE;Birch bark tar;Birch bark tar piece;;Koivutervaa;2;FALSE;;;;;;;
SA;91010004;Helsinki;Malminkartano K†rb”le folkskola;KM;29890;2581;6684221;3382324;23,5;FALSE;FALSE;FALSE;FALSE;TRUE;FALSE;FALSE;FALSE;FALSE;FALSE;FALSE;Birch bark tar;Birch bark tar piece;;Koivutervaa;2;FALSE;;;;;;;
SA;972010043;Oulu;Kuuselankangas;KM;29907;98;7252100;3450590;60;FALSE;FALSE;FALSE;FALSE;TRUE;FALSE;FALSE;FALSE;FALSE;FALSE;FALSE;Birch bark tar;Chewing pitch;;Purupihka;1;FALSE;;;;;;;hampaanj„lki„
SA;972010043;Oulu;Kuuselankangas;KM;29907;190;7252100;3450590;60;FALSE;FALSE;FALSE;FALSE;TRUE;FALSE;FALSE;FALSE;FALSE;FALSE;FALSE;Birch bark tar;Chewing pitch;;Purupihka;1;FALSE;;;;;;;hampaanj„lki„
SA;972010043;Oulu;Kuuselankangas;KM;29907;191;7252100;3450590;60;FALSE;FALSE;FALSE;FALSE;TRUE;FALSE;FALSE;FALSE;FALSE;FALSE;FALSE;Birch bark tar;Chewing pitch;;Purupihka;1;FALSE;;;;;;;
SA;972010043;Oulu;Kuuselankangas;KM;29907;756;7252100;3450590;60;FALSE;FALSE;FALSE;FALSE;TRUE;FALSE;FALSE;FALSE;FALSE;FALSE;FALSE;Birch bark tar;Chewing pitch;;Purupihka;1;FALSE;;;;;;;hampaanj„lki„
SA;972010043;Oulu;Kuuselankangas;KM;29907;783;7252100;3450590;60;FALSE;FALSE;FALSE;FALSE;TRUE;FALSE;FALSE;FALSE;FALSE;FALSE;FALSE;Birch bark tar;Chewing pitch;;Purupihka;1;FALSE;;;;;;;hampaanj„lki„
SA;972010043;Oulu;Kuuselankangas;KM;29907;1106;7252100;3450590;60;FALSE;FALSE;FALSE;FALSE;TRUE;FALSE;FALSE;FALSE;FALSE;FALSE;FALSE;Birch bark tar;Chewing pitch;;Purupihka;1;FALSE;;;;;;;hampaanj„lki„
SA;972010043;Oulu;Kuuselankangas;KM;29907;1159;7252100;3450590;60;FALSE;FALSE;FALSE;FALSE;TRUE;FALSE;FALSE;FALSE;FALSE;FALSE;FALSE;Birch bark tar;Chewing pitch;;Purupihka;1;FALSE;;;;;;;
SA;972010043;Oulu;Kuuselankangas;KM;29907;1160;7252100;3450590;60;FALSE;FALSE;FALSE;FALSE;TRUE;FALSE;FALSE;FALSE;FALSE;FALSE;FALSE;Birch bark tar;Chewing pitch;;Purupihka;1;FALSE;;;;;;;hampaanj„lki„
SA;972010043;Oulu;Kuuselankangas;KM;29907;1169;7252100;3450590;60;FALSE;FALSE;FALSE;FALSE;TRUE;FALSE;FALSE;FALSE;FALSE;FALSE;FALSE;Birch bark tar;Chewing pitch;;Purupihka;1;FALSE;;;;;;;hampaanj„lki„
SA;972010043;Oulu;Kuuselankangas;KM;29907;1184;7252100;3450590;60;FALSE;FALSE;FALSE;FALSE;TRUE;FALSE;FALSE;FALSE;FALSE;FALSE;FALSE;Birch bark tar;Chewing pitch;;Purupihka;1;FALSE;;;;;;;
SA;972010043;Oulu;Kuuselankangas;KM;29907;1680;7252100;3450590;60;FALSE;FALSE;FALSE;FALSE;TRUE;FALSE;FALSE;FALSE;FALSE;FALSE;FALSE;Birch bark tar;Chewing pitch;;Purupihka;1;FALSE;;;;;;;hampaanj„lki„
SA;972010043;Oulu;Kuuselankangas;KM;29907;1681;7252100;3450590;60;FALSE;FALSE;FALSE;FALSE;TRUE;FALSE;FALSE;FALSE;FALSE;FALSE;FALSE;Birch bark tar;Chewing pitch;;Purupihka;1;FALSE;;;;;;;hampaanj„lki„
SA;972010043;Oulu;Kuuselankangas;KM;29907;1802;7252100;3450590;60;FALSE;FALSE;FALSE;FALSE;TRUE;FALSE;FALSE;FALSE;FALSE;FALSE;FALSE;Birch bark tar;Chewing pitch;;Purupihka;1;FALSE;;;;;;;hampaanj„lki„
SA;410010041;Laukaa;Harjukangas D;KM;29911;9;6909310;3449500;95;FALSE;FALSE;FALSE;FALSE;TRUE;FALSE;FALSE;FALSE;FALSE;FALSE;FALSE;Birch bark tar;Chewing pitch;;Purupihka;1;FALSE;;;;;;;hampaanj„lki„
SA;92010043;Vantaa;Stenkulla;KM;29954;1171;6688737;3393380;20;FALSE;FALSE;FALSE;FALSE;TRUE;FALSE;FALSE;FALSE;FALSE;FALSE;FALSE;Birch bark tar;Chewing pitch;;Purupihka;1;FALSE;;;;;;;
SA;92010043;Vantaa;Stenkulla;KM;29954;2516;6688737;3393380;20;FALSE;FALSE;FALSE;FALSE;TRUE;FALSE;FALSE;FALSE;FALSE;FALSE;FALSE;Birch bark tar;Chewing pitch;;Purupihka;1;FALSE;;;;;;;ei mittoja, mahd. hampaanj„lki„
SA;92010043;Vantaa;Stenkulla;KM;29954;10679;6688737;3393380;20;FALSE;FALSE;FALSE;FALSE;TRUE;FALSE;FALSE;FALSE;FALSE;FALSE;FALSE;Birch bark tar;Birch bark tar piece;;Koivutervaa;1;FALSE;;;;;;;
SA;92010043;Vantaa;Stenkulla;KM;29954;10684;6688737;3393380;20;FALSE;FALSE;FALSE;FALSE;TRUE;FALSE;FALSE;FALSE;FALSE;FALSE;FALSE;Birch bark tar;Birch bark tar piece;;Koivutervaa;3;FALSE;;;;;;;kiilt„v„ musta pallo
SA;707010045;R„„kkyl„;Vihi 1;KM;30460;10021;6915236;3654169;80;FALSE;FALSE;FALSE;FALSE;TRUE;FALSE;FALSE;FALSE;FALSE;FALSE;FALSE;Birch bark tar;Chewing pitch;;Purupihka;1;FALSE;;;;;;;hampaanj„lki„, 2 kpl
SA;707010045;R„„kkyl„;Vihi 1;KM;30460;10044;6915236;3654169;80;FALSE;FALSE;FALSE;FALSE;TRUE;FALSE;FALSE;FALSE;FALSE;FALSE;FALSE;Birch bark tar;Chewing pitch;;Purupihka;1;FALSE;;;;;;;
SA;707010045;R„„kkyl„;Vihi 1;KM;30460;10134;6915236;3654169;80;FALSE;FALSE;FALSE;FALSE;TRUE;FALSE;FALSE;FALSE;FALSE;FALSE;FALSE;Birch bark tar;Chewing pitch;;Purupihka;1;FALSE;24;8;6;;;;hampaanj„lki„
SA;707010045;R„„kkyl„;Vihi 1;KM;30460;10198;6915236;3654169;80;FALSE;FALSE;FALSE;FALSE;TRUE;FALSE;FALSE;FALSE;FALSE;FALSE;FALSE;Birch bark tar;Chewing pitch;;Purupihka;1;FALSE;;;;;;;2 kpl
SA;707010045;R„„kkyl„;Vihi 1;KM;30460;10245;6915236;3654169;80;FALSE;FALSE;FALSE;FALSE;TRUE;FALSE;FALSE;FALSE;FALSE;FALSE;FALSE;Birch bark tar;Chewing pitch;;Purupihka;1;FALSE;31;12;7;;;;hampaanj„lki„
SA;707010045;R„„kkyl„;Vihi 1;KM;30460;10283;6915236;3654169;80;FALSE;FALSE;FALSE;FALSE;TRUE;FALSE;FALSE;FALSE;FALSE;FALSE;FALSE;Birch bark tar;Chewing pitch;;Purupihka;2;FALSE;;;;;;;
SA;707010045;R„„kkyl„;Vihi 1;KM;30460;10321;6915236;3654169;80;FALSE;FALSE;FALSE;FALSE;TRUE;FALSE;FALSE;FALSE;FALSE;FALSE;FALSE;Birch bark tar;Chewing pitch;;Purupihka;2;FALSE;;;;;;;
SA;707010045;R„„kkyl„;Vihi 1;KM;30460;10381;6915236;3654169;80;FALSE;FALSE;FALSE;FALSE;TRUE;FALSE;FALSE;FALSE;FALSE;FALSE;FALSE;Birch bark tar;Chewing pitch;;Purupihka;2;FALSE;;;;;;;
SA;707010045;R„„kkyl„;Vihi 1;KM;30460;10395;6915236;3654169;80;FALSE;FALSE;FALSE;FALSE;TRUE;FALSE;FALSE;FALSE;FALSE;FALSE;FALSE;Birch bark tar;Chewing pitch;;Purupihka;2;FALSE;;;;;;;
SA;973010046;Oulu;Veps„nkangas;KM;30561;204;7210650;3463460;79;FALSE;FALSE;FALSE;TRUE;FALSE;FALSE;FALSE;FALSE;FALSE;FALSE;FALSE;Birch bark tar;Chewing pitch;;Purupihka;1;FALSE;19;12;6;;;;hampaanj„lki„
SA;973010046;Oulu;Veps„nkangas;KM;30561;269;7210650;3463460;79;FALSE;FALSE;FALSE;TRUE;FALSE;FALSE;FALSE;FALSE;FALSE;FALSE;FALSE;Birch bark tar;Chewing pitch;;Purupihka;1;FALSE;33;11;7;;;;C14-ajoitettu, Hela-235: 6065 +/- 75 BP, hampaanj„lki„
SA;973010046;Oulu;Veps„nkangas;KM;30561;313;7210650;3463460;79;FALSE;FALSE;FALSE;TRUE;FALSE;FALSE;FALSE;FALSE;FALSE;FALSE;FALSE;Birch bark tar;Chewing pitch;;Purupihka;1;FALSE;40;17;12;;;;hampaanj„lki„
SA;973010046;Oulu;Veps„nkangas;KM;30561;314;7210650;3463460;79;FALSE;FALSE;FALSE;TRUE;FALSE;FALSE;FALSE;FALSE;FALSE;FALSE;FALSE;Birch bark tar;Chewing pitch;;Purupihka;1;FALSE;25;18;8;;;;litte„ pallo
SA;973010046;Oulu;Veps„nkangas;KM;30561;468;7210650;3463460;79;FALSE;FALSE;FALSE;TRUE;FALSE;FALSE;FALSE;FALSE;FALSE;FALSE;FALSE;Birch bark tar;Chewing pitch;;Purupihka;1;FALSE;44;20;14;;;;hampaanj„lki„
SA;409010044;Kristiinankaupunki;Lappfj„rd-R„v†sen;KM;30588;1043;6915549;3226085;54;FALSE;FALSE;FALSE;FALSE;TRUE;TRUE;TRUE;FALSE;FALSE;FALSE;FALSE;Birch bark tar;Chewing pitch;;Purupihka;1;FALSE;;;;;;;3 kpl
SA;49010012;Espoo;Bergdal;KM;30601;145;6679974;3366855;25;FALSE;FALSE;TRUE;FALSE;FALSE;FALSE;FALSE;FALSE;FALSE;TRUE;FALSE;Birch bark tar;Chewing pitch;;Purupihka;3;FALSE;;;;;;;
SA;972010043;Oulu;Kuuselankangas;KM;30665;449;7252100;3450590;60;FALSE;FALSE;FALSE;FALSE;TRUE;FALSE;FALSE;FALSE;FALSE;FALSE;FALSE;Birch bark tar;Chewing pitch;;Purupihka;2;FALSE;;;;21;20;12;
SA;972010043;Oulu;Kuuselankangas;KM;30665;533;7252100;3450590;60;FALSE;FALSE;FALSE;FALSE;TRUE;FALSE;FALSE;FALSE;FALSE;FALSE;FALSE;Birch bark tar;Chewing pitch;;Purupihka;2;FALSE;;;;;;;
SA;972010043;Oulu;Kuuselankangas;KM;30665;2185;7252100;3450590;60;FALSE;FALSE;FALSE;FALSE;TRUE;FALSE;FALSE;FALSE;FALSE;FALSE;FALSE;Birch bark tar;Chewing pitch;;Purupihka;2;FALSE;18;15;6;;;;
SA;972010043;Oulu;Kuuselankangas;KM;30665;2193;7252100;3450590;60;FALSE;FALSE;FALSE;FALSE;TRUE;FALSE;FALSE;FALSE;FALSE;FALSE;FALSE;Birch bark tar;Chewing pitch;;Purupihka;2;FALSE;22;12;6;;;;
SA;972010043;Oulu;Kuuselankangas;KM;30665;2456;7252100;3450590;60;FALSE;FALSE;FALSE;FALSE;TRUE;FALSE;FALSE;FALSE;FALSE;FALSE;FALSE;Birch bark tar;Chewing pitch;;Purupihka;2;FALSE;;;;;;;
SA;972010043;Oulu;Kuuselankangas;KM;30665;2457;7252100;3450590;60;FALSE;FALSE;FALSE;FALSE;TRUE;FALSE;FALSE;FALSE;FALSE;FALSE;FALSE;Birch bark tar;Chewing pitch;;Purupihka;2;FALSE;;;;;;;
SA;972010043;Oulu;Kuuselankangas;KM;30665;2852;7252100;3450590;60;FALSE;FALSE;FALSE;FALSE;TRUE;FALSE;FALSE;FALSE;FALSE;FALSE;FALSE;Birch bark tar;Chewing pitch;;Purupihka;2;FALSE;23;11;9;;;;
SA;972010043;Oulu;Kuuselankangas;KM;30665;2977;7252100;3450590;60;FALSE;FALSE;FALSE;FALSE;TRUE;FALSE;FALSE;FALSE;FALSE;FALSE;FALSE;Birch bark tar;Chewing pitch;;Purupihka;2;FALSE;22;12;6;;;;hampaanj„lki„, Oulun yliopistossa?
SA;972010043;Oulu;Kuuselankangas;KM;30665;3426;7252100;3450590;60;FALSE;FALSE;FALSE;FALSE;TRUE;FALSE;FALSE;FALSE;FALSE;FALSE;FALSE;Birch bark tar;Chewing pitch;;Purupihka;2;FALSE;;;;;;;2 palaa, Oulun yliopistossa?
SA;972010043;Oulu;Kuuselankangas;KM;30666;371;7252100;3450590;60;FALSE;FALSE;FALSE;FALSE;TRUE;FALSE;FALSE;FALSE;FALSE;FALSE;FALSE;Birch bark tar;Birch bark tar piece;;Koivutervaa;3;FALSE;;;;;;;2 kpl, Oulun yliopistossa?
SA;972010043;Oulu;Kuuselankangas;KM;30666;376;7252100;3450590;60;FALSE;FALSE;FALSE;FALSE;TRUE;FALSE;FALSE;FALSE;FALSE;FALSE;FALSE;Birch bark tar;Birch bark tar piece;;Koivutervaa;3;FALSE;;;;;;;
SA;972010043;Oulu;Kuuselankangas;KM;30666;637;7252100;3450590;60;FALSE;FALSE;FALSE;FALSE;TRUE;FALSE;FALSE;FALSE;FALSE;FALSE;FALSE;Birch bark tar;Chewing pitch;;Purupihka;1;FALSE;20;10;8;;;;
SA;972010043;Oulu;Kuuselankangas;KM;30666;804;7252100;3450590;60;FALSE;FALSE;FALSE;FALSE;TRUE;FALSE;FALSE;FALSE;FALSE;FALSE;FALSE;Birch bark tar;Chewing pitch;;Purupihka;1;FALSE;;;;;;;
SA;972010043;Oulu;Kuuselankangas;KM;30666;1613;7252100;3450590;60;FALSE;FALSE;FALSE;FALSE;TRUE;FALSE;FALSE;FALSE;FALSE;FALSE;FALSE;Birch bark tar;Chewing pitch;;Purupihka;1;FALSE;17;7;7;;;;
SA;972010043;Oulu;Kuuselankangas;KM;30666;2529;7252100;3450590;60;FALSE;FALSE;FALSE;FALSE;TRUE;FALSE;FALSE;FALSE;FALSE;FALSE;FALSE;Birch bark tar;Chewing pitch;;Purupihka;2;FALSE;;;;;;;
SA;972010043;Oulu;Kuuselankangas;KM;30666;2654;7252100;3450590;60;FALSE;FALSE;FALSE;FALSE;TRUE;FALSE;FALSE;FALSE;FALSE;FALSE;FALSE;Birch bark tar;Chewing pitch;;Purupihka;1;FALSE;21;10;4;;;;hampaanj„lki„, Oulun yliopistossa?
SA;972010043;Oulu;Kuuselankangas;KM;30667;342;7252100;3450590;60;FALSE;FALSE;FALSE;FALSE;TRUE;FALSE;FALSE;FALSE;FALSE;FALSE;FALSE;Birch bark tar;Chewing pitch;;Purupihka;1;FALSE;19;20;17;;;;hampaanj„lki„, Oulun yliopistossa?
SA;831010006;Taipalsaari;Vaateranta;KM;30887;816;6780780;3559700;79;FALSE;FALSE;FALSE;FALSE;TRUE;FALSE;FALSE;FALSE;FALSE;FALSE;FALSE;Birch bark tar;Chewing pitch;;Purupihka;1;FALSE;;;;;;;AMS-ajoitettu (lis„n„yte)
SA;831010006;Taipalsaari;Vaateranta;KM;30887;1572;6780780;3559700;79;FALSE;FALSE;FALSE;FALSE;TRUE;FALSE;FALSE;FALSE;FALSE;FALSE;FALSE;Birch bark tar;Chewing pitch;;Purupihka;1;FALSE;;;;;;;AMS-ajoitettu
SA;831010006;Taipalsaari;Vaateranta;KM;30887;1582;6780780;3559700;79;FALSE;FALSE;FALSE;FALSE;TRUE;FALSE;FALSE;FALSE;FALSE;FALSE;FALSE;Birch bark tar;Chewing pitch;;Purupihka;1;FALSE;;;;;;;folioon pakattu
SA;831010006;Taipalsaari;Vaateranta;KM;30887;1583;6780780;3559700;79;FALSE;FALSE;FALSE;FALSE;TRUE;FALSE;FALSE;FALSE;FALSE;FALSE;FALSE;Birch bark tar;Chewing pitch;;Purupihka;2;FALSE;;;;;;;folioon pakattu
SA;831010006;Taipalsaari;Vaateranta;KM;30887;1584;6780780;3559700;79;FALSE;FALSE;FALSE;FALSE;TRUE;FALSE;FALSE;FALSE;FALSE;FALSE;FALSE;Birch bark tar;Chewing pitch;;Purupihka;2;FALSE;;;;;;;folioon pakattu
SA;831010006;Taipalsaari;Vaateranta;KM;30887;1585;6780780;3559700;79;FALSE;FALSE;FALSE;FALSE;TRUE;FALSE;FALSE;FALSE;FALSE;FALSE;FALSE;Birch bark tar;Chewing pitch;;Purupihka;2;FALSE;;;;;;;folioon pakattu
SA;831010006;Taipalsaari;Vaateranta;KM;30887;1586;6780780;3559700;79;FALSE;FALSE;FALSE;FALSE;TRUE;FALSE;FALSE;FALSE;FALSE;FALSE;FALSE;Birch bark tar;Chewing pitch;;Purupihka;2;FALSE;;;;;;;folioon pakattu
SA;831010006;Taipalsaari;Vaateranta;KM;30887;1587;6780780;3559700;79;FALSE;FALSE;FALSE;FALSE;TRUE;FALSE;FALSE;FALSE;FALSE;FALSE;FALSE;Birch bark tar;Chewing pitch;;Purupihka;2;FALSE;;;;;;;folioon pakattu
SA;831010006;Taipalsaari;Vaateranta;KM;30887;1588;6780780;3559700;79;FALSE;FALSE;FALSE;FALSE;TRUE;FALSE;FALSE;FALSE;FALSE;FALSE;FALSE;Birch bark tar;Chewing pitch;;Purupihka;2;FALSE;;;;;;;folioon pakattu
SA;831010006;Taipalsaari;Vaateranta;KM;30887;1589;6780780;3559700;79;FALSE;FALSE;FALSE;FALSE;TRUE;FALSE;FALSE;FALSE;FALSE;FALSE;FALSE;Birch bark tar;Chewing pitch;;Purupihka;2;FALSE;;;;;;;folioon pakattu
SA;831010006;Taipalsaari;Vaateranta;KM;30887;1590;6780780;3559700;79;FALSE;FALSE;FALSE;FALSE;TRUE;FALSE;FALSE;FALSE;FALSE;FALSE;FALSE;Birch bark tar;Chewing pitch;;Purupihka;2;FALSE;;;;;;;folioon pakattu
SA;831010006;Taipalsaari;Vaateranta;KM;30887;1591;6780780;3559700;79;FALSE;FALSE;FALSE;FALSE;TRUE;FALSE;FALSE;FALSE;FALSE;FALSE;FALSE;Birch bark tar;Chewing pitch;;Purupihka;2;FALSE;;;;;;;folioon pakattu
SA;831010006;Taipalsaari;Vaateranta;KM;30887;1592;6780780;3559700;79;FALSE;FALSE;FALSE;FALSE;TRUE;FALSE;FALSE;FALSE;FALSE;FALSE;FALSE;Birch bark tar;Chewing pitch;;Purupihka;2;FALSE;;;;;;;folioon pakattu
SA;831010006;Taipalsaari;Vaateranta;KM;30887;1593;6780780;3559700;79;FALSE;FALSE;FALSE;FALSE;TRUE;FALSE;FALSE;FALSE;FALSE;FALSE;FALSE;Birch bark tar;Chewing pitch;;Purupihka;2;FALSE;;;;;;;folioon pakattu
SA;831010006;Taipalsaari;Vaateranta;KM;30887;1594;6780780;3559700;79;FALSE;FALSE;FALSE;FALSE;TRUE;FALSE;FALSE;FALSE;FALSE;FALSE;FALSE;Birch bark tar;Chewing pitch;;Purupihka;2;FALSE;;;;;;;folioon pakattu
SA;831010006;Taipalsaari;Vaateranta;KM;30887;1595;6780780;3559700;79;FALSE;FALSE;FALSE;FALSE;TRUE;FALSE;FALSE;FALSE;FALSE;FALSE;FALSE;Birch bark tar;Chewing pitch;;Purupihka;2;FALSE;;;;;;;folioon pakattu
SA;831010006;Taipalsaari;Vaateranta;KM;30887;1596;6780780;3559700;79;FALSE;FALSE;FALSE;FALSE;TRUE;FALSE;FALSE;FALSE;FALSE;FALSE;FALSE;Birch bark tar;Chewing pitch;;Purupihka;2;FALSE;;;;;;;folioon pakattu
SA;831010006;Taipalsaari;Vaateranta;KM;30887;1599;6780780;3559700;79;FALSE;FALSE;FALSE;FALSE;TRUE;FALSE;FALSE;FALSE;FALSE;FALSE;FALSE;Birch bark tar;Chewing pitch;;Purupihka;2;FALSE;;;;;;;folioon pakattu
SA;831010006;Taipalsaari;Vaateranta;KM;30887;1601;6780780;3559700;79;FALSE;FALSE;FALSE;FALSE;TRUE;FALSE;FALSE;FALSE;FALSE;FALSE;FALSE;Birch bark tar;Chewing pitch;;Purupihka;2;FALSE;;;;;;;folioon pakattu
SA;831010006;Taipalsaari;Vaateranta;KM;30887;1605;6780780;3559700;79;FALSE;FALSE;FALSE;FALSE;TRUE;FALSE;FALSE;FALSE;FALSE;FALSE;FALSE;Birch bark tar;Chewing pitch;;Purupihka;2;FALSE;;;;;;;folioon pakattu
SA;494010040;Muhos;Halosent”rm„;KM;30888;35;7200150;3442850;32,5;FALSE;FALSE;FALSE;FALSE;FALSE;FALSE;FALSE;TRUE;FALSE;FALSE;FALSE;Birch bark tar;Chewing pitch;;Purupihka;2;FALSE;;;;;;;2 kpl, Oulun yliopistossa?
SA;309010002;Outokumpu;S„t”s;KM;30892;87;6959520;3607260;86;FALSE;FALSE;FALSE;TRUE;TRUE;TRUE;FALSE;FALSE;FALSE;FALSE;FALSE;Birch bark tar;Chewing pitch;;Purupihka;1;FALSE;15;13;9;;;;pihkapallo
SA;309010002;Outokumpu;S„t”s;KM;30892;3260;6959520;3607260;86;FALSE;FALSE;FALSE;TRUE;TRUE;TRUE;FALSE;FALSE;FALSE;FALSE;FALSE;Birch bark tar;Chewing pitch;;Purupihka;2;FALSE;18;15;14;;;;
SA;601010012;Pihtipudas;Madeneva;KM;30978;220;7031680;3427980;115;FALSE;FALSE;FALSE;FALSE;TRUE;TRUE;FALSE;TRUE;TRUE;TRUE;FALSE;Birch bark tar;Chewing pitch;;Purupihka;1;FALSE;;;;;;;pallo
SA;972010038;Oulu;Purkajasuo, Korvala;KM;31020;411;7252860;3448740;52;FALSE;FALSE;FALSE;FALSE;TRUE;TRUE;FALSE;FALSE;FALSE;FALSE;FALSE;Birch bark tar;Chewing pitch;;Purupihka;1;FALSE;;;;;;;pallo
SA;972010038;Oulu;Purkajasuo, Korvala;KM;31020;1090;7252860;3448740;52;FALSE;FALSE;FALSE;FALSE;TRUE;TRUE;FALSE;FALSE;FALSE;FALSE;FALSE;Birch bark tar;Chewing pitch;;Purupihka;1;FALSE;25;10;9;;;;hampaanj„lki„
SA;973010046;Oulu;Veps„nkangas;KM;31036;128;7210650;3463460;79;FALSE;FALSE;FALSE;TRUE;FALSE;FALSE;FALSE;FALSE;FALSE;FALSE;FALSE;Birch bark tar;Chewing pitch;;Purupihka;1;FALSE;27;15;7;;;;hampaanj„lki„
SA;973010046;Oulu;Veps„nkangas;KM;31036;868;7210650;3463460;79;FALSE;FALSE;FALSE;TRUE;FALSE;FALSE;FALSE;FALSE;FALSE;FALSE;FALSE;Birch bark tar;Chewing pitch;;Purupihka;1;FALSE;;;;;;;AMS-ajoitettu, Hela-312, 5990 +/- 60
SA;972010028;Oulu;Kierikinkangas;KM;31072;450;7252080;3451210;60;FALSE;FALSE;FALSE;FALSE;TRUE;FALSE;FALSE;FALSE;FALSE;FALSE;FALSE;Birch bark tar;Birch bark tar piece;;Koivutervaa;1;FALSE;;;;;;;
SA;972010043;Oulu;Kuuselankangas;KM;31143;13;7252100;3450590;60;FALSE;FALSE;FALSE;FALSE;TRUE;FALSE;FALSE;FALSE;FALSE;FALSE;FALSE;Birch bark tar;Birch bark tar piece;;Koivutervaa;2;FALSE;18;15;3;;;;
SA;623010013;Puumala;K„rmelahti;KM;31376;2170;6820640;3557460;81;FALSE;FALSE;FALSE;FALSE;TRUE;FALSE;FALSE;FALSE;FALSE;FALSE;FALSE;Birch bark tar;Chewing pitch;;Purupihka;1;FALSE;;;;;;;
SA;623010013;Puumala;K„rmelahti;KM;31376;2172;6820640;3557460;81;FALSE;FALSE;FALSE;FALSE;TRUE;FALSE;FALSE;FALSE;FALSE;FALSE;FALSE;Birch bark tar;Chewing pitch;;Purupihka;1;FALSE;;;;;;;hampaanj„lki„, AMS-ajoitettu
SA;623010013;Puumala;K„rmelahti;KM;31376;2174;6820640;3557460;81;FALSE;FALSE;FALSE;FALSE;TRUE;FALSE;FALSE;FALSE;FALSE;FALSE;FALSE;Birch bark tar;Chewing pitch;;Purupihka;1;FALSE;;;;;;;
SA;623010013;Puumala;K„rmelahti;KM;31376;2175;6820640;3557460;81;FALSE;FALSE;FALSE;FALSE;TRUE;FALSE;FALSE;FALSE;FALSE;FALSE;FALSE;Birch bark tar;Chewing pitch;;Purupihka;1;FALSE;;;;;;;
SA;623010013;Puumala;K„rmelahti;KM;31376;2176;6820640;3557460;81;FALSE;FALSE;FALSE;FALSE;TRUE;FALSE;FALSE;FALSE;FALSE;FALSE;FALSE;Birch bark tar;Chewing pitch;;Purupihka;1;FALSE;;;;;;;hampaanj„lki„
SA;623010013;Puumala;K„rmelahti;KM;31376;2180;6820640;3557460;81;FALSE;FALSE;FALSE;FALSE;TRUE;FALSE;FALSE;FALSE;FALSE;FALSE;FALSE;Birch bark tar;Chewing pitch;;Purupihka;1;FALSE;;;;;;;hampaanj„lki„
SA;623010013;Puumala;K„rmelahti;KM;31376;2186;6820640;3557460;81;FALSE;FALSE;FALSE;FALSE;TRUE;FALSE;FALSE;FALSE;FALSE;FALSE;FALSE;Birch bark tar;Chewing pitch;;Purupihka;1;FALSE;;;;;;;AMS-ajoitettu
SA;831010006;Taipalsaari;Vaateranta;KM;31494;2378;6780780;3559700;79;FALSE;FALSE;FALSE;FALSE;TRUE;FALSE;FALSE;FALSE;FALSE;FALSE;FALSE;Birch bark tar;Chewing pitch;;Purupihka;2;FALSE;;;;;;;
SA;831010006;Taipalsaari;Vaateranta;KM;31494;2379;6780780;3559700;79;FALSE;FALSE;FALSE;FALSE;TRUE;FALSE;FALSE;FALSE;FALSE;FALSE;FALSE;Birch bark tar;Chewing pitch;;Purupihka;2;FALSE;;;;;;;
SA;831010006;Taipalsaari;Vaateranta;KM;31494;2380;6780780;3559700;79;FALSE;FALSE;FALSE;FALSE;TRUE;FALSE;FALSE;FALSE;FALSE;FALSE;FALSE;Birch bark tar;Chewing pitch;;Purupihka;2;FALSE;;;;;;;
SA;831010006;Taipalsaari;Vaateranta;KM;31494;2381;6780780;3559700;79;FALSE;FALSE;FALSE;FALSE;TRUE;FALSE;FALSE;FALSE;FALSE;FALSE;FALSE;Birch bark tar;Chewing pitch;;Purupihka;2;FALSE;;;;;;;
SA;831010006;Taipalsaari;Vaateranta;KM;31494;2382;6780780;3559700;79;FALSE;FALSE;FALSE;FALSE;TRUE;FALSE;FALSE;FALSE;FALSE;FALSE;FALSE;Birch bark tar;Chewing pitch;;Purupihka;2;FALSE;;;;;;;
SA;831010006;Taipalsaari;Vaateranta;KM;31494;2388;6780780;3559700;79;FALSE;FALSE;FALSE;FALSE;TRUE;FALSE;FALSE;FALSE;FALSE;FALSE;FALSE;Birch bark tar;Chewing pitch;;Purupihka;1;FALSE;;;;;;;hampaanj„lki„
SA;831010006;Taipalsaari;Vaateranta;KM;31494;2394;6780780;3559700;79;FALSE;FALSE;FALSE;FALSE;TRUE;FALSE;FALSE;FALSE;FALSE;FALSE;FALSE;Birch bark tar;Chewing pitch;;Purupihka;2;FALSE;;;;;;;
SA;831010006;Taipalsaari;Vaateranta;KM;31494;2395;6780780;3559700;79;FALSE;FALSE;FALSE;FALSE;TRUE;FALSE;FALSE;FALSE;FALSE;FALSE;FALSE;Birch bark tar;Chewing pitch;;Purupihka;2;FALSE;;;;;;;
SA;777010114;Suomussalmi;Kukkosaari;KM;31530;4;7201478;3592642;199;FALSE;FALSE;TRUE;TRUE;TRUE;TRUE;TRUE;TRUE;TRUE;TRUE;FALSE;Birch bark tar;Chewing pitch;;Purupihka;1;FALSE;19;9;9;;;;hampaanj„lki„
SA;246010105;Savonlinna;Martinniemi 1-5;KM;31691;1961;6884123;3629707;79;FALSE;FALSE;FALSE;FALSE;TRUE;TRUE;FALSE;FALSE;FALSE;FALSE;FALSE;Birch bark tar;Chewing pitch;;Purupihka;2;FALSE;;;;;;;
SA;246010105;Savonlinna;Martinniemi 1-5;KM;31691;2200;6884123;3629707;79;FALSE;FALSE;FALSE;FALSE;TRUE;TRUE;FALSE;FALSE;FALSE;FALSE;FALSE;Birch bark tar;Chewing pitch;;Purupihka;3;FALSE;;;;;;;
SA;972010028;Oulu;Kierikinkangas;KM;31829;3113;7252080;3451210;60;FALSE;FALSE;FALSE;FALSE;TRUE;FALSE;FALSE;FALSE;FALSE;FALSE;FALSE;Birch bark tar;Birch bark tar piece;;Koivutervaa;1;FALSE;;;;;;;
SA;972010038;Oulu;Purkajasuo, Korvala;KM;31835;300;7252860;3448740;52;FALSE;FALSE;FALSE;FALSE;TRUE;TRUE;FALSE;FALSE;FALSE;FALSE;FALSE;Birch bark tar;Chewing pitch;;Purupihka;1;FALSE;;;;;;;hampaanj„lki„
SA;494010040;Muhos;Halosent”rm„;KM;32048;1;7200150;3442850;32,5;FALSE;FALSE;FALSE;FALSE;FALSE;FALSE;FALSE;TRUE;FALSE;FALSE;FALSE;Birch bark tar;Chewing pitch;;Purupihka;1;FALSE;18;15;10;;;;
SA;972010038;Oulu;Purkajasuo, Korvala;KM;32134;1184;7252860;3448740;52;FALSE;FALSE;FALSE;FALSE;TRUE;TRUE;FALSE;FALSE;FALSE;FALSE;FALSE;Birch bark tar;Chewing pitch;;Purupihka;3;FALSE;;;;;;;
SA;494010073;Muhos;Pyh„koski 1;KM;32170;2;7195350;3455460;67,5;FALSE;FALSE;FALSE;FALSE;TRUE;FALSE;FALSE;FALSE;FALSE;FALSE;FALSE;Birch bark tar;Chewing pitch;;Purupihka;2;FALSE;11;18;4;;;;
SA;494010073;Muhos;Pyh„koski 1;KM;32170;3;7195350;3455460;67,5;FALSE;FALSE;FALSE;FALSE;TRUE;FALSE;FALSE;FALSE;FALSE;FALSE;FALSE;Birch bark tar;Chewing pitch;;Purupihka;2;FALSE;12;18;6;;;;
SA;494010073;Muhos;Pyh„koski 1;KM;32170;4;7195350;3455460;67,5;FALSE;FALSE;FALSE;FALSE;TRUE;FALSE;FALSE;FALSE;FALSE;FALSE;FALSE;Birch bark tar;Chewing pitch;;Purupihka;2;FALSE;11;13;5;;;;
SA;494010040;Muhos;Halosent”rm„;KM;32171;38;7200150;3442850;32,5;FALSE;FALSE;FALSE;FALSE;FALSE;FALSE;FALSE;TRUE;FALSE;FALSE;FALSE;Birch bark tar;Birch bark tar piece;;Koivutervaa;2;FALSE;;;;;;;
SA;494010040;Muhos;Halosent”rm„;KM;32171;50;7200150;3442850;32,5;FALSE;FALSE;FALSE;FALSE;FALSE;FALSE;FALSE;TRUE;FALSE;FALSE;FALSE;Birch bark tar;Chewing pitch;;Purupihka;2;FALSE;23;10;5;;;;
SA;494010040;Muhos;Halosent”rm„;KM;32171;50;7200150;3442850;32,5;FALSE;FALSE;FALSE;FALSE;FALSE;FALSE;FALSE;TRUE;FALSE;FALSE;FALSE;Birch bark tar;Chewing pitch;;Purupihka;2;FALSE;19;8;5;;;;
SA;305010201;Kuusamo;Kotaniemi E;KM;32178;24;7330826;3593704;263;FALSE;FALSE;FALSE;FALSE;TRUE;FALSE;FALSE;TRUE;FALSE;FALSE;FALSE;Birch bark tar;Chewing pitch;;Purupihka;1;FALSE;;;;;;;hampaanj„lki„
SA;601010010;Pihtipudas;Majakaarre 1/Kumpulainen;KM;32189;50;7031005;3426500;115;FALSE;FALSE;FALSE;FALSE;TRUE;TRUE;FALSE;FALSE;FALSE;FALSE;FALSE;Birch bark tar;Chewing pitch;;Purupihka;2;FALSE;;;;;;;yksi paloista on purupihkaa, muut jotain muuta
SA;754010011;Kouvola;Ankkapurha;KM;32191;1106;6732180;3490180;30;FALSE;FALSE;FALSE;TRUE;FALSE;FALSE;FALSE;FALSE;TRUE;FALSE;FALSE;Birch bark tar;Chewing pitch;;Purupihka;2;FALSE;;;;;;;3 kpl, hampaanj„lki„, deponoitu jonnekin
SA;972010043;Oulu;Kuuselankangas;KM;32220;37;7252100;3450590;60;FALSE;FALSE;FALSE;FALSE;TRUE;FALSE;FALSE;FALSE;FALSE;FALSE;FALSE;Birch bark tar;Chewing pitch;;Purupihka;1;FALSE;19;9;6;;;;pureskeltu m”ykky
SA;972010043;Oulu;Kuuselankangas;KM;32220;38;7252100;3450590;60;FALSE;FALSE;FALSE;FALSE;TRUE;FALSE;FALSE;FALSE;FALSE;FALSE;FALSE;Birch bark tar;Chewing pitch;;Purupihka;1;FALSE;22;15;7;;;;hampaanj„lki„
SA;972010043;Oulu;Kuuselankangas;KM;32220;39;7252100;3450590;60;FALSE;FALSE;FALSE;FALSE;TRUE;FALSE;FALSE;FALSE;FALSE;FALSE;FALSE;Birch bark tar;Chewing pitch;;Purupihka;1;FALSE;32;16;9;;;;hampaanj„lki„
SA;972010043;Oulu;Kuuselankangas;KM;32220;40;7252100;3450590;60;FALSE;FALSE;FALSE;FALSE;TRUE;FALSE;FALSE;FALSE;FALSE;FALSE;FALSE;Birch bark tar;Chewing pitch;;Purupihka;1;FALSE;14;11;6;;;;pureskeltu m”ykky
SA;972010043;Oulu;Kuuselankangas;KM;32220;41;7252100;3450590;60;FALSE;FALSE;FALSE;FALSE;TRUE;FALSE;FALSE;FALSE;FALSE;FALSE;FALSE;Birch bark tar;Chewing pitch;;Purupihka;1;FALSE;;;;;;;
SA;972010043;Oulu;Kuuselankangas;KM;32220;42;7252100;3450590;60;FALSE;FALSE;FALSE;FALSE;TRUE;FALSE;FALSE;FALSE;FALSE;FALSE;FALSE;Birch bark tar;Chewing pitch;;Purupihka;1;FALSE;17;15;14;;;;py”re„ pallo
SA;972010043;Oulu;Kuuselankangas;KM;32220;43;7252100;3450590;60;FALSE;FALSE;FALSE;FALSE;TRUE;FALSE;FALSE;FALSE;FALSE;FALSE;FALSE;Birch bark tar;Chewing pitch;;Purupihka;1;FALSE;13;9;3;;;;
SA;972010043;Oulu;Kuuselankangas;KM;32220;44;7252100;3450590;60;FALSE;FALSE;FALSE;FALSE;TRUE;FALSE;FALSE;FALSE;FALSE;FALSE;FALSE;Birch bark tar;Chewing pitch;;Purupihka;1;FALSE;19;13;11;;;;
SA;972010043;Oulu;Kuuselankangas;KM;32220;45;7252100;3450590;60;FALSE;FALSE;FALSE;FALSE;TRUE;FALSE;FALSE;FALSE;FALSE;FALSE;FALSE;Birch bark tar;Chewing pitch;;Purupihka;1;FALSE;11;6;3;;;;
SA;972010043;Oulu;Kuuselankangas;KM;32220;6798;7252100;3450590;60;FALSE;FALSE;FALSE;FALSE;TRUE;FALSE;FALSE;FALSE;FALSE;FALSE;FALSE;Birch bark tar;Chewing pitch;;Purupihka;1;FALSE;22;9;7;;;;hampaanj„lki„
SA;972010043;Oulu;Kuuselankangas;KM;32220;6799;7252100;3450590;60;FALSE;FALSE;FALSE;FALSE;TRUE;FALSE;FALSE;FALSE;FALSE;FALSE;FALSE;Birch bark tar;Chewing pitch;;Purupihka;1;FALSE;17;16;11;;;;hampaanj„lki„
SA;441010019;Luum„ki;Niitniemi;KM;32450;182;6755140;3541700;58;FALSE;FALSE;FALSE;TRUE;TRUE;FALSE;FALSE;FALSE;FALSE;FALSE;FALSE;Birch bark tar;Chewing pitch;;Purupihka;1;FALSE;;;;;;;hampaanj„lki„
SA;681010027;Rantasalmi;Rantakartano;KM;32469;98;6883980;3569980;88;FALSE;FALSE;FALSE;FALSE;TRUE;FALSE;FALSE;FALSE;FALSE;FALSE;FALSE;Birch bark tar;Chewing pitch;;Purupihka;1;FALSE;;;;;;;hampaanj„lki„, 2 kpl
SA;700010030;Ruokolahti;Karoniemi;KM;32470;1082;6804443;3580942;80;FALSE;FALSE;FALSE;FALSE;TRUE;FALSE;FALSE;FALSE;FALSE;FALSE;FALSE;Birch bark tar;Chewing pitch;;Purupihka;1;FALSE;;;;;;;hampaanj„lki„
SA;700010030;Ruokolahti;Karoniemi;KM;32470;1109;6804443;3580942;80;FALSE;FALSE;FALSE;FALSE;TRUE;FALSE;FALSE;FALSE;FALSE;FALSE;FALSE;Birch bark tar;Chewing pitch;;Purupihka;1;FALSE;;;;;;;hampaanj„lki„
SA;433010032;Loppi;Tev„nt”;KM;32623;29;6727553;3350277;107;FALSE;FALSE;TRUE;FALSE;FALSE;FALSE;FALSE;FALSE;FALSE;FALSE;FALSE;Birch bark tar;Chewing pitch;;Purupihka;3;FALSE;;;;;;;
SA;972010089;Oulu;Saarikoski;KM;32707;88;7259200;3448890;55;FALSE;FALSE;FALSE;FALSE;TRUE;FALSE;FALSE;FALSE;FALSE;FALSE;FALSE;Birch bark tar;Chewing pitch;;Purupihka;1;FALSE;15;8;6;;;;
SA;681010027;Rantasalmi;Rantakartano;KM;32718;599;6883980;3569980;88;FALSE;FALSE;FALSE;FALSE;TRUE;FALSE;FALSE;FALSE;FALSE;FALSE;FALSE;Birch bark tar;Chewing pitch;;Purupihka;1;FALSE;;;;;;;isommassa palassa hampaanj„ljet
SA;594010011;Pieks„m„ki;Marketanhiekka;KM;32719;43;6899800;3507980;112;FALSE;FALSE;FALSE;TRUE;TRUE;FALSE;FALSE;FALSE;FALSE;FALSE;FALSE;Birch bark tar;Chewing pitch;;Purupihka;3;FALSE;;;;;;;2 kpl
SA;729010062;Saarij„rvi;Summassaari Uimaranta;KM;32862;3809;6952633;3415043;110;FALSE;FALSE;TRUE;TRUE;TRUE;TRUE;FALSE;FALSE;FALSE;TRUE;FALSE;Birch bark tar;Chewing pitch;;Purupihka;1;FALSE;;;;;;;hampaanj„lki„
SA;729010062;Saarij„rvi;Summassaari Uimaranta;KM;32862;3813;6952633;3415043;110;FALSE;FALSE;TRUE;TRUE;TRUE;TRUE;FALSE;FALSE;FALSE;TRUE;FALSE;Birch bark tar;Chewing pitch;;Purupihka;1;FALSE;;;;;;;hampaanj„lki„
SA;729010062;Saarij„rvi;Summassaari Uimaranta;KM;33321;2306;6952633;3415043;110;FALSE;FALSE;TRUE;TRUE;TRUE;TRUE;FALSE;FALSE;FALSE;TRUE;FALSE;Birch bark tar;Chewing pitch;;Purupihka;1;FALSE;;;;;;;
SA;729010062;Saarij„rvi;Summassaari Uimaranta;KM;33321;2307;6952633;3415043;110;FALSE;FALSE;TRUE;TRUE;TRUE;TRUE;FALSE;FALSE;FALSE;TRUE;FALSE;Birch bark tar;Chewing pitch;;Purupihka;1;FALSE;;;;;;;
SA;729010062;Saarij„rvi;Summassaari Uimaranta;KM;33321;4263;6952633;3415043;110;FALSE;FALSE;TRUE;TRUE;TRUE;TRUE;FALSE;FALSE;FALSE;TRUE;FALSE;Birch bark tar;Chewing pitch;;Purupihka;1;FALSE;;;;;;;Hela-643, 1695+/-50 BP
SA;305010235;Kuusamo;Tatanginjoki W;KM;33630;10;7324965;3599690;260;FALSE;FALSE;FALSE;FALSE;TRUE;TRUE;FALSE;FALSE;FALSE;FALSE;FALSE;Birch bark tar;Chewing pitch;;Purupihka;1;FALSE;14;10;5;;;;
SA;171010004;Joroinen;Kanava;KM;33923;601;6898719;3544656;87;FALSE;FALSE;FALSE;FALSE;TRUE;FALSE;FALSE;FALSE;FALSE;FALSE;FALSE;Birch bark tar;Chewing pitch;;Purupihka;1;FALSE;;;;;;;hampaanj„lki„
SA;171010004;Joroinen;Kanava;KM;33923;889;6898719;3544656;87;FALSE;FALSE;FALSE;FALSE;TRUE;FALSE;FALSE;FALSE;FALSE;FALSE;FALSE;Birch bark tar;Chewing pitch;;Purupihka;1;FALSE;;;;;;;3 kpl, hampaanj„lki„
SA;171010004;Joroinen;Kanava;KM;33923;2096;6898719;3544656;87;FALSE;FALSE;FALSE;FALSE;TRUE;FALSE;FALSE;FALSE;FALSE;FALSE;FALSE;Birch bark tar;Chewing pitch;;Purupihka;1;FALSE;;;;;;;hampaanj„lki„
SA;171010004;Joroinen;Kanava;KM;33923;2242;6898719;3544656;87;FALSE;FALSE;FALSE;FALSE;TRUE;FALSE;FALSE;FALSE;FALSE;FALSE;FALSE;Birch bark tar;Chewing pitch;;Purupihka;1;FALSE;29;10;7;;;;hampaanj„lki„, C14-ajoitettavana
SA;171010004;Joroinen;Kanava;KM;33923;3114;6898719;3544656;87;FALSE;FALSE;FALSE;FALSE;TRUE;FALSE;FALSE;FALSE;FALSE;FALSE;FALSE;Birch bark tar;Chewing pitch;;Purupihka;1;FALSE;;;;;;;4 kpl
SA;171010004;Joroinen;Kanava;KM;33923;3658;6898719;3544656;87;FALSE;FALSE;FALSE;FALSE;TRUE;FALSE;FALSE;FALSE;FALSE;FALSE;FALSE;Birch bark tar;Chewing pitch;;Purupihka;1;FALSE;;;;;;;hampaanj„lki„
SA;171010004;Joroinen;Kanava;KM;33923;3866;6898719;3544656;87;FALSE;FALSE;FALSE;FALSE;TRUE;FALSE;FALSE;FALSE;FALSE;FALSE;FALSE;Birch bark tar;Birch bark tar piece;;Koivutervaa;1;FALSE;;;;;;;2  kpl
SA;171010004;Joroinen;Kanava;KM;33923;3913;6898719;3544656;87;FALSE;FALSE;FALSE;FALSE;TRUE;FALSE;FALSE;FALSE;FALSE;FALSE;FALSE;Birch bark tar;Chewing pitch;;Purupihka;1;FALSE;;;;;;;3 kpl, C14-ajoitus
SA;171010004;Joroinen;Kanava;KM;33923;3982;6898719;3544656;87;FALSE;FALSE;FALSE;FALSE;TRUE;FALSE;FALSE;FALSE;FALSE;FALSE;FALSE;Birch bark tar;Chewing pitch;;Purupihka;1;FALSE;;;;;;;
SA;171010004;Joroinen;Kanava;KM;33923;4456;6898719;3544656;87;FALSE;FALSE;FALSE;FALSE;TRUE;FALSE;FALSE;FALSE;FALSE;FALSE;FALSE;Birch bark tar;Chewing pitch;;Purupihka;1;FALSE;;;;;;;
SA;171010004;Joroinen;Kanava;KM;33923;4903;6898719;3544656;87;FALSE;FALSE;FALSE;FALSE;TRUE;FALSE;FALSE;FALSE;FALSE;FALSE;FALSE;Birch bark tar;Chewing pitch;;Purupihka;1;FALSE;;;;;;;
SA;171010004;Joroinen;Kanava;KM;33923;5267;6898719;3544656;87;FALSE;FALSE;FALSE;FALSE;TRUE;FALSE;FALSE;FALSE;FALSE;FALSE;FALSE;Birch bark tar;Chewing pitch;;Purupihka;1;FALSE;;;;;;;hampaanj„lki„?
SA;171010004;Joroinen;Kanava;KM;33923;6502;6898719;3544656;87;FALSE;FALSE;FALSE;FALSE;TRUE;FALSE;FALSE;FALSE;FALSE;FALSE;FALSE;Birch bark tar;Birch bark tar piece;;Koivutervaa;1;FALSE;;;;;;;4 kpl
SA;171010004;Joroinen;Kanava;KM;33923;6606;6898719;3544656;87;FALSE;FALSE;FALSE;FALSE;TRUE;FALSE;FALSE;FALSE;FALSE;FALSE;FALSE;Birch bark tar;Chewing pitch;;Purupihka;1;FALSE;20;16;7;;;;
SA;171010004;Joroinen;Kanava;KM;33923;6657;6898719;3544656;87;FALSE;FALSE;FALSE;FALSE;TRUE;FALSE;FALSE;FALSE;FALSE;FALSE;FALSE;Birch bark tar;Birch bark tar piece;;Koivutervaa;1;FALSE;;;;;;;
SA;171010004;Joroinen;Kanava;KM;33923;6727;6898719;3544656;87;FALSE;FALSE;FALSE;FALSE;TRUE;FALSE;FALSE;FALSE;FALSE;FALSE;FALSE;Birch bark tar;Chewing pitch;;Purupihka;1;FALSE;;;;;;;
SA;171010004;Joroinen;Kanava;KM;33923;6775;6898719;3544656;87;FALSE;FALSE;FALSE;FALSE;TRUE;FALSE;FALSE;FALSE;FALSE;FALSE;FALSE;Birch bark tar;Chewing pitch;;Purupihka;1;FALSE;12;8;5;;;;hampaanj„lki„
SA;171010004;Joroinen;Kanava;KM;33923;6929;6898719;3544656;87;FALSE;FALSE;FALSE;FALSE;TRUE;FALSE;FALSE;FALSE;FALSE;FALSE;FALSE;Birch bark tar;Chewing pitch;;Purupihka;1;FALSE;;;;;;;
SA;171010004;Joroinen;Kanava;KM;33923;7011;6898719;3544656;87;FALSE;FALSE;FALSE;FALSE;TRUE;FALSE;FALSE;FALSE;FALSE;FALSE;FALSE;Birch bark tar;Chewing pitch;;Purupihka;1;FALSE;;;;;;;hampaanj„lki„
SA;171010004;Joroinen;Kanava;KM;33923;7115;6898719;3544656;87;FALSE;FALSE;FALSE;FALSE;TRUE;FALSE;FALSE;FALSE;FALSE;FALSE;FALSE;Birch bark tar;Chewing pitch;;Purupihka;1;FALSE;;;;;;;hampaanj„lki„
SA;171010004;Joroinen;Kanava;KM;33923;7214;6898719;3544656;87;FALSE;FALSE;FALSE;FALSE;TRUE;FALSE;FALSE;FALSE;FALSE;FALSE;FALSE;Birch bark tar;Chewing pitch;;Purupihka;1;FALSE;;;;;;;hampaanj„lki„
SA;171010004;Joroinen;Kanava;KM;33923;7562;6898719;3544656;87;FALSE;FALSE;FALSE;FALSE;TRUE;FALSE;FALSE;FALSE;FALSE;FALSE;FALSE;Birch bark tar;Chewing pitch;;Purupihka;1;FALSE;;;;;;;
SA;601010003;Pihtipudas;Saparoniemi pohjoinen;KM;35090;15;7026550;3431880;115;FALSE;FALSE;FALSE;FALSE;TRUE;TRUE;FALSE;FALSE;FALSE;FALSE;FALSE;Birch bark tar;Chewing pitch;;Purupihka;1;FALSE;;;;;;;
SA;1000002233;Luum„ki;Reijonkangas;KM;35797;245;6753480;3541830;57,4;FALSE;FALSE;FALSE;TRUE;TRUE;TRUE;FALSE;TRUE;FALSE;FALSE;FALSE;Birch bark tar;Chewing pitch;;Purupihka;2;FALSE;;;;17;7;7;
SA;972010028;Oulu;Kierikinkangas;KM;36006;20;7252080;3451210;60;FALSE;FALSE;FALSE;FALSE;TRUE;FALSE;FALSE;FALSE;FALSE;FALSE;FALSE;Birch bark tar;Chewing pitch;;Purupihka;1;FALSE;22;15;3;;;;
SA;1000006640;Mikkeli;Pyttylahti;KM;36362;2;6884990;3504160;107;FALSE;FALSE;FALSE;FALSE;TRUE;TRUE;FALSE;FALSE;FALSE;FALSE;FALSE;Birch bark tar;Chewing pitch;;Purupihka;1;FALSE;;;;;;;hampaanj„lki„
SA;285010017;Kotka;Niskasuo;KM;36460;9604;6719600;3489100;20;FALSE;FALSE;FALSE;FALSE;TRUE;FALSE;FALSE;FALSE;FALSE;FALSE;FALSE;Birch bark tar;Chewing pitch;;Purupihka;1;FALSE;;;;;;;hampaanj„lki„
SA;972010028;Oulu;Kierikinkangas;KM;36666;618;7252080;3451210;60;FALSE;FALSE;FALSE;FALSE;TRUE;FALSE;FALSE;FALSE;FALSE;FALSE;FALSE;Birch bark tar;Chewing pitch;;Purupihka;2;FALSE;10;6;6;;;;
SA;164010018;Kurikka;M„nnikk” 2;KM;36806;2;6926234;3284610;117;FALSE;FALSE;FALSE;FALSE;TRUE;FALSE;FALSE;FALSE;FALSE;FALSE;FALSE;Birch bark tar;Birch bark tar piece;;Koivutervaa;1;FALSE;;;;;;;luultavasti keramiikan pinanasta irronnut pala
SA;1000007636;Raahe;Kauniinmets„nniitty 1;KM;36937;2864;7162170;3384570;62;FALSE;FALSE;FALSE;FALSE;TRUE;FALSE;FALSE;FALSE;FALSE;FALSE;FALSE;Birch bark tar;Chewing pitch;;Purupihka;1;FALSE;16;15;13;;;;hampaanj„lki„
SA;1000007636;Raahe;Kauniinmets„nniitty 1;KM;36937;2865;7162170;3384570;62;FALSE;FALSE;FALSE;FALSE;TRUE;FALSE;FALSE;FALSE;FALSE;FALSE;FALSE;Birch bark tar;Chewing pitch;;Purupihka;1;FALSE;;;;;;;hampaanj„lki„
SA;1000007636;Raahe;Kauniinmets„nniitty 1;KM;36937;2866;7162170;3384570;62;FALSE;FALSE;FALSE;FALSE;TRUE;FALSE;FALSE;FALSE;FALSE;FALSE;FALSE;Birch bark tar;Chewing pitch;;Purupihka;1;FALSE;;;;;;;hampaanj„lki„
SA;1000007636;Raahe;Kauniinmets„nniitty 1;KM;36937;2867;7162170;3384570;62;FALSE;FALSE;FALSE;FALSE;TRUE;FALSE;FALSE;FALSE;FALSE;FALSE;FALSE;Birch bark tar;Chewing pitch;;Purupihka;1;FALSE;;;;;;;hampaanj„lki„, C14-ajoitettu
SA;1000007636;Raahe;Kauniinmets„nniitty 1;KM;36937;2868;7162170;3384570;62;FALSE;FALSE;FALSE;FALSE;TRUE;FALSE;FALSE;FALSE;FALSE;FALSE;FALSE;Birch bark tar;Chewing pitch;;Purupihka;1;FALSE;;;;;;;
SA;1000007636;Raahe;Kauniinmets„nniitty 1;KM;36937;2870;7162170;3384570;62;FALSE;FALSE;FALSE;FALSE;TRUE;FALSE;FALSE;FALSE;FALSE;FALSE;FALSE;Birch bark tar;Hafting pitch;;Varttamispihka;1;FALSE;;;;;;;varttamispihkaa
SA;576010005;Padasjoki;Leirint„alue;KM;37251;212;6807471;3408806;85;FALSE;FALSE;FALSE;TRUE;TRUE;FALSE;FALSE;FALSE;FALSE;FALSE;FALSE;Birch bark tar;Chewing pitch;;Purupihka;1;FALSE;9;15;6;;;;useita pieni„ paloja, hajonnut
SA;576010005;Padasjoki;Leirint„alue;KM;37251;379;6807471;3408806;85;FALSE;FALSE;FALSE;TRUE;TRUE;FALSE;FALSE;FALSE;FALSE;FALSE;FALSE;Birch bark tar;Birch bark tar piece;;Koivutervaa;2;FALSE;20;10;4;;;;
SA;972010028;Oulu;Kierikinkangas;KM;37797;43;7252080;3451210;60;FALSE;FALSE;FALSE;FALSE;TRUE;FALSE;FALSE;FALSE;FALSE;FALSE;FALSE;Birch bark tar;Hafting pitch;;Varttamispihka;1;FALSE;;;;;;;varttamispihka?
SA;972010028;Oulu;Kierikinkangas;KM;37797;113;7252080;3451210;60;FALSE;FALSE;FALSE;FALSE;TRUE;FALSE;FALSE;FALSE;FALSE;FALSE;FALSE;Birch bark tar;Hafting pitch;;Varttamispihka;1;FALSE;;;;;;;varttamispihka?
SA;972010028;Oulu;Kierikinkangas;KM;37797;202;7252080;3451210;60;FALSE;FALSE;FALSE;FALSE;TRUE;FALSE;FALSE;FALSE;FALSE;FALSE;FALSE;Birch bark tar;Hafting pitch;;Varttamispihka;1;FALSE;;;;;;;varttamispihka?
SA;972010028;Oulu;Kierikinkangas;KM;37797;207;7252080;3451210;60;FALSE;FALSE;FALSE;FALSE;TRUE;FALSE;FALSE;FALSE;FALSE;FALSE;FALSE;Birch bark tar;Hafting pitch;;Varttamispihka;1;FALSE;;;;;;;varttamispihka?
SA;972010028;Oulu;Kierikinkangas;KM;37797;208;7252080;3451210;60;FALSE;FALSE;FALSE;FALSE;TRUE;FALSE;FALSE;FALSE;FALSE;FALSE;FALSE;Birch bark tar;Hafting pitch;;Varttamispihka;1;FALSE;;;;;;;varttamispihka?
SA;972010028;Oulu;Kierikinkangas;KM;37797;209;7252080;3451210;60;FALSE;FALSE;FALSE;FALSE;TRUE;FALSE;FALSE;FALSE;FALSE;FALSE;FALSE;Birch bark tar;Hafting pitch;;Varttamispihka;1;FALSE;;;;;;;varttamispihka?
SA;972010028;Oulu;Kierikinkangas;KM;37797;210;7252080;3451210;60;FALSE;FALSE;FALSE;FALSE;TRUE;FALSE;FALSE;FALSE;FALSE;FALSE;FALSE;Birch bark tar;Hafting pitch;;Varttamispihka;1;FALSE;;;;;;;varttamispihka?
SA;972010028;Oulu;Kierikinkangas;KM;37797;224;7252080;3451210;60;FALSE;FALSE;FALSE;FALSE;TRUE;FALSE;FALSE;FALSE;FALSE;FALSE;FALSE;Birch bark tar;Hafting pitch;;Varttamispihka;1;FALSE;;;;;;;varttamispihka?
SA;972010028;Oulu;Kierikinkangas;KM;37797;295;7252080;3451210;60;FALSE;FALSE;FALSE;FALSE;TRUE;FALSE;FALSE;FALSE;FALSE;FALSE;FALSE;Birch bark tar;Chewing pitch;;Purupihka;1;FALSE;;;;;;;hampaanj„lki„
SA;972010028;Oulu;Kierikinkangas;KM;37797;313;7252080;3451210;60;FALSE;FALSE;FALSE;FALSE;TRUE;FALSE;FALSE;FALSE;FALSE;FALSE;FALSE;Birch bark tar;Hafting pitch;;Varttamispihka;1;FALSE;;;;;;;varttamispihka?
SA;972010028;Oulu;Kierikinkangas;KM;37797;316;7252080;3451210;60;FALSE;FALSE;FALSE;FALSE;TRUE;FALSE;FALSE;FALSE;FALSE;FALSE;FALSE;Birch bark tar;Hafting pitch;;Varttamispihka;1;FALSE;;;;;;;varttamispihka?
SA;972010028;Oulu;Kierikinkangas;KM;37797;332;7252080;3451210;60;FALSE;FALSE;FALSE;FALSE;TRUE;FALSE;FALSE;FALSE;FALSE;FALSE;FALSE;Birch bark tar;Hafting pitch;;Varttamispihka;1;FALSE;;;;;;;varttamispihka?
SA;972010028;Oulu;Kierikinkangas;KM;37797;351;7252080;3451210;60;FALSE;FALSE;FALSE;FALSE;TRUE;FALSE;FALSE;FALSE;FALSE;FALSE;FALSE;Birch bark tar;Hafting pitch;;Varttamispihka;1;FALSE;;;;;;;varttamispihka?
SA;972010028;Oulu;Kierikinkangas;KM;37797;433;7252080;3451210;60;FALSE;FALSE;FALSE;FALSE;TRUE;FALSE;FALSE;FALSE;FALSE;FALSE;FALSE;Birch bark tar;Hafting pitch;;Varttamispihka;1;FALSE;;;;;;;varttamispihka?, hunajakennomainen kuvio
SA;972010028;Oulu;Kierikinkangas;KM;37797;463;7252080;3451210;60;FALSE;FALSE;FALSE;FALSE;TRUE;FALSE;FALSE;FALSE;FALSE;FALSE;FALSE;Birch bark tar;Hafting pitch;;Varttamispihka;1;FALSE;;;;;;;varttamispihka?
SA;972010028;Oulu;Kierikinkangas;KM;37797;557;7252080;3451210;60;FALSE;FALSE;FALSE;FALSE;TRUE;FALSE;FALSE;FALSE;FALSE;FALSE;FALSE;Birch bark tar;Hafting pitch;;Varttamispihka;1;FALSE;;;;;;;varttamispihka?
SA;972010028;Oulu;Kierikinkangas;KM;37797;672;7252080;3451210;60;FALSE;FALSE;FALSE;FALSE;TRUE;FALSE;FALSE;FALSE;FALSE;FALSE;FALSE;Birch bark tar;Hafting pitch;;Varttamispihka;1;FALSE;;;;;;;varttamispihka?
SA;972010028;Oulu;Kierikinkangas;KM;37797;718;7252080;3451210;60;FALSE;FALSE;FALSE;FALSE;TRUE;FALSE;FALSE;FALSE;FALSE;FALSE;FALSE;Birch bark tar;Chewing pitch;;Purupihka;1;FALSE;;;;;;;hampaanj„lki„
SA;831010006;Taipalsaari;Vaateranta;KM;37849;3117;6780780;3559700;79;FALSE;FALSE;FALSE;FALSE;TRUE;FALSE;FALSE;FALSE;FALSE;FALSE;FALSE;Birch bark tar;Birch bark tar piece;;Koivutervaa;2;FALSE;;;;;;;
SA;831010006;Taipalsaari;Vaateranta;KM;37849;3125;6780780;3559700;79;FALSE;FALSE;FALSE;FALSE;TRUE;FALSE;FALSE;FALSE;FALSE;FALSE;FALSE;Birch bark tar;Birch bark tar piece;;Koivutervaa;2;FALSE;;;;;;;
SA;831010006;Taipalsaari;Vaateranta;KM;37849;3126;6780780;3559700;79;FALSE;FALSE;FALSE;FALSE;TRUE;FALSE;FALSE;FALSE;FALSE;FALSE;FALSE;Birch bark tar;Birch bark tar piece;;Koivutervaa;2;FALSE;;;;;;;
SA;831010006;Taipalsaari;Vaateranta;KM;37849;3127;6780780;3559700;79;FALSE;FALSE;FALSE;FALSE;TRUE;FALSE;FALSE;FALSE;FALSE;FALSE;FALSE;Birch bark tar;Birch bark tar piece;;Koivutervaa;2;FALSE;;;;;;;
SA;831010006;Taipalsaari;Vaateranta;KM;37849;3138;6780780;3559700;79;FALSE;FALSE;FALSE;FALSE;TRUE;FALSE;FALSE;FALSE;FALSE;FALSE;FALSE;Birch bark tar;Birch bark tar piece;;Koivutervaa;2;FALSE;;;;;;;
SA;831010006;Taipalsaari;Vaateranta;KM;37849;3139;6780780;3559700;79;FALSE;FALSE;FALSE;FALSE;TRUE;FALSE;FALSE;FALSE;FALSE;FALSE;FALSE;Birch bark tar;Birch bark tar piece;;Koivutervaa;2;FALSE;;;;;;;
SA;831010006;Taipalsaari;Vaateranta;KM;37849;3140;6780780;3559700;79;FALSE;FALSE;FALSE;FALSE;TRUE;FALSE;FALSE;FALSE;FALSE;FALSE;FALSE;Birch bark tar;Birch bark tar piece;;Koivutervaa;2;FALSE;;;;;;;
SA;831010006;Taipalsaari;Vaateranta;KM;37849;3141;6780780;3559700;79;FALSE;FALSE;FALSE;FALSE;TRUE;FALSE;FALSE;FALSE;FALSE;FALSE;FALSE;Birch bark tar;Birch bark tar piece;;Koivutervaa;2;FALSE;;;;;;;
SA;831010006;Taipalsaari;Vaateranta;KM;37849;3142;6780780;3559700;79;FALSE;FALSE;FALSE;FALSE;TRUE;FALSE;FALSE;FALSE;FALSE;FALSE;FALSE;Birch bark tar;Birch bark tar piece;;Koivutervaa;2;FALSE;;;;;;;
SA;405010002;Lappeenranta;Etu- ja Taka-Muntero;KM;37988;215;6771350;3557020;80;FALSE;FALSE;FALSE;TRUE;TRUE;FALSE;FALSE;FALSE;FALSE;FALSE;FALSE;Birch bark tar;Birch bark tar piece;;Koivutervaa;2;FALSE;;;;;;;
SA;405010002;Lappeenranta;Etu- ja Taka-Muntero;KM;37988;216;6771350;3557020;80;FALSE;FALSE;FALSE;TRUE;TRUE;FALSE;FALSE;FALSE;FALSE;FALSE;FALSE;Birch bark tar;Birch bark tar piece;;Koivutervaa;2;FALSE;;;;;;;
SA;972010028;Oulu;Kierikinkangas;KM;38009;258;7252080;3451210;60;FALSE;FALSE;FALSE;FALSE;TRUE;FALSE;FALSE;FALSE;FALSE;FALSE;FALSE;Birch bark tar;Chewing pitch;;Purupihka;2;FALSE;11;9;8;;;;
SA;972010028;Oulu;Kierikinkangas;KM;38009;402;7252080;3451210;60;FALSE;FALSE;FALSE;FALSE;TRUE;FALSE;FALSE;FALSE;FALSE;FALSE;FALSE;Birch bark tar;Chewing pitch;;Purupihka;2;FALSE;18;12;9;;;;hampaanj„lki„, miss„?
SA;1000015670;Nakkila;Hepokorpi;KM;38092;;6820012;3233369;27;FALSE;FALSE;FALSE;FALSE;FALSE;FALSE;FALSE;TRUE;TRUE;FALSE;FALSE;Birch bark tar;Chewing pitch;;Purupihka;1;FALSE;;;;;;;hampaanj„lki„
SA;601010049;Pihtipudas;Lylysaari 1;KM;38145;15;7024940;3431980;115;FALSE;FALSE;FALSE;FALSE;TRUE;TRUE;FALSE;TRUE;FALSE;FALSE;FALSE;Birch bark tar;Chewing pitch;;Purupihka;1;FALSE;;;;;;;
SA;1000000787;Joensuu;Rahakangas 1;KM;38399;1611;6958945;3666165;115;TRUE;FALSE;FALSE;FALSE;FALSE;FALSE;FALSE;FALSE;FALSE;FALSE;FALSE;Birch bark tar;Chewing pitch;;Purupihka;1;FALSE;15;10;7;;;;hampaanj„lki„
SA;1000000782;Joensuu;Jokivarsi 1;KM;38400;8;6958120;3667185;112;TRUE;FALSE;FALSE;FALSE;FALSE;FALSE;FALSE;FALSE;FALSE;FALSE;FALSE;Birch bark tar;Birch bark tar piece;;Koivutervaa;1;FALSE;;;;;;;varttamistervaa 7 kpl
SA;972010028;Oulu;Kierikinkangas;KM;38874;386;7252080;3451210;60;FALSE;FALSE;FALSE;FALSE;TRUE;FALSE;FALSE;FALSE;FALSE;FALSE;FALSE;Birch bark tar;Chewing pitch;;Purupihka;1;FALSE;;;;20;16;12;
SA;972010028;Oulu;Kierikinkangas;KM;38874;387;7252080;3451210;60;FALSE;FALSE;FALSE;FALSE;TRUE;FALSE;FALSE;FALSE;FALSE;FALSE;FALSE;Birch bark tar;Chewing pitch;;Purupihka;1;FALSE;;;;17;14;5;
SA;972010028;Oulu;Kierikinkangas;KM;38874;434;7252080;3451210;60;FALSE;FALSE;FALSE;FALSE;TRUE;FALSE;FALSE;FALSE;FALSE;FALSE;FALSE;Birch bark tar;Chewing pitch;;Purupihka;1;FALSE;;;;16;16;8;
SA;972010028;Oulu;Kierikinkangas;KM;38874;465;7252080;3451210;60;FALSE;FALSE;FALSE;FALSE;TRUE;FALSE;FALSE;FALSE;FALSE;FALSE;FALSE;Birch bark tar;Chewing pitch;;Purupihka;1;FALSE;;;;15;11;6;
SA;972010028;Oulu;Kierikinkangas;KM;38874;550;7252080;3451210;60;FALSE;FALSE;FALSE;FALSE;TRUE;FALSE;FALSE;FALSE;FALSE;FALSE;FALSE;Birch bark tar;Chewing pitch;;Purupihka;1;FALSE;;;;23;12;2;2 kpl
SA;1000000782;Joensuu;Jokivarsi 1;KM;38981;1;6958120;3667185;112;TRUE;FALSE;FALSE;FALSE;FALSE;FALSE;FALSE;FALSE;FALSE;FALSE;FALSE;Birch bark tar;Birch bark tar piece;;Koivutervaa;1;FALSE;21;10;2;;;;
SA;1000000782;Joensuu;Jokivarsi 1;KM;38981;2;6958120;3667185;112;TRUE;FALSE;FALSE;FALSE;FALSE;FALSE;FALSE;FALSE;FALSE;FALSE;FALSE;Birch bark tar;Birch bark tar piece;;Koivutervaa;1;FALSE;17;12;2;;;;
SA;1000000782;Joensuu;Jokivarsi 1;KM;38981;1658;6958120;3667185;112;TRUE;FALSE;FALSE;FALSE;FALSE;FALSE;FALSE;FALSE;FALSE;FALSE;FALSE;Birch bark tar;Hafting pitch;;Varttamispihka;1;FALSE;;;;;;;
SA;1000000782;Joensuu;Jokivarsi 1;KM;38981;1659;6958120;3667185;112;TRUE;FALSE;FALSE;FALSE;FALSE;FALSE;FALSE;FALSE;FALSE;FALSE;FALSE;Birch bark tar;Hafting pitch;;Varttamispihka;1;FALSE;11;5;2;;;;
SA;1000000782;Joensuu;Jokivarsi 1;KM;38981;1660;6958120;3667185;112;TRUE;FALSE;FALSE;FALSE;FALSE;FALSE;FALSE;FALSE;FALSE;FALSE;FALSE;Birch bark tar;Hafting pitch;;Varttamispihka;1;FALSE;;;;;;;
SA;1000000782;Joensuu;Jokivarsi 1;KM;38981;1661;6958120;3667185;112;TRUE;FALSE;FALSE;FALSE;FALSE;FALSE;FALSE;FALSE;FALSE;FALSE;FALSE;Birch bark tar;Hafting pitch;;Varttamispihka;1;FALSE;;;;;;;
SA;1000000782;Joensuu;Jokivarsi 1;KM;38981;1662;6958120;3667185;112;TRUE;FALSE;FALSE;FALSE;FALSE;FALSE;FALSE;FALSE;FALSE;FALSE;FALSE;Birch bark tar;Birch bark tar piece;;Koivutervaa;1;FALSE;;;;;;;
SA;1000000782;Joensuu;Jokivarsi 1;KM;38981;1663;6958120;3667185;112;TRUE;FALSE;FALSE;FALSE;FALSE;FALSE;FALSE;FALSE;FALSE;FALSE;FALSE;Birch bark tar;Hafting pitch;;Varttamispihka;1;FALSE;;;;;;;
SA;1000000782;Joensuu;Jokivarsi 1;KM;38981;1664;6958120;3667185;112;TRUE;FALSE;FALSE;FALSE;FALSE;FALSE;FALSE;FALSE;FALSE;FALSE;FALSE;Birch bark tar;Hafting pitch;;Varttamispihka;1;FALSE;;;;;;;
SA;1000000782;Joensuu;Jokivarsi 1;KM;38981;1665;6958120;3667185;112;TRUE;FALSE;FALSE;FALSE;FALSE;FALSE;FALSE;FALSE;FALSE;FALSE;FALSE;Birch bark tar;Hafting pitch;;Varttamispihka;1;FALSE;;;;;;;
SA;1000000782;Joensuu;Jokivarsi 1;KM;38981;1666;6958120;3667185;112;TRUE;FALSE;FALSE;FALSE;FALSE;FALSE;FALSE;FALSE;FALSE;FALSE;FALSE;Birch bark tar;Hafting pitch;;Varttamispihka;1;FALSE;;;;;;;
SA;1000000782;Joensuu;Jokivarsi 1;KM;38981;1667;6958120;3667185;112;TRUE;FALSE;FALSE;FALSE;FALSE;FALSE;FALSE;FALSE;FALSE;FALSE;FALSE;Birch bark tar;Hafting pitch;;Varttamispihka;1;FALSE;;;;;;;
SA;1000000782;Joensuu;Jokivarsi 1;KM;38981;1668;6958120;3667185;112;TRUE;FALSE;FALSE;FALSE;FALSE;FALSE;FALSE;FALSE;FALSE;FALSE;FALSE;Birch bark tar;Hafting pitch;;Varttamispihka;1;FALSE;;;;;;;
SA;1000000782;Joensuu;Jokivarsi 1;KM;38981;1669;6958120;3667185;112;TRUE;FALSE;FALSE;FALSE;FALSE;FALSE;FALSE;FALSE;FALSE;FALSE;FALSE;Birch bark tar;Hafting pitch;;Varttamispihka;1;FALSE;;;;;;;
SA;1000000782;Joensuu;Jokivarsi 1;KM;38981;1670;6958120;3667185;112;TRUE;FALSE;FALSE;FALSE;FALSE;FALSE;FALSE;FALSE;FALSE;FALSE;FALSE;Birch bark tar;Hafting pitch;;Varttamispihka;1;FALSE;;;;;;;
SA;1000000782;Joensuu;Jokivarsi 1;KM;38981;1671;6958120;3667185;112;TRUE;FALSE;FALSE;FALSE;FALSE;FALSE;FALSE;FALSE;FALSE;FALSE;FALSE;Birch bark tar;Hafting pitch;;Varttamispihka;1;FALSE;;;;;;;
SA;1000000782;Joensuu;Jokivarsi 1;KM;38981;1672;6958120;3667185;112;TRUE;FALSE;FALSE;FALSE;FALSE;FALSE;FALSE;FALSE;FALSE;FALSE;FALSE;Birch bark tar;Hafting pitch;;Varttamispihka;1;FALSE;;;;;;;
SA;1000000782;Joensuu;Jokivarsi 1;KM;38981;1673;6958120;3667185;112;TRUE;FALSE;FALSE;FALSE;FALSE;FALSE;FALSE;FALSE;FALSE;FALSE;FALSE;Birch bark tar;Hafting pitch;;Varttamispihka;1;FALSE;;;;;;;
SA;1000000782;Joensuu;Jokivarsi 1;KM;38981;1674;6958120;3667185;112;TRUE;FALSE;FALSE;FALSE;FALSE;FALSE;FALSE;FALSE;FALSE;FALSE;FALSE;Birch bark tar;Hafting pitch;;Varttamispihka;1;FALSE;;;;;;;
SA;1000000782;Joensuu;Jokivarsi 1;KM;38981;1675;6958120;3667185;112;TRUE;FALSE;FALSE;FALSE;FALSE;FALSE;FALSE;FALSE;FALSE;FALSE;FALSE;Birch bark tar;Hafting pitch;;Varttamispihka;1;FALSE;;;;;;;
SA;1000000782;Joensuu;Jokivarsi 1;KM;38981;1676;6958120;3667185;112;TRUE;FALSE;FALSE;FALSE;FALSE;FALSE;FALSE;FALSE;FALSE;FALSE;FALSE;Birch bark tar;Hafting pitch;;Varttamispihka;1;FALSE;;;;;;;
SA;1000000782;Joensuu;Jokivarsi 1;KM;38981;1677;6958120;3667185;112;TRUE;FALSE;FALSE;FALSE;FALSE;FALSE;FALSE;FALSE;FALSE;FALSE;FALSE;Birch bark tar;Birch bark tar piece;;Koivutervaa;1;FALSE;;;;;;;
SA;1000000782;Joensuu;Jokivarsi 1;KM;38981;1678;6958120;3667185;112;TRUE;FALSE;FALSE;FALSE;FALSE;FALSE;FALSE;FALSE;FALSE;FALSE;FALSE;Birch bark tar;Hafting pitch;;Varttamispihka;1;FALSE;;;;;;;
SA;1000000782;Joensuu;Jokivarsi 1;KM;38981;1679;6958120;3667185;112;TRUE;FALSE;FALSE;FALSE;FALSE;FALSE;FALSE;FALSE;FALSE;FALSE;FALSE;Birch bark tar;Hafting pitch;;Varttamispihka;1;FALSE;;;;;;;
SA;1000000782;Joensuu;Jokivarsi 1;KM;38981;1680;6958120;3667185;112;TRUE;FALSE;FALSE;FALSE;FALSE;FALSE;FALSE;FALSE;FALSE;FALSE;FALSE;Birch bark tar;Hafting pitch;;Varttamispihka;1;FALSE;;;;;;;
SA;1000000782;Joensuu;Jokivarsi 1;KM;38981;1681;6958120;3667185;112;TRUE;FALSE;FALSE;FALSE;FALSE;FALSE;FALSE;FALSE;FALSE;FALSE;FALSE;Birch bark tar;Hafting pitch;;Varttamispihka;1;FALSE;;;;;;;
SA;1000000782;Joensuu;Jokivarsi 1;KM;38981;1682;6958120;3667185;112;TRUE;FALSE;FALSE;FALSE;FALSE;FALSE;FALSE;FALSE;FALSE;FALSE;FALSE;Birch bark tar;Hafting pitch;;Varttamispihka;1;FALSE;;;;;;;
SA;1000000782;Joensuu;Jokivarsi 1;KM;38981;1683;6958120;3667185;112;TRUE;FALSE;FALSE;FALSE;FALSE;FALSE;FALSE;FALSE;FALSE;FALSE;FALSE;Birch bark tar;Hafting pitch;;Varttamispihka;1;FALSE;;;;;;;
SA;1000000782;Joensuu;Jokivarsi 1;KM;38981;1684;6958120;3667185;112;TRUE;FALSE;FALSE;FALSE;FALSE;FALSE;FALSE;FALSE;FALSE;FALSE;FALSE;Birch bark tar;Hafting pitch;;Varttamispihka;1;FALSE;;;;;;;
SA;79010025;Harjavalta;Lyytik„nharju;SatM;18823;;6809597;3239454;35;FALSE;FALSE;FALSE;FALSE;FALSE;TRUE;TRUE;FALSE;FALSE;FALSE;FALSE;Birch bark tar;Birch bark tar piece;;Koivutervaa;0;FALSE;19;13;8;0;0;0;
SA;Sa 21.11;Saltvik;;M;649;205;6712455;3113557;;FALSE;FALSE;FALSE;FALSE;FALSE;FALSE;TRUE;FALSE;TRUE;TRUE;FALSE;Birch bark tar;Chewing pitch;;Purupihka;1;FALSE;;;;20;12;10;
SA;Sa 21.11;Saltvik;;M;649;223;6712455;3113557;;FALSE;FALSE;FALSE;FALSE;FALSE;FALSE;TRUE;FALSE;TRUE;TRUE;FALSE;Birch bark tar;Chewing pitch;;Purupihka;1;FALSE;;;;17;17;10;
