Phase;Site id;Municipality;Site name;p;i;z;Collection;Main number;Subnumber;m1;m2;m3;n1;n2;n3;n4;p1;p2;r1;r2;Category;Type;Subtype;Subtype (Finnish);Other notes (Finnish)
SA;609010021;Pori;L„hdepuro;6826785;3217872;10;Hal;320;;FALSE;FALSE;FALSE;FALSE;FALSE;FALSE;TRUE;FALSE;FALSE;FALSE;FALSE;Wooden artefacts;Fishing implement;Bark float;Kaarnakoho;
SA;uusi 4622;Saarij„rvi;H„nnil„;6952955;3404105;;KM;7063;;FALSE;FALSE;FALSE;FALSE;FALSE;FALSE;FALSE;FALSE;FALSE;FALSE;FALSE;Wooden artefacts;Sledge runner;Sledge runner;Reenjalas;
SA;1000003733;Kirkkonummi;S†g„ngen;6682218;3361506;;KM;7691;14;FALSE;FALSE;FALSE;FALSE;FALSE;FALSE;FALSE;FALSE;FALSE;FALSE;FALSE;Wooden artefacts;Branch;Branch;Oksa;
SA;211010017;Kangasala;Kuohenmaa;6808849;3343569;85;KM;7965;6;FALSE;FALSE;FALSE;FALSE;FALSE;FALSE;FALSE;FALSE;FALSE;FALSE;FALSE;Wooden artefacts;Fishing implement;Net sinker with birch bark binding;Verkonkives, tuohipunos;
SA;211010017;Kangasala;Kuohenmaa;6808849;3343569;85;KM;7965;9;FALSE;FALSE;FALSE;FALSE;FALSE;FALSE;FALSE;FALSE;FALSE;FALSE;FALSE;Wooden artefacts;Fishing implement;Net sinker with a hoop;Verkonkives, vanne;
SA;211010017;Kangasala;Kuohenmaa;6808849;3343569;85;KM;7965;10;FALSE;FALSE;FALSE;FALSE;FALSE;FALSE;FALSE;FALSE;FALSE;FALSE;FALSE;Wooden artefacts;Fishing implement;Net sinker with birch bark binding;Verkonkives, tuohipunos;
SA;1000016691;Kuopio;Hovi;6986460;3542900;87,5;KM;8554;;FALSE;FALSE;FALSE;FALSE;FALSE;FALSE;FALSE;FALSE;FALSE;FALSE;FALSE;Wooden artefacts;Ski;Ski;Suksi;
SA;1000004481;Lieksa;Paavola 1;7046580;3635420;116;KM;9003;;FALSE;FALSE;FALSE;FALSE;FALSE;FALSE;FALSE;FALSE;FALSE;FALSE;FALSE;Wooden artefacts;Wooden spoon;Wooden spoon;Puulusikka;sorsalusikka
SA;249040021;Keuruu;Suolahti Suojoki;6914582;3379634;106;KM;9421;1;FALSE;FALSE;FALSE;FALSE;FALSE;FALSE;FALSE;FALSE;FALSE;FALSE;TRUE;Wooden artefacts;Birch bark sheet;Birch bark sheet;Tuohilevy;
SA;249040021;Keuruu;Suolahti Suojoki;6914582;3379634;106;KM;9421;2;FALSE;FALSE;FALSE;FALSE;FALSE;FALSE;FALSE;FALSE;FALSE;FALSE;TRUE;Wooden artefacts;Birch bark sheet;Birch bark sheet;Tuohilevy;
SA;249040021;Keuruu;Suolahti Suojoki;6914582;3379634;106;KM;9421;3;FALSE;FALSE;FALSE;FALSE;FALSE;FALSE;FALSE;FALSE;FALSE;FALSE;TRUE;Wooden artefacts;Birch bark sheet;Birch bark sheet;Tuohilevy;
SA;249040021;Keuruu;Suolahti Suojoki;6914582;3379634;106;KM;9421;4;FALSE;FALSE;FALSE;FALSE;FALSE;FALSE;FALSE;FALSE;FALSE;FALSE;TRUE;Wooden artefacts;Birch bark sheet;Birch bark sheet;Tuohilevy;
SA;249040021;Keuruu;Suolahti Suojoki;6914582;3379634;106;KM;9421;5;FALSE;FALSE;FALSE;FALSE;FALSE;FALSE;FALSE;FALSE;FALSE;FALSE;TRUE;Wooden artefacts;Birch bark sheet;Birch bark sheet;Tuohilevy;
SA;uusi 3858;Padasjoki;;6806000;3408014;;KM;9716;;FALSE;FALSE;FALSE;FALSE;FALSE;FALSE;FALSE;FALSE;FALSE;FALSE;FALSE;Wooden artefacts;Punt;Punt;Ruuhi;
SA;1000034812;Heinola;Viikin„inen;6799600;3455200;;KM;9882;;FALSE;TRUE;FALSE;FALSE;FALSE;FALSE;FALSE;FALSE;FALSE;FALSE;FALSE;Wooden artefacts;Sledge runner;Sledge runner;Reenjalas;
SA;1000016013;Kemij„rvi;Pet„j„aapa;7369500;3524700;320;KM;9908;1;FALSE;FALSE;FALSE;FALSE;FALSE;FALSE;FALSE;FALSE;FALSE;FALSE;TRUE;Wooden artefacts;Ski;Ski;Suksi;
SA;uusi 2683;Kauniainen;;6680687;3374214;;KM;10034;;FALSE;FALSE;FALSE;FALSE;FALSE;FALSE;FALSE;FALSE;FALSE;FALSE;FALSE;Wooden artefacts;Wooden artefact fragment;Wooden artefact fragment;Puuesineen katkelma;veistetty kanto
SA;1000004945;Laitila;Heikkil„;6753720;3220670;15;KM;10125;2;FALSE;FALSE;FALSE;FALSE;TRUE;TRUE;TRUE;FALSE;FALSE;FALSE;FALSE;Wooden artefacts;Paddle;Paddle;Mela;
SA;uusi 2761;Kittil„;;7503879;3420895;;KM;10179;;FALSE;FALSE;FALSE;FALSE;FALSE;FALSE;FALSE;FALSE;FALSE;FALSE;FALSE;Wooden artefacts;Wooden spoon;Wooden spoon;Puulusikka;hirvenp„„lusikka
SA;uusi 2820;Viitasaari;L”yt„n„;7020490;3434836;;KM;10268;;FALSE;FALSE;FALSE;FALSE;FALSE;FALSE;FALSE;FALSE;FALSE;FALSE;FALSE;Wooden artefacts;Fishing implement;Net sinker with birch bark binding;Verkonkives, tuohipunos;
SA;844010003;Tervo;Hiidenmaa;6972480;3484040;105;KM;10302;1;FALSE;FALSE;FALSE;TRUE;TRUE;TRUE;TRUE;FALSE;FALSE;FALSE;FALSE;Wooden artefacts;Fishing implement;Net sinker with birch bark binding;Verkonkives, tuohipunos;
SA;844010003;Tervo;Hiidenmaa;6972480;3484040;105;KM;10302;3;FALSE;FALSE;FALSE;TRUE;TRUE;TRUE;TRUE;FALSE;FALSE;FALSE;FALSE;Wooden artefacts;Fishing implement;Bark float;Kaarnakoho;
SA;uusi 2847;Oulu;;7212947;3432428;;KM;10310;3;FALSE;FALSE;FALSE;FALSE;FALSE;FALSE;FALSE;FALSE;FALSE;FALSE;FALSE;Wooden artefacts;Branch;Branch;Oksa;
SA;944010063;V”yri;Istankangas;7007895;3273892;42;KM;10447;2;FALSE;FALSE;FALSE;FALSE;FALSE;FALSE;FALSE;FALSE;FALSE;FALSE;FALSE;Wooden artefacts;Wooden artefact fragment;Wooden artefact fragment;Puuesineen katkelma;puukoukku
SA;18010071;Askola;Honkaniemi;6713500;3432440;20;KM;10459;;FALSE;FALSE;FALSE;FALSE;TRUE;FALSE;FALSE;FALSE;FALSE;FALSE;FALSE;Wooden artefacts;Wooden artefact fragment;Wooden artefact fragment;Puuesineen katkelma;laudan katkelma
SA;1000006877;Tammela;Kaksvetinen;6736281;3329184;117;KM;10544;;FALSE;FALSE;FALSE;FALSE;FALSE;FALSE;FALSE;FALSE;FALSE;FALSE;FALSE;Wooden artefacts;Punt;Punt;Ruuhi;
SA;535010001;Nivala;Salmensuu;7097468;3404804;82,5;KM;10863;7;FALSE;FALSE;FALSE;FALSE;FALSE;FALSE;FALSE;FALSE;FALSE;FALSE;FALSE;Wooden artefacts;Fishing implement;Lath screen fish trap;Liistekatiska;
SA;844010003;Tervo;Hiidenmaa;6972480;3484040;105;KM;10864;;FALSE;FALSE;FALSE;TRUE;TRUE;TRUE;TRUE;FALSE;FALSE;FALSE;FALSE;Wooden artefacts;Fishing implement;Net sinker with birch bark binding;Verkonkives, tuohipunos;
SA;844010003;Tervo;Hiidenmaa;6972480;3484040;105;KM;10877;;FALSE;FALSE;FALSE;TRUE;TRUE;TRUE;TRUE;FALSE;FALSE;FALSE;FALSE;Wooden artefacts;Fishing implement;Lath screen fish trap;Liistekatiska;
SA;uusi 3123;Kangasala;Raikku;6814932;3350612;;KM;11093;1;FALSE;FALSE;FALSE;FALSE;FALSE;FALSE;FALSE;FALSE;FALSE;FALSE;FALSE;Wooden artefacts;Bow;Bow;Jousi;
SA;319010001;S„kyl„;Nummi;6791277;3245888;42,5;KM;11645;2;FALSE;FALSE;FALSE;FALSE;FALSE;FALSE;FALSE;FALSE;FALSE;FALSE;FALSE;Wooden artefacts;Fishing implement;Wicker screen fish trap;Pajumerta;
SA;x732;Tyrn„v„;Palokangas;7171225;3433491;;KM;11875;;FALSE;FALSE;FALSE;FALSE;FALSE;FALSE;FALSE;FALSE;FALSE;FALSE;FALSE;Wooden artefacts;Sledge runner;Sledge runner;Reenjalas;
SA;582040010;Raahe;Kallioneva;7176881;3393005;45;KM;11927;;FALSE;FALSE;FALSE;FALSE;FALSE;FALSE;FALSE;TRUE;FALSE;FALSE;FALSE;Wooden artefacts;Ski;Ski;Suksi;
SA;560010010;Orimattila;Alestalo;6756970;3429430;70;KM;12057;1;FALSE;FALSE;FALSE;FALSE;TRUE;FALSE;FALSE;FALSE;FALSE;FALSE;FALSE;Wooden artefacts;Sledge runner;Sledge runner with a central groove;Reenjalas, keskikuurnallinen;
SA;uusi 2956;Lapua;;6994264;3291071;;KM;12058;;FALSE;FALSE;FALSE;FALSE;FALSE;FALSE;FALSE;FALSE;FALSE;FALSE;FALSE;Wooden artefacts;Ski;Ski;Suksi;
SA;uusi 2988;Alavus;;6928982;3322606;;KM;12114;;FALSE;FALSE;FALSE;FALSE;FALSE;FALSE;FALSE;FALSE;FALSE;FALSE;FALSE;Wooden artefacts;Ski;Ski;Suksi;
SA;1000034813;Heinola;Ketlahti 2;6800286;3453317;;KM;12146;;FALSE;FALSE;FALSE;FALSE;FALSE;FALSE;FALSE;FALSE;FALSE;FALSE;FALSE;Wooden artefacts;Sledge runner;Sledge runner;Reenjalas;
SA;uusi 2992;Pihtipudas;Muurasj„rvi;7053514;3408687;;KM;12147;;FALSE;FALSE;FALSE;FALSE;FALSE;FALSE;FALSE;FALSE;FALSE;FALSE;FALSE;Wooden artefacts;Sledge runner;Sledge runner;Reenjalas;
SA;729010026;Saarij„rvi;Moilanen;6951751;3414410;111;KM;12233;14;FALSE;FALSE;FALSE;FALSE;FALSE;FALSE;FALSE;FALSE;FALSE;FALSE;FALSE;Wooden artefacts;Wooden artefact fragment;Wooden artefact fragment;Puuesineen katkelma;puukaari
SA;uusi 3070;Ruokolahti;Kym„lahti;6789136;3600137;;KM;12398;;FALSE;FALSE;FALSE;FALSE;FALSE;FALSE;FALSE;FALSE;FALSE;FALSE;FALSE;Wooden artefacts;Fishing implement;Bark float;Kaarnakoho;
SA;1000016734;Lapinlahti;Harju;7016240;3528900;120;KM;12406;;FALSE;FALSE;TRUE;TRUE;TRUE;FALSE;FALSE;FALSE;FALSE;FALSE;FALSE;Wooden artefacts;Sledge runner;Sledge runner with a central trough;Reenjalas, p„„llyskourullinen;
SA;uusi 3520;Viitasaari;Heinunniemi;7020446;3434841;;KM;12516;;FALSE;FALSE;FALSE;FALSE;FALSE;FALSE;FALSE;FALSE;FALSE;FALSE;FALSE;Wooden artefacts;Fishing implement;Net sinker with a hoop;Verkonkives, vanne;
SA;1000016728;Lapinlahti;P„iv„rinne;7029880;3517100;;KM;12525;;FALSE;FALSE;FALSE;FALSE;FALSE;FALSE;FALSE;FALSE;FALSE;FALSE;FALSE;Wooden artefacts;Sledge runner;Sledge runner;Reenjalas;
SA;1000005696;Helsinki;Aleksis Kiven katu;6677037;3387009;;KM;12544;;FALSE;FALSE;FALSE;FALSE;FALSE;FALSE;FALSE;FALSE;FALSE;FALSE;FALSE;Wooden artefacts;Punt;Punt;Ruuhi;
SA;609010021;Pori;L„hdepuro;6826785;3217872;10;KM;12715;1;FALSE;FALSE;FALSE;FALSE;FALSE;FALSE;TRUE;FALSE;FALSE;FALSE;FALSE;Wooden artefacts;Fishing implement;Bark float;Kaarnakoho;
SA;609010021;Pori;L„hdepuro;6826785;3217872;10;KM;12715;2;FALSE;FALSE;FALSE;FALSE;FALSE;FALSE;TRUE;FALSE;FALSE;FALSE;FALSE;Wooden artefacts;Fishing implement;Bark float;Kaarnakoho;
SA;609010021;Pori;L„hdepuro;6826785;3217872;10;KM;12715;3;FALSE;FALSE;FALSE;FALSE;FALSE;FALSE;TRUE;FALSE;FALSE;FALSE;FALSE;Wooden artefacts;Fishing implement;Bark float;Kaarnakoho;
SA;609010021;Pori;L„hdepuro;6826785;3217872;10;KM;12715;4;FALSE;FALSE;FALSE;FALSE;FALSE;FALSE;TRUE;FALSE;FALSE;FALSE;FALSE;Wooden artefacts;Fishing implement;Bark float;Kaarnakoho;
SA;609010021;Pori;L„hdepuro;6826785;3217872;10;KM;12715;5;FALSE;FALSE;FALSE;FALSE;FALSE;FALSE;TRUE;FALSE;FALSE;FALSE;FALSE;Wooden artefacts;Fishing implement;Bark float;Kaarnakoho;
SA;609010021;Pori;L„hdepuro;6826785;3217872;10;KM;12715;6;FALSE;FALSE;FALSE;FALSE;FALSE;FALSE;TRUE;FALSE;FALSE;FALSE;FALSE;Wooden artefacts;Fishing implement;Bark float;Kaarnakoho;
SA;609010021;Pori;L„hdepuro;6826785;3217872;10;KM;12715;7;FALSE;FALSE;FALSE;FALSE;FALSE;FALSE;TRUE;FALSE;FALSE;FALSE;FALSE;Wooden artefacts;Fishing implement;Bark float;Kaarnakoho;
SA;609010021;Pori;L„hdepuro;6826785;3217872;10;KM;12715;8;FALSE;FALSE;FALSE;FALSE;FALSE;FALSE;TRUE;FALSE;FALSE;FALSE;FALSE;Wooden artefacts;Fishing implement;Bark float;Kaarnakoho;
SA;609010021;Pori;L„hdepuro;6826785;3217872;10;KM;12715;9;FALSE;FALSE;FALSE;FALSE;FALSE;FALSE;TRUE;FALSE;FALSE;FALSE;FALSE;Wooden artefacts;Fishing implement;Bark float;Kaarnakoho;
SA;609010021;Pori;L„hdepuro;6826785;3217872;10;KM;12715;10;FALSE;FALSE;FALSE;FALSE;FALSE;FALSE;TRUE;FALSE;FALSE;FALSE;FALSE;Wooden artefacts;Fishing implement;Bark float;Kaarnakoho;
SA;609010021;Pori;L„hdepuro;6826785;3217872;10;KM;12715;11;FALSE;FALSE;FALSE;FALSE;FALSE;FALSE;TRUE;FALSE;FALSE;FALSE;FALSE;Wooden artefacts;Fishing implement;Bark float;Kaarnakoho;
SA;609010021;Pori;L„hdepuro;6826785;3217872;10;KM;12715;12;FALSE;FALSE;FALSE;FALSE;FALSE;FALSE;TRUE;FALSE;FALSE;FALSE;FALSE;Wooden artefacts;Fishing implement;Bark float;Kaarnakoho;
SA;609010021;Pori;L„hdepuro;6826785;3217872;10;KM;12715;13;FALSE;FALSE;FALSE;FALSE;FALSE;FALSE;TRUE;FALSE;FALSE;FALSE;FALSE;Wooden artefacts;Fishing implement;Bark float;Kaarnakoho;
SA;609010021;Pori;L„hdepuro;6826785;3217872;10;KM;12715;14;FALSE;FALSE;FALSE;FALSE;FALSE;FALSE;TRUE;FALSE;FALSE;FALSE;FALSE;Wooden artefacts;Fishing implement;Bark float;Kaarnakoho;
SA;609010021;Pori;L„hdepuro;6826785;3217872;10;KM;12715;15;FALSE;FALSE;FALSE;FALSE;FALSE;FALSE;TRUE;FALSE;FALSE;FALSE;FALSE;Wooden artefacts;Fishing implement;Bark float;Kaarnakoho;
SA;609010021;Pori;L„hdepuro;6826785;3217872;10;KM;12715;16;FALSE;FALSE;FALSE;FALSE;FALSE;FALSE;TRUE;FALSE;FALSE;FALSE;FALSE;Wooden artefacts;Fishing implement;Bark float;Kaarnakoho;
SA;609010021;Pori;L„hdepuro;6826785;3217872;10;KM;12715;17;FALSE;FALSE;FALSE;FALSE;FALSE;FALSE;TRUE;FALSE;FALSE;FALSE;FALSE;Wooden artefacts;Fishing implement;Bark float;Kaarnakoho;
SA;609010021;Pori;L„hdepuro;6826785;3217872;10;KM;12715;18;FALSE;FALSE;FALSE;FALSE;FALSE;FALSE;TRUE;FALSE;FALSE;FALSE;FALSE;Wooden artefacts;Fishing implement;Bark float;Kaarnakoho;
SA;609010021;Pori;L„hdepuro;6826785;3217872;10;KM;12715;19;FALSE;FALSE;FALSE;FALSE;FALSE;FALSE;TRUE;FALSE;FALSE;FALSE;FALSE;Wooden artefacts;Fishing implement;Bark float;Kaarnakoho;
SA;609010021;Pori;L„hdepuro;6826785;3217872;10;KM;12715;20;FALSE;FALSE;FALSE;FALSE;FALSE;FALSE;TRUE;FALSE;FALSE;FALSE;FALSE;Wooden artefacts;Fishing implement;Bark float;Kaarnakoho;
SA;609010021;Pori;L„hdepuro;6826785;3217872;10;KM;12715;21;FALSE;FALSE;FALSE;FALSE;FALSE;FALSE;TRUE;FALSE;FALSE;FALSE;FALSE;Wooden artefacts;Fishing implement;Bark float;Kaarnakoho;
SA;609010021;Pori;L„hdepuro;6826785;3217872;10;KM;12715;22;FALSE;FALSE;FALSE;FALSE;FALSE;FALSE;TRUE;FALSE;FALSE;FALSE;FALSE;Wooden artefacts;Fishing implement;Bark float;Kaarnakoho;
SA;609010021;Pori;L„hdepuro;6826785;3217872;10;KM;12715;23;FALSE;FALSE;FALSE;FALSE;FALSE;FALSE;TRUE;FALSE;FALSE;FALSE;FALSE;Wooden artefacts;Fishing implement;Bark float;Kaarnakoho;
SA;609010021;Pori;L„hdepuro;6826785;3217872;10;KM;12715;24;FALSE;FALSE;FALSE;FALSE;FALSE;FALSE;TRUE;FALSE;FALSE;FALSE;FALSE;Wooden artefacts;Fishing implement;Bark float;Kaarnakoho;
SA;609010021;Pori;L„hdepuro;6826785;3217872;10;KM;12715;25;FALSE;FALSE;FALSE;FALSE;FALSE;FALSE;TRUE;FALSE;FALSE;FALSE;FALSE;Wooden artefacts;Fishing implement;Bark float;Kaarnakoho;
SA;609010021;Pori;L„hdepuro;6826785;3217872;10;KM;12715;26;FALSE;FALSE;FALSE;FALSE;FALSE;FALSE;TRUE;FALSE;FALSE;FALSE;FALSE;Wooden artefacts;Fishing implement;Bark float;Kaarnakoho;
SA;609010021;Pori;L„hdepuro;6826785;3217872;10;KM;12715;27;FALSE;FALSE;FALSE;FALSE;FALSE;FALSE;TRUE;FALSE;FALSE;FALSE;FALSE;Wooden artefacts;Fishing implement;Bark float;Kaarnakoho;
SA;609010021;Pori;L„hdepuro;6826785;3217872;10;KM;12715;28;FALSE;FALSE;FALSE;FALSE;FALSE;FALSE;TRUE;FALSE;FALSE;FALSE;FALSE;Wooden artefacts;Fishing implement;Bark float;Kaarnakoho;
SA;609010021;Pori;L„hdepuro;6826785;3217872;10;KM;12715;29;FALSE;FALSE;FALSE;FALSE;FALSE;FALSE;TRUE;FALSE;FALSE;FALSE;FALSE;Wooden artefacts;Fishing implement;Bark float;Kaarnakoho;
SA;609010021;Pori;L„hdepuro;6826785;3217872;10;KM;12715;30;FALSE;FALSE;FALSE;FALSE;FALSE;FALSE;TRUE;FALSE;FALSE;FALSE;FALSE;Wooden artefacts;Fishing implement;Bark float;Kaarnakoho;
SA;609010021;Pori;L„hdepuro;6826785;3217872;10;KM;12715;31;FALSE;FALSE;FALSE;FALSE;FALSE;FALSE;TRUE;FALSE;FALSE;FALSE;FALSE;Wooden artefacts;Fishing implement;Bark float;Kaarnakoho;
SA;609010021;Pori;L„hdepuro;6826785;3217872;10;KM;12715;32;FALSE;FALSE;FALSE;FALSE;FALSE;FALSE;TRUE;FALSE;FALSE;FALSE;FALSE;Wooden artefacts;Fishing implement;Bark float;Kaarnakoho;
SA;609010021;Pori;L„hdepuro;6826785;3217872;10;KM;12715;33;FALSE;FALSE;FALSE;FALSE;FALSE;FALSE;TRUE;FALSE;FALSE;FALSE;FALSE;Wooden artefacts;Fishing implement;Bark float;Kaarnakoho;
SA;609010021;Pori;L„hdepuro;6826785;3217872;10;KM;12715;34;FALSE;FALSE;FALSE;FALSE;FALSE;FALSE;TRUE;FALSE;FALSE;FALSE;FALSE;Wooden artefacts;Fishing implement;Bark float;Kaarnakoho;
SA;609010021;Pori;L„hdepuro;6826785;3217872;10;KM;12715;35;FALSE;FALSE;FALSE;FALSE;FALSE;FALSE;TRUE;FALSE;FALSE;FALSE;FALSE;Wooden artefacts;Fishing implement;Bark float;Kaarnakoho;
SA;609010021;Pori;L„hdepuro;6826785;3217872;10;KM;12715;36;FALSE;FALSE;FALSE;FALSE;FALSE;FALSE;TRUE;FALSE;FALSE;FALSE;FALSE;Wooden artefacts;Fishing implement;Bark float;Kaarnakoho;
SA;609010021;Pori;L„hdepuro;6826785;3217872;10;KM;12715;37;FALSE;FALSE;FALSE;FALSE;FALSE;FALSE;TRUE;FALSE;FALSE;FALSE;FALSE;Wooden artefacts;Fishing implement;Bark float;Kaarnakoho;
SA;609010021;Pori;L„hdepuro;6826785;3217872;10;KM;12715;38;FALSE;FALSE;FALSE;FALSE;FALSE;FALSE;TRUE;FALSE;FALSE;FALSE;FALSE;Wooden artefacts;Fishing implement;Bark float;Kaarnakoho;
SA;609010021;Pori;L„hdepuro;6826785;3217872;10;KM;12715;39;FALSE;FALSE;FALSE;FALSE;FALSE;FALSE;TRUE;FALSE;FALSE;FALSE;FALSE;Wooden artefacts;Fishing implement;Bark float;Kaarnakoho;
SA;609010021;Pori;L„hdepuro;6826785;3217872;10;KM;12715;40;FALSE;FALSE;FALSE;FALSE;FALSE;FALSE;TRUE;FALSE;FALSE;FALSE;FALSE;Wooden artefacts;Fishing implement;Bark float;Kaarnakoho;
SA;609010021;Pori;L„hdepuro;6826785;3217872;10;KM;12715;41;FALSE;FALSE;FALSE;FALSE;FALSE;FALSE;TRUE;FALSE;FALSE;FALSE;FALSE;Wooden artefacts;Fishing implement;Bark float;Kaarnakoho;
SA;609010021;Pori;L„hdepuro;6826785;3217872;10;KM;12715;42;FALSE;FALSE;FALSE;FALSE;FALSE;FALSE;TRUE;FALSE;FALSE;FALSE;FALSE;Wooden artefacts;Fishing implement;Bark float;Kaarnakoho;
SA;609010021;Pori;L„hdepuro;6826785;3217872;10;KM;12915;;FALSE;FALSE;FALSE;FALSE;FALSE;FALSE;TRUE;FALSE;FALSE;FALSE;FALSE;Wooden artefacts;Fishing implement;Net fragment;Verkkol”yt”;
SA;609010021;Pori;L„hdepuro;6826785;3217872;10;KM;12915;;FALSE;FALSE;FALSE;FALSE;FALSE;FALSE;TRUE;FALSE;FALSE;FALSE;FALSE;Wooden artefacts;Fishing implement;Net fragment;Verkkol”yt”;
SA;609010021;Pori;L„hdepuro;6826785;3217872;10;KM;12915;;FALSE;FALSE;FALSE;FALSE;FALSE;FALSE;TRUE;FALSE;FALSE;FALSE;FALSE;Wooden artefacts;Fishing implement;Bark float;Kaarnakoho;kohoja noin 670 kpl
SA;1000034813;Heinola;Ketlahti 2;6800286;3453317;;KM;12923;1;FALSE;FALSE;FALSE;FALSE;FALSE;FALSE;FALSE;FALSE;FALSE;FALSE;FALSE;Wooden artefacts;Sledge runner;Sledge runner;Reenjalas;el„imenp„„
SA;1000034813;Heinola;Ketlahti 2;6800286;3453317;;KM;12923;2;FALSE;FALSE;FALSE;FALSE;FALSE;FALSE;FALSE;FALSE;FALSE;FALSE;FALSE;Wooden artefacts;Sledge runner;Sledge runner;Reenjalas;
SA;781010037;Sysm„;Syv„l„npelto;6815930;3430940;80;KM;13016;;FALSE;FALSE;FALSE;FALSE;FALSE;FALSE;FALSE;FALSE;FALSE;FALSE;FALSE;Wooden artefacts;Ski;Ski;Suksi;
SA;249040013;Keuruu;Suolahti Majalahti;6914174;3380437;108;KM;13120;1;FALSE;FALSE;FALSE;FALSE;FALSE;FALSE;FALSE;FALSE;FALSE;FALSE;FALSE;Wooden artefacts;Sledge runner;Sledge runner;Reenjalas;
SA;249040013;Keuruu;Suolahti Majalahti;6914174;3380437;108;KM;13120;2;FALSE;FALSE;FALSE;FALSE;FALSE;FALSE;FALSE;FALSE;FALSE;FALSE;FALSE;Wooden artefacts;Sledge runner;Sledge runner;Reenjalas;
SA;249040013;Keuruu;Suolahti Majalahti;6914174;3380437;108;KM;13120;3;FALSE;FALSE;FALSE;FALSE;FALSE;FALSE;FALSE;FALSE;FALSE;FALSE;FALSE;Wooden artefacts;Sledge runner;Sledge runner;Reenjalas;
SA;249040013;Keuruu;Suolahti Majalahti;6914174;3380437;108;KM;13120;4;FALSE;FALSE;FALSE;FALSE;FALSE;FALSE;FALSE;FALSE;FALSE;FALSE;FALSE;Wooden artefacts;Sledge runner;Sledge runner;Reenjalas;
SA;249040013;Keuruu;Suolahti Majalahti;6914174;3380437;108;KM;13120;5;FALSE;FALSE;FALSE;FALSE;FALSE;FALSE;FALSE;FALSE;FALSE;FALSE;FALSE;Wooden artefacts;Sledge runner;Sledge runner;Reenjalas;
SA;249040013;Keuruu;Suolahti Majalahti;6914174;3380437;108;KM;13120;6;FALSE;FALSE;FALSE;FALSE;FALSE;FALSE;FALSE;FALSE;FALSE;FALSE;FALSE;Wooden artefacts;Sledge runner;Sledge runner;Reenjalas;
SA;249040013;Keuruu;Suolahti Majalahti;6914174;3380437;108;KM;13120;7;FALSE;FALSE;FALSE;FALSE;FALSE;FALSE;FALSE;FALSE;FALSE;FALSE;FALSE;Wooden artefacts;Sledge runner;Sledge runner;Reenjalas;
SA;249040013;Keuruu;Suolahti Majalahti;6914174;3380437;108;KM;13120;8;FALSE;FALSE;FALSE;FALSE;FALSE;FALSE;FALSE;FALSE;FALSE;FALSE;FALSE;Wooden artefacts;Sledge runner;Sledge runner;Reenjalas;
SA;249040013;Keuruu;Suolahti Majalahti;6914174;3380437;108;KM;13120;9;FALSE;FALSE;FALSE;FALSE;FALSE;FALSE;FALSE;FALSE;FALSE;FALSE;FALSE;Wooden artefacts;Sledge runner;Sledge runner;Reenjalas;
SA;uusi 2130;Peders”re;Nordan†;7052276;3303383;;KM;13293;;FALSE;FALSE;FALSE;FALSE;TRUE;TRUE;TRUE;FALSE;FALSE;FALSE;FALSE;Wooden artefacts;Paddle;Paddle;Mela;
SA;uusi 2147;Pihtipudas;;7029472;3437550;;KM;13351;;FALSE;FALSE;TRUE;TRUE;TRUE;FALSE;FALSE;FALSE;FALSE;FALSE;FALSE;Wooden artefacts;Sledge runner;Sledge runner with a central trough;Reenjalas, p„„llyskourullinen;
SA;1000000338;Toivakka;Pitk„joki-Kuuskoski;6890440;3450420;90;KM;13355;1;FALSE;FALSE;FALSE;FALSE;TRUE;FALSE;FALSE;FALSE;FALSE;FALSE;FALSE;Wooden artefacts;Sledge runner;Sledge runner;Reenjalas;
SA;1000000338;Toivakka;Pitk„joki-Kuuskoski;6890440;3450420;90;KM;13355;2;FALSE;FALSE;FALSE;FALSE;TRUE;FALSE;FALSE;FALSE;FALSE;FALSE;FALSE;Wooden artefacts;Sledge runner;Sledge runner;Reenjalas;
SA;1000014563;Joroinen;Eskeli;6902448;3544498;;KM;13468;1;FALSE;FALSE;FALSE;FALSE;TRUE;FALSE;FALSE;FALSE;FALSE;FALSE;FALSE;Wooden artefacts;Sledge runner;Sledge runner;Reenjalas;
SA;1000014563;Joroinen;Eskeli;6902448;3544498;;KM;13468;2;FALSE;FALSE;FALSE;FALSE;TRUE;FALSE;FALSE;FALSE;FALSE;FALSE;FALSE;Wooden artefacts;Sledge runner;Sledge runner;Reenjalas;
SA;1000014563;Joroinen;Eskeli;6902448;3544498;;KM;13468;3;FALSE;FALSE;FALSE;FALSE;TRUE;FALSE;FALSE;FALSE;FALSE;FALSE;FALSE;Wooden artefacts;Sledge runner;Sledge runner;Reenjalas;
SA;1000014563;Joroinen;Eskeli;6902448;3544498;;KM;13468;4;FALSE;FALSE;FALSE;FALSE;TRUE;FALSE;FALSE;FALSE;FALSE;FALSE;FALSE;Wooden artefacts;Sledge runner;Sledge runner;Reenjalas;
SA;1000014563;Joroinen;Eskeli;6902448;3544498;;KM;13468;5;FALSE;FALSE;FALSE;FALSE;FALSE;TRUE;TRUE;FALSE;FALSE;FALSE;FALSE;Wooden artefacts;Sledge runner;Sledge runner with a central ridge;Reenjalas, keskiharjallinen;
SA;uusi 2193;Žht„ri;Per„nne;6934132;3344718;;KM;13472;;FALSE;FALSE;FALSE;FALSE;FALSE;FALSE;FALSE;FALSE;FALSE;FALSE;FALSE;Wooden artefacts;Sledge runner;Sledge runner;Reenjalas;
SA;607040018;Polvij„rvi;nime„m„t”n;6974778;3620814;;KM;13690;;FALSE;FALSE;FALSE;FALSE;FALSE;FALSE;FALSE;FALSE;FALSE;FALSE;FALSE;Wooden artefacts;Sledge;Sledge;Ahkio;Veturin em„puu
SA;uusi 2265;R„„kkyl„;Sangenlahti;6905070;3642898;;KM;13699;;FALSE;FALSE;FALSE;FALSE;FALSE;FALSE;FALSE;FALSE;FALSE;FALSE;FALSE;Wooden artefacts;Ski;Ski;Suksi;
SA;uusi 2269;S„kyl„;;6791318;3246026;;KM;13720;;FALSE;FALSE;FALSE;FALSE;FALSE;FALSE;FALSE;FALSE;FALSE;FALSE;FALSE;Wooden artefacts;Fishing implement;Bark float;Kaarnakoho;
SA;1000005669;Laitila;Her„j„rvi;6769338;3212785;15;KM;13783;;FALSE;FALSE;FALSE;FALSE;FALSE;FALSE;FALSE;FALSE;FALSE;TRUE;TRUE;Wooden artefacts;Ski;Ski;Suksi;
SA;699010200;Rovaniemi;Haavikko;7394488;3426912;100;KM;14189;;FALSE;TRUE;TRUE;FALSE;FALSE;FALSE;FALSE;FALSE;FALSE;FALSE;FALSE;Wooden artefacts;Wooden sculpture of an elk head;Wooden sculpture of an elk head;Puinen hirvenp„„veistos;
SA;x700;Keuruu;Valkeaniemi Ison Jussin suo;6893759;3376134;;KM;14361;;FALSE;FALSE;FALSE;FALSE;FALSE;FALSE;FALSE;FALSE;FALSE;FALSE;FALSE;Wooden artefacts;Sledge;Sledge;Ahkio;P„„llyskourullinen veturin em„puu
SA;x533;Inkoo;Gumb”le Solbacka;6670159;3329641;;KM;14738;;FALSE;FALSE;FALSE;FALSE;FALSE;FALSE;FALSE;FALSE;FALSE;FALSE;FALSE;Wooden artefacts;Sledge runner;Sledge runner;Reenjalas;kahtena kappaleena, toinen kooltaan 934 x 108 x 42 mm
SA;1000004166;Kiuruvesi;Jauhiainen;7050600;3487320;100;KM;14868;;FALSE;FALSE;FALSE;FALSE;FALSE;FALSE;FALSE;FALSE;FALSE;FALSE;FALSE;Wooden artefacts;Fishing implement;Bark float;Kaarnakoho;nelikulmainen
SA;uusi 2049;Turku;Saram„ki;6720727;3242436;;KM;15273;;FALSE;FALSE;FALSE;FALSE;FALSE;FALSE;FALSE;FALSE;FALSE;FALSE;FALSE;Wooden artefacts;Fishing implement;Bark float;Kaarnakoho;m„nnyn kaarnaa
SA;uusi 7075;Kauhava;Perki”m„ki;7029858;3297405;;KM;16108;;FALSE;FALSE;FALSE;FALSE;TRUE;FALSE;FALSE;FALSE;FALSE;FALSE;FALSE;Wooden artefacts;Sledge runner;Sledge runner with a central groove;Reenjalas, keskikuurnallinen;
SA;1000006263;Lappaj„rvi;Ahvenniemen ranta;7013645;3328553;;KM;16109;1;FALSE;FALSE;FALSE;FALSE;TRUE;FALSE;FALSE;FALSE;FALSE;FALSE;FALSE;Wooden artefacts;Sledge runner;Sledge runner with a central groove;Reenjalas, keskikuurnallinen;
SA;1000006263;Lappaj„rvi;Ahvenniemen ranta;7013645;3328553;;KM;16109;2;FALSE;FALSE;FALSE;FALSE;TRUE;FALSE;FALSE;FALSE;FALSE;FALSE;FALSE;Wooden artefacts;Sledge runner;Sledge runner with a central groove;Reenjalas, keskikuurnallinen;
SA;5010001;Alaj„rvi;Joensuu/Vieruaho;6998671;3331310;72,5;KM;16110;;FALSE;FALSE;FALSE;FALSE;TRUE;FALSE;FALSE;FALSE;FALSE;FALSE;FALSE;Wooden artefacts;Sledge runner;Sledge runner with a central groove;Reenjalas, keskikuurnallinen;
SA;704000003;Rusko;Moisio-Rinnemaa;6725564;3237868;32,5;KM;16167;9;FALSE;FALSE;FALSE;FALSE;FALSE;FALSE;FALSE;FALSE;FALSE;TRUE;TRUE;Wooden artefacts;Fishing implement;Birch bark float;Tuohikoho;
SA;5010001;Alaj„rvi;Joensuu/Vieruaho;6998671;3331310;72,5;KM;16224;1;FALSE;FALSE;FALSE;FALSE;TRUE;FALSE;FALSE;FALSE;FALSE;FALSE;FALSE;Wooden artefacts;Sledge runner;Sledge runner with a central groove;Reenjalas, keskikuurnallinen;kantakatkelma
SA;5010001;Alaj„rvi;Joensuu/Vieruaho;6998671;3331310;72,5;KM;16224;2;FALSE;FALSE;FALSE;FALSE;TRUE;FALSE;FALSE;FALSE;FALSE;FALSE;FALSE;Wooden artefacts;Sledge runner;Sledge runner with a central groove;Reenjalas, keskikuurnallinen;kantakatkelma
SA;5010001;Alaj„rvi;Joensuu/Vieruaho;6998671;3331310;72,5;KM;16224;3;FALSE;FALSE;FALSE;FALSE;TRUE;FALSE;FALSE;FALSE;FALSE;FALSE;FALSE;Wooden artefacts;Sledge runner;Sledge runner with a central groove;Reenjalas, keskikuurnallinen;keulan katkelma
SA;uusi 2032;Sysm„;Otamo;6821326;3430683;;KM;16441;;FALSE;FALSE;FALSE;FALSE;FALSE;FALSE;FALSE;FALSE;FALSE;FALSE;FALSE;Wooden artefacts;Sledge runner;Sledge runner;Reenjalas;
SA;5010001;Alaj„rvi;Joensuu/Vieruaho;6998671;3331310;72,5;KM;16543;1;FALSE;FALSE;FALSE;FALSE;TRUE;FALSE;FALSE;FALSE;FALSE;FALSE;FALSE;Wooden artefacts;Sledge runner;Sledge runner;Reenjalas;
SA;5010001;Alaj„rvi;Joensuu/Vieruaho;6998671;3331310;72,5;KM;16543;2;FALSE;FALSE;FALSE;FALSE;TRUE;FALSE;FALSE;FALSE;FALSE;FALSE;FALSE;Wooden artefacts;Sledge runner;Sledge runner;Reenjalas;
SA;1000013799;K„rs„m„ki;Riihipelto Sarpanen;7102000;3443500;;KM;16642;;FALSE;FALSE;FALSE;FALSE;FALSE;FALSE;FALSE;FALSE;FALSE;TRUE;TRUE;Wooden artefacts;Bow;Bow;Jousi;
SA;x404;Pihtipudas;Madeneva;7031730;3428174;;KM;16935;;FALSE;FALSE;FALSE;FALSE;FALSE;FALSE;FALSE;FALSE;FALSE;FALSE;FALSE;Wooden artefacts;Sledge runner;Sledge runner;Reenjalas;
SA;x149;Laukaa;Kapeenkoski, Sammallahti, Alasuo Pirttij„rven ranta;6918340;3462876;;KM;17057;;FALSE;FALSE;FALSE;FALSE;FALSE;FALSE;FALSE;FALSE;FALSE;FALSE;FALSE;Wooden artefacts;Sledge runner;Sledge runner;Reenjalas;
SA;52500029;Evij„rvi;Jokela Varispuro;7033220;3326517;;KM;17072;1;FALSE;FALSE;FALSE;FALSE;FALSE;FALSE;FALSE;FALSE;FALSE;FALSE;FALSE;Wooden artefacts;Ski;Ski;Suksi;
SA;x50;Vaala;Oterma, Ketola;7174547;3506726;;KM;18407;;FALSE;FALSE;FALSE;FALSE;FALSE;FALSE;FALSE;FALSE;FALSE;FALSE;FALSE;Wooden artefacts;Ski;Ski;Suksi;
SA;1000000460;Sodankyl„;Nuulasenlehto;7481500;3476360;210;KM;19441;;FALSE;FALSE;FALSE;FALSE;FALSE;FALSE;FALSE;FALSE;FALSE;FALSE;TRUE;Wooden artefacts;Ski;Ski;Suksi;piirtokoristeltu
SA;uusi 1558;Kouvola;Kaislaranta;6760491;3477785;;KM;20117;;FALSE;FALSE;FALSE;FALSE;TRUE;FALSE;FALSE;FALSE;FALSE;FALSE;FALSE;Wooden artefacts;Sledge runner;Sledge runner with a central groove;Reenjalas, keskikuurnallinen;
SA;5010001;Alaj„rvi;Joensuu/Vieruaho;6998671;3331310;72,5;KM;20163;;FALSE;FALSE;FALSE;FALSE;TRUE;FALSE;FALSE;FALSE;FALSE;FALSE;FALSE;Wooden artefacts;Sledge runner;Sledge runner with a central groove;Reenjalas, keskikuurnallinen;
SA;uusi 1577;Kuusamo;Penikkasalmi;7316505;3629457;;KM;20248;;FALSE;FALSE;FALSE;FALSE;FALSE;FALSE;FALSE;FALSE;FALSE;FALSE;FALSE;Wooden artefacts;Sledge runner;Sledge runner;Reenjalas;
SA;578040003;Paltamo;Lumisuo;7153000;3524439;140;KM;20253;;FALSE;FALSE;FALSE;FALSE;FALSE;FALSE;FALSE;TRUE;TRUE;FALSE;FALSE;Wooden artefacts;Bow;Bow;Jousi;
SA;uusi 1581;Pori;Myllypuro;6841390;3237421;;KM;20260;;FALSE;FALSE;FALSE;FALSE;TRUE;FALSE;FALSE;FALSE;FALSE;FALSE;FALSE;Wooden artefacts;Sledge runner;Sledge runner with a central groove;Reenjalas, keskikuurnallinen;
SA;uusi 1645;Orimattila;Pennala;6755100;3429780;;KM;20533;;FALSE;FALSE;FALSE;FALSE;TRUE;FALSE;FALSE;FALSE;FALSE;FALSE;FALSE;Wooden artefacts;Fishing implement;Bark float;Kaarnakoho;muodoltaan soikea, toisessa p„„ss„ reik„
SA;suo 115;Urjala;Kortej„rvi;6782852;3309304;;KM;20577;;FALSE;FALSE;FALSE;FALSE;FALSE;FALSE;FALSE;FALSE;FALSE;FALSE;FALSE;Wooden artefacts;Ski;Ski;Suksi;m„nty„, c14-ajoitettu
SA;uusi 744;Kajaani;Lapinniemi;7125600;3516070;120;KM;21486;;FALSE;FALSE;FALSE;FALSE;FALSE;FALSE;FALSE;FALSE;FALSE;FALSE;FALSE;Wooden artefacts;Ski;Ski;Suksi;havupuuta
SA;uusi 13;Alavus;M„kel„;6948799;3333538;;KM;22109;;FALSE;FALSE;FALSE;FALSE;FALSE;FALSE;FALSE;FALSE;FALSE;FALSE;FALSE;Wooden artefacts;Fishing implement;Bark float;Kaarnakoho;
SA;1000012244;Janakkala;V„h„-Hiisi 3;6760398;3370871;79,5;KM;22698;1;FALSE;FALSE;FALSE;FALSE;FALSE;FALSE;FALSE;FALSE;FALSE;FALSE;FALSE;Wooden artefacts;Fishing implement;Birch bark float;Tuohikoho;
SA;1000012244;Janakkala;V„h„-Hiisi 3;6760398;3370871;79,5;KM;22698;2;FALSE;FALSE;FALSE;FALSE;FALSE;FALSE;FALSE;FALSE;FALSE;FALSE;FALSE;Wooden artefacts;Fishing implement;Birch bark float;Tuohikoho;
SA;1000012244;Janakkala;V„h„-Hiisi 3;6760398;3370871;79,5;KM;22698;3;FALSE;FALSE;FALSE;FALSE;FALSE;FALSE;FALSE;FALSE;FALSE;FALSE;FALSE;Wooden artefacts;Fishing implement;Birch bark float;Tuohikoho;
SA;1000012244;Janakkala;V„h„-Hiisi 3;6760398;3370871;79,5;KM;22698;4;FALSE;FALSE;FALSE;FALSE;FALSE;FALSE;FALSE;FALSE;FALSE;FALSE;FALSE;Wooden artefacts;Fishing implement;Birch bark float;Tuohikoho;
SA;uusi 132;Viitasaari;Kes„maja;7005380;3433380;;KM;22761;;FALSE;FALSE;FALSE;FALSE;FALSE;FALSE;FALSE;FALSE;FALSE;FALSE;FALSE;Wooden artefacts;Sledge runner;Sledge runner;Reenjalas;M„nty„
SA;594010013;Pieks„m„ki;Vemmellahti 1;6919440;3509440;120;KM;22785;;FALSE;FALSE;FALSE;FALSE;TRUE;TRUE;FALSE;FALSE;FALSE;FALSE;FALSE;Wooden artefacts;Wooden artefact fragment;Wooden artefact fragment;Puuesineen katkelma;koristeltu
SA;uusi 155;Kankaanp„„;Satamankeidas;6887659;3257522;;KM;22898;;FALSE;FALSE;FALSE;FALSE;FALSE;FALSE;FALSE;FALSE;FALSE;FALSE;FALSE;Wooden artefacts;Ski;Ski;Suksi;
SA;suo 18;Ranua;Asmuntti Karhusuo;7291442;3481044;;KM;22916;;FALSE;FALSE;FALSE;FALSE;FALSE;FALSE;FALSE;FALSE;FALSE;FALSE;FALSE;Wooden artefacts;Ski;Ski;Suksi;C14-ajoitettu, kohop„l„ksellinen, m„nty„
SA;1000008970;Tornio;Sammalj„nkk„;7314639;3376862;12,5;KM;22934;;FALSE;FALSE;FALSE;FALSE;FALSE;FALSE;FALSE;FALSE;FALSE;FALSE;FALSE;Wooden artefacts;Ski;Ski;Suksi;
SA;1000001139;Joensuu;Hernesuo;6940400;3645870;81;KM;23583;;FALSE;FALSE;FALSE;FALSE;FALSE;FALSE;FALSE;FALSE;FALSE;FALSE;FALSE;Wooden artefacts;Sledge runner;Sledge runner;Reenjalas;
SA;1000008956;Ulvila;Ellinkangas;6831622;3241310;45,5;KM;23896;;FALSE;FALSE;FALSE;FALSE;TRUE;FALSE;FALSE;FALSE;FALSE;FALSE;FALSE;Wooden artefacts;Sledge runner;Sledge runner with a central groove;Reenjalas, keskikuurnallinen;sembram„nty„, otettu C14-n„yte
SA;845010120;Tervola;Hietala;7352259;3406021;75;KM;24265;;FALSE;FALSE;FALSE;FALSE;TRUE;TRUE;TRUE;FALSE;FALSE;FALSE;FALSE;Wooden artefacts;Paddle;Paddle;Mela;
SA;85040001;Mikkeli;Oravasalo;6883160;3496350;105;KM;24922;;FALSE;FALSE;FALSE;TRUE;FALSE;FALSE;FALSE;FALSE;FALSE;FALSE;FALSE;Wooden artefacts;Sledge runner;Sledge runner;Reenjalas;kaikki alanumerot samasta jalaksesta
SA;241010002;Keminmaa;Keronm„ki;7313531;3395986;30;KM;25434;;FALSE;FALSE;FALSE;FALSE;FALSE;FALSE;FALSE;FALSE;FALSE;TRUE;FALSE;Wooden artefacts;Ski;Ski;Suksi;Suksil”yt” pronssikautisen asuinpaikan l„heisyydest„.
SA;262010025;Eura;Panelia;6800441;3230289;26;KM;26062;;FALSE;FALSE;FALSE;FALSE;FALSE;FALSE;FALSE;TRUE;TRUE;FALSE;FALSE;Wooden artefacts;Ski;Ski;Suksi;m„nty„, rautakautinen
SA;1000012024;Haapavesi;Toivola;7122845;3420434;120,7;KM;26218;;FALSE;FALSE;FALSE;FALSE;FALSE;FALSE;FALSE;FALSE;FALSE;TRUE;TRUE;Wooden artefacts;Ski;Ski;Suksi;
SA;a249;M„ntt„-Vilppula;Kolho;6890103;3374713;;KM;26590;;FALSE;FALSE;FALSE;FALSE;FALSE;FALSE;FALSE;FALSE;FALSE;FALSE;FALSE;Wooden artefacts;Ski;Ski;Suksi;
SA;uusi 478;Kurikka;Jurvanj„rvi;6959855;3237529;;KM;27368;;FALSE;FALSE;FALSE;FALSE;FALSE;FALSE;FALSE;FALSE;FALSE;FALSE;FALSE;Wooden artefacts;Fishing implement;Lath screen fish trap;Liistekatiska;C14-ajoitus: 4390 +/- 120 BP (Hel-3282)
SA;1000003493;Saarij„rvi;Harjula;6966406;3401825;139;KM;27938;1;FALSE;FALSE;FALSE;FALSE;FALSE;FALSE;FALSE;FALSE;FALSE;FALSE;TRUE;Wooden artefacts;Sledge;Sledge;Ahkio;
SA;1000003493;Saarij„rvi;Harjula;6966406;3401825;139;KM;27938;2;FALSE;FALSE;FALSE;FALSE;FALSE;FALSE;FALSE;FALSE;FALSE;FALSE;TRUE;Wooden artefacts;Fishing implement;Fyke net;Rys„;
SA;309010017;Outokumpu;Lintutorni;6955357;3606986;87;KM;27965;10;FALSE;FALSE;FALSE;FALSE;TRUE;FALSE;FALSE;FALSE;FALSE;FALSE;FALSE;Wooden artefacts;Wooden artefact fragment;Wooden artefact fragment;Puuesineen katkelma;pieni hiiltynyt pala, jossa tasoitetun n„k”ist„ pintaa ja tehdyn n„k”inen kolo
SA;732010067;Salla;Kentt„lampi koillinen 1;7407145;3590470;295;KM;27997;26;FALSE;FALSE;FALSE;FALSE;FALSE;FALSE;FALSE;FALSE;FALSE;FALSE;FALSE;Wooden artefacts;Wooden artefact fragment;Wooden artefact fragment;Puuesineen katkelma;
SA;uusi 539;Saarij„rvi;Isopelto;6968617;3400787;145;KM;28113;;FALSE;FALSE;FALSE;FALSE;FALSE;FALSE;FALSE;FALSE;FALSE;FALSE;FALSE;Wooden artefacts;Ski;Ski;Suksi;
SA;suo 94;Saarij„rvi;;6957227;3409926;;KM;28211;;FALSE;FALSE;FALSE;FALSE;FALSE;FALSE;FALSE;FALSE;FALSE;FALSE;FALSE;Wooden artefacts;Sledge runner;Sledge runner;Reenjalas;Morj„rv-tyypin jalas, ajoitettu 1790 +/- 80 BP, Su-1514
SA;1000004620;Kinnula;Kierinlahti;7030423;3402015;132;KM;28257;;FALSE;FALSE;FALSE;FALSE;FALSE;FALSE;FALSE;FALSE;FALSE;TRUE;TRUE;Wooden artefacts;Ski;Ski;Suksi;ei luetteloa, ajoitettu Hel-1536
SA;uusi 568;Viitasaari;Niininiemi;6977269;3451700;;KM;28258;;FALSE;FALSE;FALSE;FALSE;FALSE;FALSE;FALSE;FALSE;FALSE;FALSE;FALSE;Wooden artefacts;Bow;Bow;Jousi;varhaiskeskiaikainen, m„nty„
SA;uusi 573;Kurikka;N„rvijoki;6959301;3236981;69;KM;28304;1;FALSE;FALSE;FALSE;FALSE;FALSE;FALSE;FALSE;FALSE;FALSE;FALSE;FALSE;Wooden artefacts;Fishing implement;Lath screen fish trap;Liistekatiska;
SA;uusi 573;Kurikka;N„rvijoki;6959301;3236981;69;KM;28304;2;FALSE;FALSE;FALSE;FALSE;FALSE;FALSE;FALSE;FALSE;FALSE;FALSE;FALSE;Wooden artefacts;Fishing implement;Lath screen fish trap;Liistekatiska;
SA;uusi 573;Kurikka;N„rvijoki;6959301;3236981;69;KM;28304;3;FALSE;FALSE;FALSE;FALSE;FALSE;FALSE;FALSE;FALSE;FALSE;FALSE;FALSE;Wooden artefacts;Fishing implement;Lath screen fish trap;Liistekatiska;7 kpl paloja
SA;b2;Paltamo;Kivesneva;7154080;3511030;130;KM;28421;;FALSE;FALSE;FALSE;FALSE;FALSE;FALSE;FALSE;FALSE;FALSE;FALSE;FALSE;Wooden artefacts;Ski;Ski;Suksi;
SA;1000002692;Kontiolahti;P„iv„rinne;6958689;3645722;80;KM;28422;1;FALSE;FALSE;FALSE;FALSE;FALSE;FALSE;FALSE;FALSE;FALSE;FALSE;TRUE;Wooden artefacts;Ski;Ski;Suksi;
SA;1000002692;Kontiolahti;P„iv„rinne;6958689;3645722;80;KM;28422;2;FALSE;FALSE;FALSE;FALSE;FALSE;FALSE;FALSE;FALSE;FALSE;FALSE;TRUE;Wooden artefacts;Ski;Ski;Suksi;
SA;1000002694;Kontiolahti;Tervauuro;6958911;3645762;80;KM;28423;1;FALSE;FALSE;FALSE;FALSE;FALSE;FALSE;FALSE;FALSE;FALSE;FALSE;TRUE;Wooden artefacts;Ski;Ski;Suksi;
SA;1000002694;Kontiolahti;Tervauuro;6958911;3645762;80;KM;28423;2;FALSE;FALSE;FALSE;FALSE;FALSE;FALSE;FALSE;FALSE;FALSE;FALSE;TRUE;Wooden artefacts;Wooden artefact fragment;Wooden artefact fragment;Puuesineen katkelma;Molemmissa reiki„
SA;1000009225;Laukaa;Kallioranta;6911300;3457620;83;KM;28431;0;FALSE;FALSE;FALSE;FALSE;TRUE;TRUE;TRUE;FALSE;FALSE;FALSE;FALSE;Wooden artefacts;Paddle;Paddle;Mela;Ua-4596 4080+/-80 BP
SA;b142;Sein„joki;J„rviranta;6996104;3279348;40;KM;29476;0;FALSE;FALSE;FALSE;FALSE;TRUE;TRUE;TRUE;FALSE;FALSE;FALSE;FALSE;Wooden artefacts;Paddle;Paddle;Mela;"kahtena kappaleena; Ajoitustulos Su-3265: 2620-2440 calBC"
SA;972010012;Oulu;Purkajasuo;7253170;3448510;50,5;KM;29764;0;FALSE;FALSE;FALSE;FALSE;TRUE;TRUE;FALSE;FALSE;FALSE;FALSE;FALSE;Wooden artefacts;Fishing implement;Fishing implements;Kalastus- ja pyyntiv„lineit„;
SA;b172;Enonteki”;Peril„kangas;7594296;3368436;290;KM;29775;;FALSE;FALSE;FALSE;FALSE;FALSE;FALSE;FALSE;FALSE;FALSE;FALSE;FALSE;Wooden artefacts;Sledge runner;Sledge runner;Reenjalas;"Hel-3919 1080+/-70 BP; Morj„rv-tyyppi„"
SA;630040024;Pyh„nt„;Pyh„nn„njoen suu;7119900;3471480;95;KM;29886;0;FALSE;FALSE;FALSE;FALSE;TRUE;TRUE;TRUE;FALSE;FALSE;FALSE;FALSE;Wooden artefacts;Paddle;Paddle;Mela;
SA;972010012;Oulu;Purkajasuo;7253170;3448510;50,5;KM;30603;;FALSE;FALSE;FALSE;FALSE;TRUE;TRUE;FALSE;FALSE;FALSE;FALSE;FALSE;Wooden artefacts;Fishing implement;Fishing implements;Kalastus- ja pyyntiv„lineit„;erilaisia paaluja, liisteit„ ym.
SA;uusi 893;Kurikka;Niinist”nneva;6959369;3253048;;KM;30704;;FALSE;FALSE;FALSE;FALSE;FALSE;FALSE;FALSE;FALSE;FALSE;FALSE;FALSE;Wooden artefacts;Sledge;Sledge;Ahkio;ahkio tai veturi
SA;uusi 900;Janakkala;Valkealampi;6759893;3373574;;KM;30782;;FALSE;FALSE;FALSE;FALSE;FALSE;FALSE;FALSE;FALSE;FALSE;FALSE;FALSE;Wooden artefacts;Punt;Punt;Ruuhi;
SA;972010012;Oulu;Purkajasuo;7253170;3448510;50,5;KM;31019;;FALSE;FALSE;FALSE;FALSE;TRUE;TRUE;FALSE;FALSE;FALSE;FALSE;FALSE;Wooden artefacts;Fishing implement;Fishing implements;Kalastus- ja pyyntiv„lineit„;
SA;uusi 966;Pudasj„rvi;Žllinsuo;7265420;3500380;120;KM;31386;;FALSE;FALSE;FALSE;FALSE;TRUE;TRUE;TRUE;FALSE;FALSE;FALSE;FALSE;Wooden artefacts;Paddle;Paddle;Mela;kahtena kappaleena: mitat 640 x 190 x 27 ja 430 x 90 x 25 mm
SA;uusi 975;Paltamo;Kiveslahti;7151360;3512060;120;KM;31436;;FALSE;FALSE;FALSE;FALSE;FALSE;FALSE;FALSE;FALSE;FALSE;FALSE;FALSE;Wooden artefacts;Ski;Ski;Suksi;
SA;uusi 975;Paltamo;Kiveslahti;7151360;3512060;120;KM;31498;;FALSE;FALSE;FALSE;FALSE;FALSE;FALSE;FALSE;FALSE;FALSE;FALSE;FALSE;Wooden artefacts;Ski;Ski;Suksi;
SA;uusi 1040;Evij„rvi;Sulkaj„rvi;7043052;3316490;;KM;32040;;FALSE;FALSE;FALSE;FALSE;FALSE;FALSE;FALSE;FALSE;FALSE;FALSE;FALSE;Wooden artefacts;Fishing implement;Lath screen fish trap;Liistekatiska;6 kpl
SA;suo 112;Kokkola;Kupukkaneva;7059192;3350735;;KM;32550;;FALSE;FALSE;FALSE;FALSE;FALSE;FALSE;FALSE;FALSE;FALSE;FALSE;FALSE;Wooden artefacts;Ski;Ski;Suksi;
SA;suo 113;Kokkola;Pahalampi;7060990;3355086;;KM;32551;;FALSE;FALSE;FALSE;FALSE;FALSE;FALSE;FALSE;FALSE;FALSE;FALSE;FALSE;Wooden artefacts;Ski;Ski;Suksi;
SA;263040002;Kiuruvesi;Kaikonsuo;7075220;3484560;;KM;32557;;FALSE;FALSE;FALSE;FALSE;FALSE;FALSE;FALSE;FALSE;FALSE;FALSE;FALSE;Wooden artefacts;Sledge runner;Sledge runner;Reenjalas;palojen pituus yhteens„ yli 2 m
SA;694010007;Riihim„ki;Sinivuokkoniemi A-E;6733071;3378985;88;KM;32679;84;FALSE;FALSE;FALSE;FALSE;TRUE;TRUE;FALSE;FALSE;FALSE;FALSE;FALSE;Wooden artefacts;Wooden artefact fragment;Wooden artefact fragment;Puuesineen katkelma;
SA;694010007;Riihim„ki;Sinivuokkoniemi A-E;6733071;3378985;88;KM;32679;110;FALSE;FALSE;FALSE;FALSE;TRUE;TRUE;FALSE;FALSE;FALSE;FALSE;FALSE;Wooden artefacts;Wooden stake;Wooden stake;Puupaalu;
SA;694010007;Riihim„ki;Sinivuokkoniemi A-E;6733071;3378985;88;KM;32679;111;FALSE;FALSE;FALSE;FALSE;TRUE;TRUE;FALSE;FALSE;FALSE;FALSE;FALSE;Wooden artefacts;Wooden artefact fragment;Wooden artefact fragment;Puuesineen katkelma;
SA;694010007;Riihim„ki;Sinivuokkoniemi A-E;6733071;3378985;88;KM;32679;115;FALSE;FALSE;FALSE;FALSE;TRUE;TRUE;FALSE;FALSE;FALSE;FALSE;FALSE;Wooden artefacts;Wooden stake;Wooden stake;Puupaalu;
SA;249040021;Keuruu;Suolahti Suojoki;6914582;3379634;106;KM;32692;;FALSE;FALSE;FALSE;FALSE;FALSE;FALSE;FALSE;FALSE;FALSE;FALSE;TRUE;Wooden artefacts;Wooden artefact fragment;Wooden artefact fragment;Puuesineen katkelma;useita puuesineit„ (veneen osia yms)
SA;uusi 1141;P”yty„;Pajusuonpelto;6760913;3241947;50;KM;32873;;FALSE;FALSE;FALSE;FALSE;FALSE;FALSE;FALSE;FALSE;FALSE;FALSE;FALSE;Wooden artefacts;Ski;Ski;Suksi;
SA;uusi 1167;Vesanto;Horontaipale;6965620;3467210;99;KM;33135;;FALSE;FALSE;FALSE;FALSE;FALSE;FALSE;FALSE;FALSE;FALSE;FALSE;FALSE;Wooden artefacts;Sledge runner;Sledge runner;Reenjalas;
SA;uusi 1184;Mikkeli;Laksattalahti;6818320;3536780;100;KM;33224;;FALSE;FALSE;FALSE;FALSE;FALSE;FALSE;FALSE;FALSE;FALSE;FALSE;FALSE;Wooden artefacts;Wooden artefact fragment;Wooden artefact fragment;Puuesineen katkelma;esineess„ seitsem„n reik„„
SA;uusi 1185;Mikkeli;Kivilampi;6818240;3538480;80;KM;33225;1;FALSE;FALSE;FALSE;FALSE;FALSE;FALSE;FALSE;FALSE;FALSE;FALSE;FALSE;Wooden artefacts;Bow;Bow;Jousi;
SA;uusi 1185;Mikkeli;Kivilampi;6818240;3538480;80;KM;33225;2;FALSE;FALSE;FALSE;FALSE;FALSE;FALSE;FALSE;FALSE;FALSE;FALSE;FALSE;Wooden artefacts;Wooden artefact fragment;Wooden artefact fragment;Puuesineen katkelma;
SA;suo 113;Kokkola;Pahalampi;7060990;3355086;;KM;33291;1;FALSE;FALSE;FALSE;FALSE;FALSE;FALSE;FALSE;FALSE;FALSE;FALSE;FALSE;Wooden artefacts;Ski;Ski;Suksi;
SA;suo 113;Kokkola;Pahalampi;7060990;3355086;;KM;33291;2;FALSE;FALSE;FALSE;FALSE;FALSE;FALSE;FALSE;FALSE;FALSE;FALSE;FALSE;Wooden artefacts;Ski;Ski;Suksi;
SA;694010007;Riihim„ki;Sinivuokkoniemi A-E;6733071;3378985;88;KM;33457;90;FALSE;FALSE;FALSE;FALSE;TRUE;TRUE;FALSE;FALSE;FALSE;FALSE;FALSE;Wooden artefacts;Wooden stake;Wooden stake;Puupaalu;koivua
SA;694010007;Riihim„ki;Sinivuokkoniemi A-E;6733071;3378985;88;KM;33457;91;FALSE;FALSE;FALSE;FALSE;TRUE;TRUE;FALSE;FALSE;FALSE;FALSE;FALSE;Wooden artefacts;Wooden stake;Wooden stake;Puupaalu;koivua
SA;694010007;Riihim„ki;Sinivuokkoniemi A-E;6733071;3378985;88;KM;33457;92;FALSE;FALSE;FALSE;FALSE;TRUE;TRUE;FALSE;FALSE;FALSE;FALSE;FALSE;Wooden artefacts;Wooden artefact fragment;Wooden artefact fragment;Puuesineen katkelma;liisteit„?
SA;1000008944;Inari;Nanguniemi;7638585;3532315;;KM;34004;5;FALSE;FALSE;FALSE;FALSE;FALSE;FALSE;FALSE;FALSE;FALSE;FALSE;TRUE;Wooden artefacts;Birch bark sheet;Birch bark sheet;Tuohilevy;Ajoitukset Hela-746 ja Hela-747
SA;694010011;Riihim„ki;Silm„kenevan saari 3 A-C;6734347;3378520;92;KM;34031;384;FALSE;FALSE;FALSE;FALSE;FALSE;FALSE;FALSE;TRUE;TRUE;FALSE;FALSE;Wooden artefacts;Wooden artefact fragment;Wooden artefact fragment;Puuesineen katkelma;ty”stetty„ puuta
SA;1000012024;Haapavesi;Toivola;7122845;3420434;120,7;KM;34269;;FALSE;FALSE;FALSE;FALSE;FALSE;FALSE;FALSE;FALSE;FALSE;TRUE;TRUE;Wooden artefacts;Ski;Ski;Suksi;
SA;972010012;Oulu;Purkajasuo;7253170;3448510;50,5;KM;34860;;FALSE;FALSE;FALSE;FALSE;TRUE;TRUE;FALSE;FALSE;FALSE;FALSE;FALSE;Wooden artefacts;Fishing implement;Fishing implements;Kalastus- ja pyyntiv„lineit„;
SA;972010012;Oulu;Purkajasuo;7253170;3448510;50,5;KM;34861;;FALSE;FALSE;FALSE;FALSE;TRUE;TRUE;FALSE;FALSE;FALSE;FALSE;FALSE;Wooden artefacts;Fishing implement;Fishing implements;Kalastus- ja pyyntiv„lineit„;
SA;uusi 1320;Viitasaari;Pouninsalmi;6996140;3425500;;KM;34964;;FALSE;FALSE;FALSE;FALSE;FALSE;FALSE;FALSE;FALSE;FALSE;FALSE;FALSE;Wooden artefacts;Ski;Ski;Suksi;
SA;uusi 1321;Viitasaari;Huopanansuo;6993240;3430500;;KM;34965;;FALSE;FALSE;FALSE;FALSE;FALSE;FALSE;FALSE;FALSE;FALSE;FALSE;FALSE;Wooden artefacts;Ski;Ski;Suksi;
SA;535010001;Nivala;Salmensuu;7097468;3404804;82,5;KM;35461;;FALSE;FALSE;FALSE;FALSE;FALSE;FALSE;FALSE;FALSE;FALSE;FALSE;FALSE;Wooden artefacts;Fishing implement;Lath screen fish trap;Liistekatiska;m„ntypuinen liiste ja lehtipuupaalu
SA;1000016029;Savukoski;Kuusikko;7465650;3554870;;KM;35625;;FALSE;FALSE;FALSE;FALSE;TRUE;TRUE;TRUE;FALSE;FALSE;FALSE;FALSE;Wooden artefacts;Paddle;Paddle;Mela;m„ntypuuta, c14-ajoitus, Hela-1117: 4060 +/- 40 BP
SA;1000003341;Kitee;Hiidenniemi;6863023;3642452;75;KM;36423;6459;FALSE;FALSE;FALSE;FALSE;FALSE;FALSE;TRUE;TRUE;FALSE;FALSE;FALSE;Wooden artefacts;Wooden stake;Wooden stake;Puupaalu;Pitk„, toista p„„t„ kohti levenev„ seiv„s. Leve„mpi p„„ on teroitettu ja samassa p„„ss„ on veistetty lovi. Ei kuorta j„ljell„. Pituus 64,5 cm, max halkaisija 3,7 cm. Todenn„k”isesti katajaa. AMS-ajoitus Hela 1399: 2180 +/- 35 BP.
SA;1000003341;Kitee;Hiidenniemi;6863023;3642452;75;KM;36423;6460;FALSE;FALSE;FALSE;FALSE;FALSE;FALSE;TRUE;TRUE;FALSE;FALSE;FALSE;Wooden artefacts;Wooden stake;Wooden stake;Puupaalu;Seiv„s, jonka toinen p„„ on teroitettu, hieman kuorta j„ljell„. Puu on koivua. Pituus 38 cm, halkaisija 3,8 cm. AMS-ajoitus Hela-1400: 2820 +/- 45 BP.
SA;1000003341;Kitee;Hiidenniemi;6863023;3642452;75;KM;36423;6461;FALSE;FALSE;FALSE;FALSE;FALSE;FALSE;TRUE;TRUE;FALSE;FALSE;FALSE;Wooden artefacts;Wooden stake;Wooden stake;Puupaalu;Pitkulainen, toisesta p„„st„ teroitettu seiv„s. Toisesta p„„st„ katkennut pala irti. Pidemm„n palan pituus 34,7 cm, lyhemm„n 9 cm, paksuus 3,2 cm. Ei kuorta j„ljell„
SA;1000003341;Kitee;Hiidenniemi;6863023;3642452;75;KM;36423;6462;FALSE;FALSE;FALSE;FALSE;FALSE;FALSE;TRUE;TRUE;FALSE;FALSE;FALSE;Wooden artefacts;Wooden stake;Wooden stake;Puupaalu;Paksu, toisesta p„„st„ teroitettu seiv„s, jonka toisessa p„„ss„ kuorta j„ljell„. Lis„ksi kaksi pienemp„„ kappaletta ja useita pieni„ fragmentteja. Isoimman palan pituus 52 cm, halkaisija 6,5 cm. Pienempi pala 21 x 6 cm ja pienin pala 9,5 x 5 cm. Koivua.
SA;1000003341;Kitee;Hiidenniemi;6863023;3642452;75;KM;36423;6463;FALSE;FALSE;FALSE;FALSE;FALSE;FALSE;TRUE;TRUE;FALSE;FALSE;FALSE;Wooden artefacts;Wooden stake;Wooden stake;Puupaalu;Kaksi toisesta p„„st„ teroitettua seiv„st„ ja irrallista kuorta (kuori kuuluu pidemp„„n kappaleeseen). Pidemm„n palan pituus 34 cm, halkaisija 2,5 cm. Lyhyemm„n palan pituus 22,5 cm, halkaisija 2,5 cm.
SA;1000003341;Kitee;Hiidenniemi;6863023;3642452;75;KM;36423;6464;FALSE;FALSE;FALSE;FALSE;FALSE;FALSE;TRUE;TRUE;FALSE;FALSE;FALSE;Wooden artefacts;Wooden stake;Wooden stake;Puupaalu;Pitk„ seiv„s, ei kuorta j„ljell„. Pituus 52 cm, halkaisija 2 cm.
SA;1000003341;Kitee;Hiidenniemi;6863023;3642452;75;KM;36423;6465;FALSE;FALSE;FALSE;FALSE;FALSE;FALSE;TRUE;TRUE;FALSE;FALSE;FALSE;Wooden artefacts;Wooden stake;Wooden stake;Puupaalu;Seip„„n k„rki teroitettu viistosti parilla iskulla keskelt„ sek„ molemmilta sivuilta yhdell„ iskulla, yhteens„ nelj„ll„ iskulla. Teroitettu n. 10 cm pituudelta, sivuilta n. 6 cm. Seip„„n mitat n. 40,5 x 3,8 x 3,8 cm.
SA;1000003341;Kitee;Hiidenniemi;6863023;3642452;75;KM;36423;6466;FALSE;FALSE;FALSE;FALSE;FALSE;FALSE;TRUE;TRUE;FALSE;FALSE;FALSE;Wooden artefacts;Wooden stake;Wooden stake;Puupaalu;Teroitettu koivupaalu, joka on katkennut kahteen osaan. Isomman palan mitat 36,2 x 5,8 x 4,5 cm, pienemm„n 32 x 6,5 x 4,5 cm.
SA;1000003341;Kitee;Hiidenniemi;6863023;3642452;75;KM;36423;6467;FALSE;FALSE;FALSE;FALSE;FALSE;FALSE;TRUE;TRUE;FALSE;FALSE;FALSE;Wooden artefacts;Wooden stake;Wooden stake;Puupaalu;Teroitettu seip„„n k„rki, mitat 18 x 2,5 x 2,5 cm.
SA;1000008736;H„meenlinna;Nokinm„ki;6763302;3365343;;KM;36778;;FALSE;FALSE;FALSE;FALSE;FALSE;FALSE;FALSE;FALSE;FALSE;FALSE;FALSE;Wooden artefacts;Fishing implement;Net sinker with birch bark binding;Verkonkives, tuohipunos;p„„llystetty tuohipunoksella
SA;uusi 1790;Oulu;Isosuo;7221280;3461360;70;KM;37213;;FALSE;FALSE;FALSE;FALSE;FALSE;FALSE;FALSE;FALSE;FALSE;FALSE;FALSE;Wooden artefacts;Sledge runner;Sledge runner;Reenjalas;
SA;1000005054;Rautalampi;Oikarinsalmi;6954080;3495043;98;KM;37238;;FALSE;FALSE;FALSE;FALSE;FALSE;FALSE;FALSE;FALSE;FALSE;FALSE;TRUE;Wooden artefacts;Ski;Ski;Suksi;kohop„lk„inen suksi, c14-ajoitus, 1440 +/-30 BP (Poz-6958)
SA;uusi 1795;Lappeenranta;K„h„ril„;6771116;3583456;47;KM;37239;;FALSE;FALSE;FALSE;FALSE;TRUE;TRUE;TRUE;FALSE;FALSE;FALSE;FALSE;Wooden artefacts;Paddle;Paddle;Mela;
SA;uusi 1796;Raahe;Vehmassalo;7143937;3424013;85;KM;37240;;FALSE;FALSE;FALSE;FALSE;TRUE;TRUE;TRUE;FALSE;FALSE;FALSE;FALSE;Wooden artefacts;Paddle;Paddle;Mela;mela/airo
SA;uusi 1799;Keuruu;Ollilansalmi;6901523;3383835;104;KM;37288;;FALSE;FALSE;FALSE;FALSE;FALSE;FALSE;FALSE;FALSE;FALSE;FALSE;FALSE;Wooden artefacts;Sledge runner;Sledge runner;Reenjalas;
SA;uusi 1880;Paimio;S„hk”yhti”ntie 4;6713714;3262699;15;KM;37946;;FALSE;FALSE;FALSE;FALSE;FALSE;FALSE;FALSE;FALSE;FALSE;FALSE;FALSE;Wooden artefacts;Shaft of an axe;Shaft of an axe;Kirveen varsi;varren puulaji on saarni
SA;uusi 8362;tuntematon;;;;;SatM;12715;24;FALSE;FALSE;FALSE;FALSE;FALSE;FALSE;FALSE;FALSE;FALSE;FALSE;FALSE;Wooden artefacts;Fishing implement;Bark float;Kaarnakoho;
SA;uusi 8362;tuntematon;;;;;SatM;12715;38;FALSE;FALSE;FALSE;FALSE;FALSE;FALSE;FALSE;FALSE;FALSE;FALSE;FALSE;Wooden artefacts;Fishing implement;Bark float;Kaarnakoho;
SA;609010021;Pori;L„hdepuro;6826785;3217872;10;SatM;15777;1;FALSE;FALSE;FALSE;FALSE;FALSE;FALSE;TRUE;FALSE;FALSE;FALSE;FALSE;Wooden artefacts;Fishing implement;Bark float;Kaarnakoho;
SA;609010021;Pori;L„hdepuro;6826785;3217872;10;SatM;15777;2;FALSE;FALSE;FALSE;FALSE;FALSE;FALSE;TRUE;FALSE;FALSE;FALSE;FALSE;Wooden artefacts;Fishing implement;Bark float;Kaarnakoho;
SA;609010021;Pori;L„hdepuro;6826785;3217872;10;SatM;15777;3;FALSE;FALSE;FALSE;FALSE;FALSE;FALSE;TRUE;FALSE;FALSE;FALSE;FALSE;Wooden artefacts;Fishing implement;Bark float;Kaarnakoho;
SA;609010021;Pori;L„hdepuro;6826785;3217872;10;SatM;15777;4;FALSE;FALSE;FALSE;FALSE;FALSE;FALSE;TRUE;FALSE;FALSE;FALSE;FALSE;Wooden artefacts;Fishing implement;Bark float;Kaarnakoho;
SA;609010021;Pori;L„hdepuro;6826785;3217872;10;SatM;15777;5;FALSE;FALSE;FALSE;FALSE;FALSE;FALSE;TRUE;FALSE;FALSE;FALSE;FALSE;Wooden artefacts;Fishing implement;Bark float;Kaarnakoho;
SA;609010021;Pori;L„hdepuro;6826785;3217872;10;SatM;15777;6;FALSE;FALSE;FALSE;FALSE;FALSE;FALSE;TRUE;FALSE;FALSE;FALSE;FALSE;Wooden artefacts;Fishing implement;Bark float;Kaarnakoho;
SA;609010021;Pori;L„hdepuro;6826785;3217872;10;SatM;15777;7;FALSE;FALSE;FALSE;FALSE;FALSE;FALSE;TRUE;FALSE;FALSE;FALSE;FALSE;Wooden artefacts;Fishing implement;Bark float;Kaarnakoho;20
SA;609010021;Pori;L„hdepuro;6826785;3217872;10;SatM;15777;8;FALSE;FALSE;FALSE;FALSE;FALSE;FALSE;TRUE;FALSE;FALSE;FALSE;FALSE;Wooden artefacts;Fishing implement;Bark float;Kaarnakoho;
SA;609010021;Pori;L„hdepuro;6826785;3217872;10;SatM;15777;9;FALSE;FALSE;FALSE;FALSE;FALSE;FALSE;TRUE;FALSE;FALSE;FALSE;FALSE;Wooden artefacts;Fishing implement;Bark float;Kaarnakoho;
SA;609010021;Pori;L„hdepuro;6826785;3217872;10;SatM;15777;10;FALSE;FALSE;FALSE;FALSE;FALSE;FALSE;TRUE;FALSE;FALSE;FALSE;FALSE;Wooden artefacts;Fishing implement;Bark float;Kaarnakoho;
SA;609010021;Pori;L„hdepuro;6826785;3217872;10;SatM;15777;11;FALSE;FALSE;FALSE;FALSE;FALSE;FALSE;TRUE;FALSE;FALSE;FALSE;FALSE;Wooden artefacts;Fishing implement;Bark float;Kaarnakoho;
SA;609010021;Pori;L„hdepuro;6826785;3217872;10;SatM;15777;12;FALSE;FALSE;FALSE;FALSE;FALSE;FALSE;TRUE;FALSE;FALSE;FALSE;FALSE;Wooden artefacts;Fishing implement;Bark float;Kaarnakoho;
SA;609010021;Pori;L„hdepuro;6826785;3217872;10;SatM;15777;13;FALSE;FALSE;FALSE;FALSE;FALSE;FALSE;TRUE;FALSE;FALSE;FALSE;FALSE;Wooden artefacts;Fishing implement;Bark float;Kaarnakoho;
SA;609010021;Pori;L„hdepuro;6826785;3217872;10;SatM;15777;14;FALSE;FALSE;FALSE;FALSE;FALSE;FALSE;TRUE;FALSE;FALSE;FALSE;FALSE;Wooden artefacts;Fishing implement;Bark float;Kaarnakoho;
SA;609010021;Pori;L„hdepuro;6826785;3217872;10;SatM;15777;15;FALSE;FALSE;FALSE;FALSE;FALSE;FALSE;TRUE;FALSE;FALSE;FALSE;FALSE;Wooden artefacts;Fishing implement;Bark float;Kaarnakoho;
SA;609010021;Pori;L„hdepuro;6826785;3217872;10;SatM;15777;16;FALSE;FALSE;FALSE;FALSE;FALSE;FALSE;TRUE;FALSE;FALSE;FALSE;FALSE;Wooden artefacts;Fishing implement;Bark float;Kaarnakoho;
SA;609010021;Pori;L„hdepuro;6826785;3217872;10;SatM;15777;17;FALSE;FALSE;FALSE;FALSE;FALSE;FALSE;TRUE;FALSE;FALSE;FALSE;FALSE;Wooden artefacts;Fishing implement;Bark float;Kaarnakoho;
SA;609010021;Pori;L„hdepuro;6826785;3217872;10;SatM;15777;18;FALSE;FALSE;FALSE;FALSE;FALSE;FALSE;TRUE;FALSE;FALSE;FALSE;FALSE;Wooden artefacts;Fishing implement;Bark float;Kaarnakoho;
SA;609010021;Pori;L„hdepuro;6826785;3217872;10;SatM;15777;19;FALSE;FALSE;FALSE;FALSE;FALSE;FALSE;TRUE;FALSE;FALSE;FALSE;FALSE;Wooden artefacts;Fishing implement;Bark float;Kaarnakoho;
SA;609010021;Pori;L„hdepuro;6826785;3217872;10;SatM;15777;20;FALSE;FALSE;FALSE;FALSE;FALSE;FALSE;TRUE;FALSE;FALSE;FALSE;FALSE;Wooden artefacts;Fishing implement;Bark float;Kaarnakoho;
SA;609010021;Pori;L„hdepuro;6826785;3217872;10;SatM;15777;21;FALSE;FALSE;FALSE;FALSE;FALSE;FALSE;TRUE;FALSE;FALSE;FALSE;FALSE;Wooden artefacts;Fishing implement;Bark float;Kaarnakoho;
SA;609010021;Pori;L„hdepuro;6826785;3217872;10;SatM;15777;22;FALSE;FALSE;FALSE;FALSE;FALSE;FALSE;TRUE;FALSE;FALSE;FALSE;FALSE;Wooden artefacts;Fishing implement;Bark float;Kaarnakoho;
SA;609010021;Pori;L„hdepuro;6826785;3217872;10;SatM;15777;23;FALSE;FALSE;FALSE;FALSE;FALSE;FALSE;TRUE;FALSE;FALSE;FALSE;FALSE;Wooden artefacts;Fishing implement;Bark float;Kaarnakoho;
SA;609010021;Pori;L„hdepuro;6826785;3217872;10;SatM;15777;24;FALSE;FALSE;FALSE;FALSE;FALSE;FALSE;TRUE;FALSE;FALSE;FALSE;FALSE;Wooden artefacts;Fishing implement;Bark float;Kaarnakoho;
SA;609010021;Pori;L„hdepuro;6826785;3217872;10;SatM;15777;25;FALSE;FALSE;FALSE;FALSE;FALSE;FALSE;TRUE;FALSE;FALSE;FALSE;FALSE;Wooden artefacts;Fishing implement;Bark float;Kaarnakoho;
SA;609010021;Pori;L„hdepuro;6826785;3217872;10;SatM;15777;26;FALSE;FALSE;FALSE;FALSE;FALSE;FALSE;TRUE;FALSE;FALSE;FALSE;FALSE;Wooden artefacts;Fishing implement;Bark float;Kaarnakoho;
SA;609010021;Pori;L„hdepuro;6826785;3217872;10;SatM;15777;27;FALSE;FALSE;FALSE;FALSE;FALSE;FALSE;TRUE;FALSE;FALSE;FALSE;FALSE;Wooden artefacts;Fishing implement;Bark float;Kaarnakoho;
SA;uusi 8002;Eura;Panelia;6802246;3231064;;SatM;16444;1;FALSE;FALSE;FALSE;FALSE;FALSE;FALSE;FALSE;FALSE;FALSE;FALSE;FALSE;Wooden artefacts;Punt;Punt;Ruuhi;
SA;uusi 8002;Eura;Panelia;6802246;3231064;;SatM;16444;2;FALSE;FALSE;FALSE;FALSE;FALSE;FALSE;FALSE;FALSE;FALSE;FALSE;FALSE;Wooden artefacts;Wooden artefact fragment;Wooden artefact fragment;Puuesineen katkelma;
SA;uusi 8002;Eura;Panelia;6802246;3231064;;SatM;16444;3;FALSE;FALSE;FALSE;FALSE;FALSE;FALSE;FALSE;FALSE;FALSE;FALSE;FALSE;Wooden artefacts;Birch bark sheet;Birch bark sheet;Tuohilevy;
SA;uusi 8002;Eura;Panelia;6802246;3231064;;SatM;16444;4;FALSE;FALSE;FALSE;FALSE;FALSE;FALSE;FALSE;FALSE;FALSE;FALSE;FALSE;Wooden artefacts;Wooden artefact fragment;Wooden artefact fragment;Puuesineen katkelma;
SA;uusi 8095;Sastamala;Jylh„nmaa;6826679;3260105;;SatM;16450;;FALSE;FALSE;FALSE;FALSE;FALSE;FALSE;FALSE;FALSE;FALSE;FALSE;FALSE;Wooden artefacts;Wooden trough;Wooden trough;Puukaukalo;
SA;uusi 8194;Pomarkku;Honkakoski;6859673;3243391;;SatM;16764;;FALSE;FALSE;FALSE;FALSE;FALSE;FALSE;FALSE;FALSE;FALSE;FALSE;FALSE;Wooden artefacts;Ski;Ski;Suksi;0
SA;1000008988;Ulvila;Palus/Puisto;6834880;3239320;30;SatM;16765;1;FALSE;FALSE;FALSE;FALSE;FALSE;FALSE;FALSE;FALSE;FALSE;TRUE;FALSE;Wooden artefacts;Sledge runner;Sledge runner;Reenjalas;
SA;1000008988;Ulvila;Palus/Puisto;6834880;3239320;30;SatM;16765;2;FALSE;FALSE;FALSE;FALSE;FALSE;FALSE;FALSE;FALSE;FALSE;TRUE;FALSE;Wooden artefacts;Sledge runner;Sledge runner;Reenjalas;40
SA;1000008988;Ulvila;Palus/Puisto;6834880;3239320;30;SatM;16765;3;FALSE;FALSE;FALSE;FALSE;FALSE;FALSE;FALSE;FALSE;FALSE;TRUE;FALSE;Wooden artefacts;Sledge runner;Sledge runner;Reenjalas;
SA;1000008988;Ulvila;Palus/Puisto;6834880;3239320;30;SatM;16765;4;FALSE;FALSE;FALSE;FALSE;FALSE;FALSE;FALSE;FALSE;FALSE;TRUE;FALSE;Wooden artefacts;Sledge runner;Sledge runner;Reenjalas;
SA;1000008988;Ulvila;Palus/Puisto;6834880;3239320;30;SatM;16765;5;FALSE;FALSE;FALSE;FALSE;FALSE;FALSE;FALSE;FALSE;FALSE;TRUE;FALSE;Wooden artefacts;Sledge runner;Sledge runner;Reenjalas;
SA;uusi 7949;Eura;Kauttua Tirkkeli;6786618;3237757;;SatM;16962;1;FALSE;FALSE;FALSE;FALSE;FALSE;FALSE;FALSE;FALSE;FALSE;FALSE;FALSE;Wooden artefacts;Ski;Ski;Suksi;8
SA;uusi 7949;Eura;Kauttua Tirkkeli;6786618;3237757;;SatM;16962;2;FALSE;FALSE;FALSE;FALSE;FALSE;FALSE;FALSE;FALSE;FALSE;FALSE;FALSE;Wooden artefacts;Ski;Ski;Suksi;9
SA;uusi 7949;Eura;Kauttua Tirkkeli;6786618;3237757;;SatM;16962;3;FALSE;FALSE;FALSE;FALSE;FALSE;FALSE;FALSE;FALSE;FALSE;FALSE;FALSE;Wooden artefacts;Ski;Ski;Suksi;
SA;uusi 7949;Eura;Kauttua Tirkkeli;6786618;3237757;;SatM;16962;4;FALSE;FALSE;FALSE;FALSE;FALSE;FALSE;FALSE;FALSE;FALSE;FALSE;FALSE;Wooden artefacts;Ski;Ski;Suksi;
SA;uusi 7949;Eura;Kauttua Tirkkeli;6786618;3237757;;SatM;16962;5;FALSE;FALSE;FALSE;FALSE;FALSE;FALSE;FALSE;FALSE;FALSE;FALSE;FALSE;Wooden artefacts;Ski;Ski;Suksi;7
SA;uusi 7949;Eura;Kauttua Tirkkeli;6786618;3237757;;SatM;16962;6;FALSE;FALSE;FALSE;FALSE;FALSE;FALSE;FALSE;FALSE;FALSE;FALSE;FALSE;Wooden artefacts;Wood piece;Wood piece;Puuta;9
SA;uusi 7949;Eura;Kauttua Tirkkeli;6786618;3237757;;SatM;16962;7;FALSE;FALSE;FALSE;FALSE;FALSE;FALSE;FALSE;FALSE;FALSE;FALSE;FALSE;Wooden artefacts;Wood piece;Wood piece;Puuta;
SA;uusi 8130;Pori;Harjakangas;6838085;3233816;;SatM;17264;;FALSE;FALSE;FALSE;FALSE;FALSE;FALSE;FALSE;FALSE;FALSE;FALSE;FALSE;Wooden artefacts;Sledge runner;Sledge runner;Reenjalas;
SA;609010021;Pori;L„hdepuro;6826785;3217872;10;SatM;17399;1;FALSE;FALSE;FALSE;FALSE;FALSE;FALSE;TRUE;FALSE;FALSE;FALSE;FALSE;Wooden artefacts;Fishing implement;Bark float;Kaarnakoho;
SA;609010021;Pori;L„hdepuro;6826785;3217872;10;SatM;17399;2;FALSE;FALSE;FALSE;FALSE;FALSE;FALSE;TRUE;FALSE;FALSE;FALSE;FALSE;Wooden artefacts;Fishing implement;Bark float;Kaarnakoho;
SA;609010021;Pori;L„hdepuro;6826785;3217872;10;SatM;17399;3;FALSE;FALSE;FALSE;FALSE;FALSE;FALSE;TRUE;FALSE;FALSE;FALSE;FALSE;Wooden artefacts;Fishing implement;Bark float;Kaarnakoho;
SA;609010021;Pori;L„hdepuro;6826785;3217872;10;SatM;17399;4;FALSE;FALSE;FALSE;FALSE;FALSE;FALSE;TRUE;FALSE;FALSE;FALSE;FALSE;Wooden artefacts;Fishing implement;Bark float;Kaarnakoho;
SA;609010021;Pori;L„hdepuro;6826785;3217872;10;SatM;17399;5;FALSE;FALSE;FALSE;FALSE;FALSE;FALSE;TRUE;FALSE;FALSE;FALSE;FALSE;Wooden artefacts;Fishing implement;Bark float;Kaarnakoho;
SA;609010021;Pori;L„hdepuro;6826785;3217872;10;SatM;17399;6;FALSE;FALSE;FALSE;FALSE;FALSE;FALSE;TRUE;FALSE;FALSE;FALSE;FALSE;Wooden artefacts;Fishing implement;Bark float;Kaarnakoho;
SA;609010021;Pori;L„hdepuro;6826785;3217872;10;SatM;17399;7;FALSE;FALSE;FALSE;FALSE;FALSE;FALSE;TRUE;FALSE;FALSE;FALSE;FALSE;Wooden artefacts;Fishing implement;Bark float;Kaarnakoho;
SA;609010021;Pori;L„hdepuro;6826785;3217872;10;SatM;17399;8;FALSE;FALSE;FALSE;FALSE;FALSE;FALSE;TRUE;FALSE;FALSE;FALSE;FALSE;Wooden artefacts;Fishing implement;Bark float;Kaarnakoho;
SA;609010021;Pori;L„hdepuro;6826785;3217872;10;SatM;17399;9;FALSE;FALSE;FALSE;FALSE;FALSE;FALSE;TRUE;FALSE;FALSE;FALSE;FALSE;Wooden artefacts;Fishing implement;Bark float;Kaarnakoho;
SA;609010021;Pori;L„hdepuro;6826785;3217872;10;SatM;17399;10;FALSE;FALSE;FALSE;FALSE;FALSE;FALSE;TRUE;FALSE;FALSE;FALSE;FALSE;Wooden artefacts;Fishing implement;Bark float;Kaarnakoho;
SA;609010021;Pori;L„hdepuro;6826785;3217872;10;SatM;17399;11;FALSE;FALSE;FALSE;FALSE;FALSE;FALSE;TRUE;FALSE;FALSE;FALSE;FALSE;Wooden artefacts;Fishing implement;Bark float;Kaarnakoho;
SA;609010021;Pori;L„hdepuro;6826785;3217872;10;SatM;17399;12;FALSE;FALSE;FALSE;FALSE;FALSE;FALSE;TRUE;FALSE;FALSE;FALSE;FALSE;Wooden artefacts;Fishing implement;Bark float;Kaarnakoho;
SA;609010021;Pori;L„hdepuro;6826785;3217872;10;SatM;17399;13;FALSE;FALSE;FALSE;FALSE;FALSE;FALSE;TRUE;FALSE;FALSE;FALSE;FALSE;Wooden artefacts;Fishing implement;Bark float;Kaarnakoho;
SA;609010021;Pori;L„hdepuro;6826785;3217872;10;SatM;17399;14;FALSE;FALSE;FALSE;FALSE;FALSE;FALSE;TRUE;FALSE;FALSE;FALSE;FALSE;Wooden artefacts;Fishing implement;Bark float;Kaarnakoho;
SA;609010021;Pori;L„hdepuro;6826785;3217872;10;SatM;17399;15;FALSE;FALSE;FALSE;FALSE;FALSE;FALSE;TRUE;FALSE;FALSE;FALSE;FALSE;Wooden artefacts;Fishing implement;Bark float;Kaarnakoho;
SA;609010021;Pori;L„hdepuro;6826785;3217872;10;SatM;17399;16;FALSE;FALSE;FALSE;FALSE;FALSE;FALSE;TRUE;FALSE;FALSE;FALSE;FALSE;Wooden artefacts;Fishing implement;Bark float;Kaarnakoho;
SA;609010021;Pori;L„hdepuro;6826785;3217872;10;SatM;17399;17;FALSE;FALSE;FALSE;FALSE;FALSE;FALSE;TRUE;FALSE;FALSE;FALSE;FALSE;Wooden artefacts;Fishing implement;Bark float;Kaarnakoho;
SA;609010021;Pori;L„hdepuro;6826785;3217872;10;SatM;17399;18;FALSE;FALSE;FALSE;FALSE;FALSE;FALSE;TRUE;FALSE;FALSE;FALSE;FALSE;Wooden artefacts;Fishing implement;Bark float;Kaarnakoho;
SA;609010021;Pori;L„hdepuro;6826785;3217872;10;SatM;17399;19;FALSE;FALSE;FALSE;FALSE;FALSE;FALSE;TRUE;FALSE;FALSE;FALSE;FALSE;Wooden artefacts;Fishing implement;Bark float;Kaarnakoho;
SA;609010021;Pori;L„hdepuro;6826785;3217872;10;SatM;17399;20;FALSE;FALSE;FALSE;FALSE;FALSE;FALSE;TRUE;FALSE;FALSE;FALSE;FALSE;Wooden artefacts;Fishing implement;Bark float;Kaarnakoho;
SA;609010021;Pori;L„hdepuro;6826785;3217872;10;SatM;17399;21;FALSE;FALSE;FALSE;FALSE;FALSE;FALSE;TRUE;FALSE;FALSE;FALSE;FALSE;Wooden artefacts;Fishing implement;Bark float;Kaarnakoho;
SA;609010021;Pori;L„hdepuro;6826785;3217872;10;SatM;17399;22;FALSE;FALSE;FALSE;FALSE;FALSE;FALSE;TRUE;FALSE;FALSE;FALSE;FALSE;Wooden artefacts;Fishing implement;Bark float;Kaarnakoho;
SA;609010021;Pori;L„hdepuro;6826785;3217872;10;SatM;17399;23;FALSE;FALSE;FALSE;FALSE;FALSE;FALSE;TRUE;FALSE;FALSE;FALSE;FALSE;Wooden artefacts;Fishing implement;Bark float;Kaarnakoho;
SA;609010021;Pori;L„hdepuro;6826785;3217872;10;SatM;17399;24;FALSE;FALSE;FALSE;FALSE;FALSE;FALSE;TRUE;FALSE;FALSE;FALSE;FALSE;Wooden artefacts;Fishing implement;Bark float;Kaarnakoho;
SA;609010021;Pori;L„hdepuro;6826785;3217872;10;SatM;17399;25;FALSE;FALSE;FALSE;FALSE;FALSE;FALSE;TRUE;FALSE;FALSE;FALSE;FALSE;Wooden artefacts;Fishing implement;Bark float;Kaarnakoho;
SA;609010021;Pori;L„hdepuro;6826785;3217872;10;SatM;17399;26;FALSE;FALSE;FALSE;FALSE;FALSE;FALSE;TRUE;FALSE;FALSE;FALSE;FALSE;Wooden artefacts;Fishing implement;Bark float;Kaarnakoho;
SA;609010021;Pori;L„hdepuro;6826785;3217872;10;SatM;17399;27;FALSE;FALSE;FALSE;FALSE;FALSE;FALSE;TRUE;FALSE;FALSE;FALSE;FALSE;Wooden artefacts;Fishing implement;Bark float;Kaarnakoho;
SA;609010021;Pori;L„hdepuro;6826785;3217872;10;SatM;17399;28;FALSE;FALSE;FALSE;FALSE;FALSE;FALSE;TRUE;FALSE;FALSE;FALSE;FALSE;Wooden artefacts;Fishing implement;Bark float;Kaarnakoho;
SA;609010021;Pori;L„hdepuro;6826785;3217872;10;SatM;17399;29;FALSE;FALSE;FALSE;FALSE;FALSE;FALSE;TRUE;FALSE;FALSE;FALSE;FALSE;Wooden artefacts;Fishing implement;Bark float;Kaarnakoho;
SA;609010021;Pori;L„hdepuro;6826785;3217872;10;SatM;17399;30;FALSE;FALSE;FALSE;FALSE;FALSE;FALSE;TRUE;FALSE;FALSE;FALSE;FALSE;Wooden artefacts;Fishing implement;Bark float;Kaarnakoho;
SA;609010021;Pori;L„hdepuro;6826785;3217872;10;SatM;17399;31;FALSE;FALSE;FALSE;FALSE;FALSE;FALSE;TRUE;FALSE;FALSE;FALSE;FALSE;Wooden artefacts;Fishing implement;Bark float;Kaarnakoho;
SA;609010021;Pori;L„hdepuro;6826785;3217872;10;SatM;17399;32;FALSE;FALSE;FALSE;FALSE;FALSE;FALSE;TRUE;FALSE;FALSE;FALSE;FALSE;Wooden artefacts;Fishing implement;Bark float;Kaarnakoho;
SA;609010021;Pori;L„hdepuro;6826785;3217872;10;SatM;17399;33;FALSE;FALSE;FALSE;FALSE;FALSE;FALSE;TRUE;FALSE;FALSE;FALSE;FALSE;Wooden artefacts;Fishing implement;Bark float;Kaarnakoho;
SA;609010021;Pori;L„hdepuro;6826785;3217872;10;SatM;17399;34;FALSE;FALSE;FALSE;FALSE;FALSE;FALSE;TRUE;FALSE;FALSE;FALSE;FALSE;Wooden artefacts;Fishing implement;Bark float;Kaarnakoho;
SA;609010021;Pori;L„hdepuro;6826785;3217872;10;SatM;17399;35;FALSE;FALSE;FALSE;FALSE;FALSE;FALSE;TRUE;FALSE;FALSE;FALSE;FALSE;Wooden artefacts;Fishing implement;Bark float;Kaarnakoho;
SA;609010021;Pori;L„hdepuro;6826785;3217872;10;SatM;17399;36;FALSE;FALSE;FALSE;FALSE;FALSE;FALSE;TRUE;FALSE;FALSE;FALSE;FALSE;Wooden artefacts;Fishing implement;Bark float;Kaarnakoho;
SA;609010021;Pori;L„hdepuro;6826785;3217872;10;SatM;17399;37;FALSE;FALSE;FALSE;FALSE;FALSE;FALSE;TRUE;FALSE;FALSE;FALSE;FALSE;Wooden artefacts;Fishing implement;Bark float;Kaarnakoho;
SA;609010021;Pori;L„hdepuro;6826785;3217872;10;SatM;17399;38;FALSE;FALSE;FALSE;FALSE;FALSE;FALSE;TRUE;FALSE;FALSE;FALSE;FALSE;Wooden artefacts;Fishing implement;Bark float;Kaarnakoho;
SA;609010021;Pori;L„hdepuro;6826785;3217872;10;SatM;17399;39;FALSE;FALSE;FALSE;FALSE;FALSE;FALSE;TRUE;FALSE;FALSE;FALSE;FALSE;Wooden artefacts;Fishing implement;Bark float;Kaarnakoho;
SA;609010021;Pori;L„hdepuro;6826785;3217872;10;SatM;17399;40;FALSE;FALSE;FALSE;FALSE;FALSE;FALSE;TRUE;FALSE;FALSE;FALSE;FALSE;Wooden artefacts;Fishing implement;Bark float;Kaarnakoho;
SA;609010021;Pori;L„hdepuro;6826785;3217872;10;SatM;17399;41;FALSE;FALSE;FALSE;FALSE;FALSE;FALSE;TRUE;FALSE;FALSE;FALSE;FALSE;Wooden artefacts;Fishing implement;Bark float;Kaarnakoho;
SA;609010021;Pori;L„hdepuro;6826785;3217872;10;SatM;17399;42;FALSE;FALSE;FALSE;FALSE;FALSE;FALSE;TRUE;FALSE;FALSE;FALSE;FALSE;Wooden artefacts;Fishing implement;Bark float;Kaarnakoho;
SA;609010021;Pori;L„hdepuro;6826785;3217872;10;SatM;17399;43;FALSE;FALSE;FALSE;FALSE;FALSE;FALSE;TRUE;FALSE;FALSE;FALSE;FALSE;Wooden artefacts;Fishing implement;Bark float;Kaarnakoho;
SA;609010021;Pori;L„hdepuro;6826785;3217872;10;SatM;17399;44;FALSE;FALSE;FALSE;FALSE;FALSE;FALSE;TRUE;FALSE;FALSE;FALSE;FALSE;Wooden artefacts;Fishing implement;Bark float;Kaarnakoho;
SA;609010021;Pori;L„hdepuro;6826785;3217872;10;SatM;17399;45;FALSE;FALSE;FALSE;FALSE;FALSE;FALSE;TRUE;FALSE;FALSE;FALSE;FALSE;Wooden artefacts;Fishing implement;Bark float;Kaarnakoho;
SA;609010021;Pori;L„hdepuro;6826785;3217872;10;SatM;17399;46;FALSE;FALSE;FALSE;FALSE;FALSE;FALSE;TRUE;FALSE;FALSE;FALSE;FALSE;Wooden artefacts;Fishing implement;Bark float;Kaarnakoho;
SA;609010021;Pori;L„hdepuro;6826785;3217872;10;SatM;17399;47;FALSE;FALSE;FALSE;FALSE;FALSE;FALSE;TRUE;FALSE;FALSE;FALSE;FALSE;Wooden artefacts;Fishing implement;Bark float;Kaarnakoho;
SA;609010021;Pori;L„hdepuro;6826785;3217872;10;SatM;17399;48;FALSE;FALSE;FALSE;FALSE;FALSE;FALSE;TRUE;FALSE;FALSE;FALSE;FALSE;Wooden artefacts;Fishing implement;Bark float;Kaarnakoho;
SA;609010021;Pori;L„hdepuro;6826785;3217872;10;SatM;17399;49;FALSE;FALSE;FALSE;FALSE;FALSE;FALSE;TRUE;FALSE;FALSE;FALSE;FALSE;Wooden artefacts;Fishing implement;Bark float;Kaarnakoho;
SA;609010021;Pori;L„hdepuro;6826785;3217872;10;SatM;17399;50;FALSE;FALSE;FALSE;FALSE;FALSE;FALSE;TRUE;FALSE;FALSE;FALSE;FALSE;Wooden artefacts;Fishing implement;Bark float;Kaarnakoho;
SA;609010021;Pori;L„hdepuro;6826785;3217872;10;SatM;17399;51;FALSE;FALSE;FALSE;FALSE;FALSE;FALSE;TRUE;FALSE;FALSE;FALSE;FALSE;Wooden artefacts;Fishing implement;Bark float;Kaarnakoho;
SA;609010021;Pori;L„hdepuro;6826785;3217872;10;SatM;17399;52;FALSE;FALSE;FALSE;FALSE;FALSE;FALSE;TRUE;FALSE;FALSE;FALSE;FALSE;Wooden artefacts;Fishing implement;Bark float;Kaarnakoho;
SA;609010021;Pori;L„hdepuro;6826785;3217872;10;SatM;17399;53;FALSE;FALSE;FALSE;FALSE;FALSE;FALSE;TRUE;FALSE;FALSE;FALSE;FALSE;Wooden artefacts;Fishing implement;Bark float;Kaarnakoho;
SA;609010021;Pori;L„hdepuro;6826785;3217872;10;SatM;17399;54;FALSE;FALSE;FALSE;FALSE;FALSE;FALSE;TRUE;FALSE;FALSE;FALSE;FALSE;Wooden artefacts;Fishing implement;Bark float;Kaarnakoho;
SA;609010021;Pori;L„hdepuro;6826785;3217872;10;SatM;17399;55;FALSE;FALSE;FALSE;FALSE;FALSE;FALSE;TRUE;FALSE;FALSE;FALSE;FALSE;Wooden artefacts;Fishing implement;Bark float;Kaarnakoho;
SA;609010021;Pori;L„hdepuro;6826785;3217872;10;SatM;17399;56;FALSE;FALSE;FALSE;FALSE;FALSE;FALSE;TRUE;FALSE;FALSE;FALSE;FALSE;Wooden artefacts;Fishing implement;Bark float;Kaarnakoho;
SA;609010021;Pori;L„hdepuro;6826785;3217872;10;SatM;17399;57;FALSE;FALSE;FALSE;FALSE;FALSE;FALSE;TRUE;FALSE;FALSE;FALSE;FALSE;Wooden artefacts;Fishing implement;Bark float;Kaarnakoho;
SA;609010021;Pori;L„hdepuro;6826785;3217872;10;SatM;17399;58;FALSE;FALSE;FALSE;FALSE;FALSE;FALSE;TRUE;FALSE;FALSE;FALSE;FALSE;Wooden artefacts;Fishing implement;Bark float;Kaarnakoho;
SA;609010021;Pori;L„hdepuro;6826785;3217872;10;SatM;17399;59;FALSE;FALSE;FALSE;FALSE;FALSE;FALSE;TRUE;FALSE;FALSE;FALSE;FALSE;Wooden artefacts;Fishing implement;Bark float;Kaarnakoho;
SA;609010021;Pori;L„hdepuro;6826785;3217872;10;SatM;17399;60;FALSE;FALSE;FALSE;FALSE;FALSE;FALSE;TRUE;FALSE;FALSE;FALSE;FALSE;Wooden artefacts;Fishing implement;Bark float;Kaarnakoho;
SA;609010021;Pori;L„hdepuro;6826785;3217872;10;SatM;17399;61;FALSE;FALSE;FALSE;FALSE;FALSE;FALSE;TRUE;FALSE;FALSE;FALSE;FALSE;Wooden artefacts;Fishing implement;Bark float;Kaarnakoho;
SA;609010021;Pori;L„hdepuro;6826785;3217872;10;SatM;17399;62;FALSE;FALSE;FALSE;FALSE;FALSE;FALSE;TRUE;FALSE;FALSE;FALSE;FALSE;Wooden artefacts;Fishing implement;Bark float;Kaarnakoho;
SA;609010021;Pori;L„hdepuro;6826785;3217872;10;SatM;17399;64;FALSE;FALSE;FALSE;FALSE;FALSE;FALSE;TRUE;FALSE;FALSE;FALSE;FALSE;Wooden artefacts;Fishing implement;Bark float;Kaarnakoho;
SA;609010021;Pori;L„hdepuro;6826785;3217872;10;SatM;17399;65;FALSE;FALSE;FALSE;FALSE;FALSE;FALSE;TRUE;FALSE;FALSE;FALSE;FALSE;Wooden artefacts;Fishing implement;Bark float;Kaarnakoho;
SA;609010021;Pori;L„hdepuro;6826785;3217872;10;SatM;17399;66;FALSE;FALSE;FALSE;FALSE;FALSE;FALSE;TRUE;FALSE;FALSE;FALSE;FALSE;Wooden artefacts;Fishing implement;Bark float;Kaarnakoho;
SA;609010021;Pori;L„hdepuro;6826785;3217872;10;SatM;17399;67;FALSE;FALSE;FALSE;FALSE;FALSE;FALSE;TRUE;FALSE;FALSE;FALSE;FALSE;Wooden artefacts;Fishing implement;Bark float;Kaarnakoho;
SA;609010021;Pori;L„hdepuro;6826785;3217872;10;SatM;17399;69;FALSE;FALSE;FALSE;FALSE;FALSE;FALSE;TRUE;FALSE;FALSE;FALSE;FALSE;Wooden artefacts;Fishing implement;Bark float;Kaarnakoho;
SA;609010021;Pori;L„hdepuro;6826785;3217872;10;SatM;17399;70;FALSE;FALSE;FALSE;FALSE;FALSE;FALSE;TRUE;FALSE;FALSE;FALSE;FALSE;Wooden artefacts;Fishing implement;Bark float;Kaarnakoho;
SA;609010021;Pori;L„hdepuro;6826785;3217872;10;SatM;17399;71;FALSE;FALSE;FALSE;FALSE;FALSE;FALSE;TRUE;FALSE;FALSE;FALSE;FALSE;Wooden artefacts;Fishing implement;Bark float;Kaarnakoho;
SA;609010021;Pori;L„hdepuro;6826785;3217872;10;SatM;17399;72;FALSE;FALSE;FALSE;FALSE;FALSE;FALSE;TRUE;FALSE;FALSE;FALSE;FALSE;Wooden artefacts;Fishing implement;Bark float;Kaarnakoho;
SA;609010021;Pori;L„hdepuro;6826785;3217872;10;SatM;17399;73;FALSE;FALSE;FALSE;FALSE;FALSE;FALSE;TRUE;FALSE;FALSE;FALSE;FALSE;Wooden artefacts;Fishing implement;Bark float;Kaarnakoho;
SA;609010021;Pori;L„hdepuro;6826785;3217872;10;SatM;17399;74;FALSE;FALSE;FALSE;FALSE;FALSE;FALSE;TRUE;FALSE;FALSE;FALSE;FALSE;Wooden artefacts;Fishing implement;Bark float;Kaarnakoho;
SA;609010021;Pori;L„hdepuro;6826785;3217872;10;SatM;17399;75;FALSE;FALSE;FALSE;FALSE;FALSE;FALSE;TRUE;FALSE;FALSE;FALSE;FALSE;Wooden artefacts;Fishing implement;Bark float;Kaarnakoho;
SA;609010021;Pori;L„hdepuro;6826785;3217872;10;SatM;17399;76;FALSE;FALSE;FALSE;FALSE;FALSE;FALSE;TRUE;FALSE;FALSE;FALSE;FALSE;Wooden artefacts;Fishing implement;Bark float;Kaarnakoho;
SA;609010021;Pori;L„hdepuro;6826785;3217872;10;SatM;17399;77;FALSE;FALSE;FALSE;FALSE;FALSE;FALSE;TRUE;FALSE;FALSE;FALSE;FALSE;Wooden artefacts;Fishing implement;Bark float;Kaarnakoho;
SA;609010021;Pori;L„hdepuro;6826785;3217872;10;SatM;17399;78;FALSE;FALSE;FALSE;FALSE;FALSE;FALSE;TRUE;FALSE;FALSE;FALSE;FALSE;Wooden artefacts;Fishing implement;Bark float;Kaarnakoho;
SA;609010021;Pori;L„hdepuro;6826785;3217872;10;SatM;17399;79;FALSE;FALSE;FALSE;FALSE;FALSE;FALSE;TRUE;FALSE;FALSE;FALSE;FALSE;Wooden artefacts;Fishing implement;Bark float;Kaarnakoho;
SA;609010021;Pori;L„hdepuro;6826785;3217872;10;SatM;17399;80;FALSE;FALSE;FALSE;FALSE;FALSE;FALSE;TRUE;FALSE;FALSE;FALSE;FALSE;Wooden artefacts;Fishing implement;Bark float;Kaarnakoho;
SA;609010021;Pori;L„hdepuro;6826785;3217872;10;SatM;17399;81;FALSE;FALSE;FALSE;FALSE;FALSE;FALSE;TRUE;FALSE;FALSE;FALSE;FALSE;Wooden artefacts;Fishing implement;Bark float;Kaarnakoho;
SA;609010021;Pori;L„hdepuro;6826785;3217872;10;SatM;17399;82;FALSE;FALSE;FALSE;FALSE;FALSE;FALSE;TRUE;FALSE;FALSE;FALSE;FALSE;Wooden artefacts;Fishing implement;Bark float;Kaarnakoho;
SA;609010021;Pori;L„hdepuro;6826785;3217872;10;SatM;17399;83;FALSE;FALSE;FALSE;FALSE;FALSE;FALSE;TRUE;FALSE;FALSE;FALSE;FALSE;Wooden artefacts;Fishing implement;Bark float;Kaarnakoho;
SA;609010021;Pori;L„hdepuro;6826785;3217872;10;SatM;17399;84;FALSE;FALSE;FALSE;FALSE;FALSE;FALSE;TRUE;FALSE;FALSE;FALSE;FALSE;Wooden artefacts;Fishing implement;Bark float;Kaarnakoho;
SA;609010021;Pori;L„hdepuro;6826785;3217872;10;SatM;17399;85;FALSE;FALSE;FALSE;FALSE;FALSE;FALSE;TRUE;FALSE;FALSE;FALSE;FALSE;Wooden artefacts;Fishing implement;Bark float;Kaarnakoho;
SA;609010021;Pori;L„hdepuro;6826785;3217872;10;SatM;17399;86;FALSE;FALSE;FALSE;FALSE;FALSE;FALSE;TRUE;FALSE;FALSE;FALSE;FALSE;Wooden artefacts;Fishing implement;Bark float;Kaarnakoho;
SA;609010021;Pori;L„hdepuro;6826785;3217872;10;SatM;17399;87;FALSE;FALSE;FALSE;FALSE;FALSE;FALSE;TRUE;FALSE;FALSE;FALSE;FALSE;Wooden artefacts;Fishing implement;Bark float;Kaarnakoho;
SA;609010021;Pori;L„hdepuro;6826785;3217872;10;SatM;17399;88;FALSE;FALSE;FALSE;FALSE;FALSE;FALSE;TRUE;FALSE;FALSE;FALSE;FALSE;Wooden artefacts;Fishing implement;Bark float;Kaarnakoho;
SA;609010021;Pori;L„hdepuro;6826785;3217872;10;SatM;17399;89;FALSE;FALSE;FALSE;FALSE;FALSE;FALSE;TRUE;FALSE;FALSE;FALSE;FALSE;Wooden artefacts;Fishing implement;Bark float;Kaarnakoho;
SA;609010021;Pori;L„hdepuro;6826785;3217872;10;SatM;17399;90;FALSE;FALSE;FALSE;FALSE;FALSE;FALSE;TRUE;FALSE;FALSE;FALSE;FALSE;Wooden artefacts;Fishing implement;Bark float;Kaarnakoho;
SA;609010021;Pori;L„hdepuro;6826785;3217872;10;SatM;17399;91;FALSE;FALSE;FALSE;FALSE;FALSE;FALSE;TRUE;FALSE;FALSE;FALSE;FALSE;Wooden artefacts;Fishing implement;Bark float;Kaarnakoho;
SA;609010021;Pori;L„hdepuro;6826785;3217872;10;SatM;17399;92;FALSE;FALSE;FALSE;FALSE;FALSE;FALSE;TRUE;FALSE;FALSE;FALSE;FALSE;Wooden artefacts;Fishing implement;Bark float;Kaarnakoho;
SA;609010021;Pori;L„hdepuro;6826785;3217872;10;SatM;17399;93;FALSE;FALSE;FALSE;FALSE;FALSE;FALSE;TRUE;FALSE;FALSE;FALSE;FALSE;Wooden artefacts;Fishing implement;Bark float;Kaarnakoho;
SA;609010021;Pori;L„hdepuro;6826785;3217872;10;SatM;17399;94;FALSE;FALSE;FALSE;FALSE;FALSE;FALSE;TRUE;FALSE;FALSE;FALSE;FALSE;Wooden artefacts;Fishing implement;Bark float;Kaarnakoho;
SA;609010021;Pori;L„hdepuro;6826785;3217872;10;SatM;17399;95;FALSE;FALSE;FALSE;FALSE;FALSE;FALSE;TRUE;FALSE;FALSE;FALSE;FALSE;Wooden artefacts;Fishing implement;Bark float;Kaarnakoho;
SA;609010021;Pori;L„hdepuro;6826785;3217872;10;SatM;17399;96;FALSE;FALSE;FALSE;FALSE;FALSE;FALSE;TRUE;FALSE;FALSE;FALSE;FALSE;Wooden artefacts;Fishing implement;Bark float;Kaarnakoho;
SA;609010021;Pori;L„hdepuro;6826785;3217872;10;SatM;17399;97;FALSE;FALSE;FALSE;FALSE;FALSE;FALSE;TRUE;FALSE;FALSE;FALSE;FALSE;Wooden artefacts;Fishing implement;Bark float;Kaarnakoho;
SA;609010021;Pori;L„hdepuro;6826785;3217872;10;SatM;17399;98;FALSE;FALSE;FALSE;FALSE;FALSE;FALSE;TRUE;FALSE;FALSE;FALSE;FALSE;Wooden artefacts;Fishing implement;Bark float;Kaarnakoho;
SA;609010021;Pori;L„hdepuro;6826785;3217872;10;SatM;17399;99;FALSE;FALSE;FALSE;FALSE;FALSE;FALSE;TRUE;FALSE;FALSE;FALSE;FALSE;Wooden artefacts;Fishing implement;Bark float;Kaarnakoho;
SA;609010021;Pori;L„hdepuro;6826785;3217872;10;SatM;17399;100;FALSE;FALSE;FALSE;FALSE;FALSE;FALSE;TRUE;FALSE;FALSE;FALSE;FALSE;Wooden artefacts;Fishing implement;Bark float;Kaarnakoho;
SA;609010021;Pori;L„hdepuro;6826785;3217872;10;SatM;17399;101;FALSE;FALSE;FALSE;FALSE;FALSE;FALSE;TRUE;FALSE;FALSE;FALSE;FALSE;Wooden artefacts;Fishing implement;Bark float;Kaarnakoho;
SA;609010021;Pori;L„hdepuro;6826785;3217872;10;SatM;17399;102;FALSE;FALSE;FALSE;FALSE;FALSE;FALSE;TRUE;FALSE;FALSE;FALSE;FALSE;Wooden artefacts;Fishing implement;Bark float;Kaarnakoho;
SA;609010021;Pori;L„hdepuro;6826785;3217872;10;SatM;17399;103;FALSE;FALSE;FALSE;FALSE;FALSE;FALSE;TRUE;FALSE;FALSE;FALSE;FALSE;Wooden artefacts;Fishing implement;Bark float;Kaarnakoho;
SA;609010021;Pori;L„hdepuro;6826785;3217872;10;SatM;17399;104;FALSE;FALSE;FALSE;FALSE;FALSE;FALSE;TRUE;FALSE;FALSE;FALSE;FALSE;Wooden artefacts;Fishing implement;Bark float;Kaarnakoho;
SA;609010021;Pori;L„hdepuro;6826785;3217872;10;SatM;17399;105;FALSE;FALSE;FALSE;FALSE;FALSE;FALSE;TRUE;FALSE;FALSE;FALSE;FALSE;Wooden artefacts;Fishing implement;Bark float;Kaarnakoho;
SA;609010021;Pori;L„hdepuro;6826785;3217872;10;SatM;17399;106;FALSE;FALSE;FALSE;FALSE;FALSE;FALSE;TRUE;FALSE;FALSE;FALSE;FALSE;Wooden artefacts;Fishing implement;Bark float;Kaarnakoho;
SA;609010021;Pori;L„hdepuro;6826785;3217872;10;SatM;17399;107;FALSE;FALSE;FALSE;FALSE;FALSE;FALSE;TRUE;FALSE;FALSE;FALSE;FALSE;Wooden artefacts;Fishing implement;Bark float;Kaarnakoho;
SA;609010021;Pori;L„hdepuro;6826785;3217872;10;SatM;17399;108;FALSE;FALSE;FALSE;FALSE;FALSE;FALSE;TRUE;FALSE;FALSE;FALSE;FALSE;Wooden artefacts;Fishing implement;Bark float;Kaarnakoho;
SA;609010021;Pori;L„hdepuro;6826785;3217872;10;SatM;17399;109;FALSE;FALSE;FALSE;FALSE;FALSE;FALSE;TRUE;FALSE;FALSE;FALSE;FALSE;Wooden artefacts;Fishing implement;Bark float;Kaarnakoho;
SA;609010021;Pori;L„hdepuro;6826785;3217872;10;SatM;17399;110;FALSE;FALSE;FALSE;FALSE;FALSE;FALSE;TRUE;FALSE;FALSE;FALSE;FALSE;Wooden artefacts;Fishing implement;Bark float;Kaarnakoho;
SA;609010021;Pori;L„hdepuro;6826785;3217872;10;SatM;17399;112;FALSE;FALSE;FALSE;FALSE;FALSE;FALSE;TRUE;FALSE;FALSE;FALSE;FALSE;Wooden artefacts;Fishing implement;Bark float;Kaarnakoho;
SA;609010021;Pori;L„hdepuro;6826785;3217872;10;SatM;17400;;FALSE;FALSE;FALSE;FALSE;FALSE;FALSE;TRUE;FALSE;FALSE;FALSE;FALSE;Wooden artefacts;Fishing implement;Bark float;Kaarnakoho;
SA;uusi 8103;Pori;Koivistonluoto;6828671;3226870;;SatM;17457;1;FALSE;FALSE;FALSE;FALSE;FALSE;FALSE;FALSE;FALSE;FALSE;FALSE;FALSE;Wooden artefacts;Sledge runner;Sledge runner;Reenjalas;
SA;uusi 8144;Pori;Myllypuron tila;6841148;3237537;;SatM;18464;;FALSE;FALSE;FALSE;FALSE;FALSE;FALSE;FALSE;FALSE;FALSE;FALSE;FALSE;Wooden artefacts;Sledge runner;Sledge runner;Reenjalas;
SA;uusi 8244;Kankaanp„„;Puuojankeidas;6887654;3257572;;SatM;19803;;FALSE;FALSE;FALSE;FALSE;FALSE;FALSE;FALSE;FALSE;FALSE;FALSE;FALSE;Wooden artefacts;Ski;Ski;Suksi;
